ISO-10303-21;
HEADER;
/* Generated by software containing ST-Developer
 * from STEP Tools, Inc. (www.steptools.com) 
 */

FILE_DESCRIPTION(
/* description */ (''),
/* implementation_level */ '2;1');

FILE_NAME(
/* name */ 'K3 Bambu Nozzle Wiper.step',
/* time_stamp */ '2024-07-13T19:20:46+01:00',
/* author */ (''),
/* organization */ (''),
/* preprocessor_version */ 'ST-DEVELOPER v20',
/* originating_system */ 'Autodesk Translation Framework v13.14.0.145',

/* authorisation */ '');

FILE_SCHEMA (('AUTOMOTIVE_DESIGN { 1 0 10303 214 3 1 1 }'));
ENDSEC;

DATA;
#10=MECHANICAL_DESIGN_GEOMETRIC_PRESENTATION_REPRESENTATION('',(#32,#33,
#34),#3557);
#11=CONTEXT_DEPENDENT_OVER_RIDING_STYLED_ITEM('',(#3598),#3576,#34,(#1593));
#12=MAPPED_ITEM('',#13,#1800);
#13=REPRESENTATION_MAP(#1800,#3573);
#14=SHAPE_REPRESENTATION_RELATIONSHIP('SRR','None',#3576,#15);
#15=ADVANCED_BREP_SHAPE_REPRESENTATION('',(#16),#3556);
#16=MANIFOLD_SOLID_BREP('Body2',#1587);
#17=(
BOUNDED_CURVE()
B_SPLINE_CURVE(2,(#3067,#3068,#3069),.UNSPECIFIED.,.F.,.F.)
B_SPLINE_CURVE_WITH_KNOTS((3,3),(0.205848221738146,0.547956127035053),
 .UNSPECIFIED.)
CURVE()
GEOMETRIC_REPRESENTATION_ITEM()
RATIONAL_B_SPLINE_CURVE((1.02015545100806,1.02682649191486,1.00000088502779))
REPRESENTATION_ITEM('')
);
#18=(
BOUNDED_CURVE()
B_SPLINE_CURVE(2,(#3072,#3073,#3074),.UNSPECIFIED.,.F.,.F.)
B_SPLINE_CURVE_WITH_KNOTS((3,3),(0.820985519762317,1.13968466643587),
 .UNSPECIFIED.)
CURVE()
GEOMETRIC_REPRESENTATION_ITEM()
RATIONAL_B_SPLINE_CURVE((1.29801973648324,1.28853006043465,1.22676351852402))
REPRESENTATION_ITEM('')
);
#19=CONICAL_SURFACE('',#1719,2.3,0.785398163397448);
#20=CONICAL_SURFACE('',#1721,2.3,0.78539816339745);
#21=CONICAL_SURFACE('',#1731,1.80000000000003,0.785398163397448);
#22=CONICAL_SURFACE('',#1739,1.80000000000003,0.785398163397441);
#23=CONICAL_SURFACE('',#1772,5.3,0.78539816339745);
#24=CONICAL_SURFACE('',#1773,3.8,0.785398163397448);
#25=CONICAL_SURFACE('',#1774,2.3,0.785398163397447);
#26=CONICAL_SURFACE('',#1776,1.7,0.78539816339745);
#27=CONICAL_SURFACE('',#1779,5.3,0.785398163397451);
#28=CONICAL_SURFACE('',#1780,3.8,0.78539816339745);
#29=CONICAL_SURFACE('',#1781,2.3,0.78539816339745);
#30=CONICAL_SURFACE('',#1783,1.7,0.78539816339745);
#31=CONICAL_SURFACE('',#1785,4.4,0.785398163397449);
#32=STYLED_ITEM('',(#3598),#1513);
#33=STYLED_ITEM('',(#3598),#16);
#34=STYLED_ITEM('',(#3600),#12);
#35=TOROIDAL_SURFACE('',#1687,4.3,0.3);
#36=TOROIDAL_SURFACE('',#1704,3.3,0.3);
#37=TOROIDAL_SURFACE('',#1710,3.5,0.3);
#38=TOROIDAL_SURFACE('',#1714,4.3,0.3);
#39=TOROIDAL_SURFACE('',#1718,3.5,0.3);
#40=TOROIDAL_SURFACE('',#1727,4.2,0.2);
#41=TOROIDAL_SURFACE('',#1755,10.2284271247462,2.);
#42=TOROIDAL_SURFACE('',#1787,6.4,2.);
#43=ELLIPSE('',#1674,5.87281874401041,3.99999999999995);
#44=ELLIPSE('',#1675,5.8728187440104,3.99999999999999);
#45=ELLIPSE('',#1691,0.391622186799796,0.3);
#46=ELLIPSE('',#1735,1.70603812096861,1.69649211142906);
#47=B_SPLINE_SURFACE_WITH_KNOTS('',3,3,((#2400,#2401,#2402,#2403,#2404,
#2405),(#2406,#2407,#2408,#2409,#2410,#2411),(#2412,#2413,#2414,#2415,#2416,
#2417),(#2418,#2419,#2420,#2421,#2422,#2423),(#2424,#2425,#2426,#2427,#2428,
#2429)),.UNSPECIFIED.,.F.,.F.,.F.,(4,1,4),(4,1,1,4),(0.,0.5,1.),(-1.00520443004762E-14,
0.44879895051282,0.897597901025651,1.5707963267949),.UNSPECIFIED.);
#48=B_SPLINE_SURFACE_WITH_KNOTS('',3,3,((#2468,#2469,#2470,#2471,#2472,
#2473,#2474,#2475,#2476,#2477),(#2478,#2479,#2480,#2481,#2482,#2483,#2484,
#2485,#2486,#2487),(#2488,#2489,#2490,#2491,#2492,#2493,#2494,#2495,#2496,
#2497),(#2498,#2499,#2500,#2501,#2502,#2503,#2504,#2505,#2506,#2507)),
 .UNSPECIFIED.,.F.,.F.,.F.,(4,4),(4,2,1,1,1,1,4),(0.,1.),(-0.00109014012806939,
0.,0.134622689355271,0.269245378710543,0.403868068065814,0.538490757421086,
0.673113446776357),.UNSPECIFIED.);
#49=B_SPLINE_SURFACE_WITH_KNOTS('',3,3,((#2562,#2563,#2564,#2565,#2566,
#2567),(#2568,#2569,#2570,#2571,#2572,#2573),(#2574,#2575,#2576,#2577,#2578,
#2579),(#2580,#2581,#2582,#2583,#2584,#2585)),.UNSPECIFIED.,.F.,.F.,.F.,
(4,4),(4,2,4),(0.,1.),(-0.000426058554537907,0.,0.0625831019779282),
 .UNSPECIFIED.);
#50=B_SPLINE_SURFACE_WITH_KNOTS('',3,3,((#2601,#2602,#2603,#2604,#2605,
#2606,#2607,#2608,#2609,#2610,#2611),(#2612,#2613,#2614,#2615,#2616,#2617,
#2618,#2619,#2620,#2621,#2622),(#2623,#2624,#2625,#2626,#2627,#2628,#2629,
#2630,#2631,#2632,#2633),(#2634,#2635,#2636,#2637,#2638,#2639,#2640,#2641,
#2642,#2643,#2644),(#2645,#2646,#2647,#2648,#2649,#2650,#2651,#2652,#2653,
#2654,#2655),(#2656,#2657,#2658,#2659,#2660,#2661,#2662,#2663,#2664,#2665,
#2666),(#2667,#2668,#2669,#2670,#2671,#2672,#2673,#2674,#2675,#2676,#2677)),
 .UNSPECIFIED.,.F.,.F.,.F.,(4,1,1,1,4),(4,1,1,1,1,1,1,1,4),(0.,0.285714285714286,
0.571428571428571,0.857142857142857,1.),(0.,0.0131966344966652,0.0263932689933303,
0.0527865379866606,0.0659831724833258,0.0791798069799909,0.131966344966652,
0.145162979463317,0.184752882953312),.UNSPECIFIED.);
#51=B_SPLINE_SURFACE_WITH_KNOTS('',3,3,((#2784,#2785,#2786,#2787,#2788),
(#2789,#2790,#2791,#2792,#2793),(#2794,#2795,#2796,#2797,#2798),(#2799,
#2800,#2801,#2802,#2803),(#2804,#2805,#2806,#2807,#2808),(#2809,#2810,#2811,
#2812,#2813),(#2814,#2815,#2816,#2817,#2818)),.UNSPECIFIED.,.F.,.F.,.F.,
(4,1,1,1,4),(4,1,4),(0.,0.285714285714286,0.571428571428571,0.857142857142857,
1.),(0.00247957901659201,0.0779256229443032,0.134510155890087),
 .UNSPECIFIED.);
#52=B_SPLINE_SURFACE_WITH_KNOTS('',3,3,((#2830,#2831,#2832,#2833),(#2834,
#2835,#2836,#2837),(#2838,#2839,#2840,#2841),(#2842,#2843,#2844,#2845),
(#2846,#2847,#2848,#2849),(#2850,#2851,#2852,#2853)),.UNSPECIFIED.,.F.,
 .F.,.F.,(4,1,1,4),(4,4),(0.,0.285714285714286,0.571428571428571,1.),(0.146334364731326,
0.148813653059308),.UNSPECIFIED.);
#53=B_SPLINE_SURFACE_WITH_KNOTS('',3,3,((#2865,#2866,#2867,#2868),(#2869,
#2870,#2871,#2872),(#2873,#2874,#2875,#2876),(#2877,#2878,#2879,#2880),
(#2881,#2882,#2883,#2884),(#2885,#2886,#2887,#2888)),.UNSPECIFIED.,.F.,
 .F.,.F.,(4,1,1,4),(4,4),(0.,0.412479397951072,0.687465663251786,0.962451928552501),
(0.597477636484229,0.684627094569766),.UNSPECIFIED.);
#54=B_SPLINE_SURFACE_WITH_KNOTS('',1,3,((#3239,#3240,#3241,#3242,#3243,
#3244,#3245,#3246,#3247,#3248,#3249,#3250,#3251,#3252,#3253,#3254,#3255,
#3256,#3257,#3258,#3259,#3260,#3261,#3262,#3263,#3264),(#3265,#3266,#3267,
#3268,#3269,#3270,#3271,#3272,#3273,#3274,#3275,#3276,#3277,#3278,#3279,
#3280,#3281,#3282,#3283,#3284,#3285,#3286,#3287,#3288,#3289,#3290)),
 .UNSPECIFIED.,.F.,.F.,.F.,(2,2),(4,2,2,2,2,2,2,2,2,2,2,2,4),(0.,1.),(0.,
8.32929202745025E-5,0.000166585840549005,0.000249878760823507,0.00033317168109801,
0.000499757521647015,0.000583050441921517,0.00066634336219602,0.000749636282470522,
0.000832929202745025,0.000999515043294029,0.00116610088384303,0.00133268672439204),
 .UNSPECIFIED.);
#55=B_SPLINE_SURFACE_WITH_KNOTS('',1,3,((#3292,#3293,#3294,#3295),(#3296,
#3297,#3298,#3299)),.UNSPECIFIED.,.F.,.F.,.F.,(2,2),(4,4),(0.,1.0000052032111),
(0.,0.00392444070044641),.UNSPECIFIED.);
#56=B_SPLINE_SURFACE_WITH_KNOTS('',1,3,((#3308,#3309,#3310,#3311,#3312,
#3313),(#3314,#3315,#3316,#3317,#3318,#3319)),.UNSPECIFIED.,.F.,.F.,.F.,
(2,2),(4,2,4),(-6.91161010438781E-6,1.00000623156945),(0.,0.000768762455975836,
0.00153752491195167),.UNSPECIFIED.);
#57=B_SPLINE_SURFACE_WITH_KNOTS('',1,3,((#3328,#3329,#3330,#3331,#3332,
#3333,#3334,#3335,#3336,#3337,#3338,#3339,#3340,#3341,#3342,#3343,#3344,
#3345,#3346,#3347,#3348,#3349,#3350,#3351,#3352,#3353),(#3354,#3355,#3356,
#3357,#3358,#3359,#3360,#3361,#3362,#3363,#3364,#3365,#3366,#3367,#3368,
#3369,#3370,#3371,#3372,#3373,#3374,#3375,#3376,#3377,#3378,#3379)),
 .UNSPECIFIED.,.F.,.F.,.F.,(2,2),(4,2,2,2,2,2,2,2,2,2,2,2,4),(0.,1.),(0.,
0.000169739371398356,0.000254609057097534,0.000339478742796713,0.00042434842849589,
0.000509218114195068,0.000678957485593425,0.000763827171292603,0.000848696856991781,
0.000933566542690959,0.00101843622839014,0.00118817559978849,0.00135791497118685),
 .UNSPECIFIED.);
#58=B_SPLINE_SURFACE_WITH_KNOTS('',1,3,((#3432,#3433,#3434,#3435,#3436,
#3437,#3438,#3439,#3440,#3441,#3442,#3443,#3444,#3445,#3446,#3447,#3448,
#3449,#3450,#3451,#3452,#3453,#3454,#3455,#3456,#3457,#3458,#3459,#3460,
#3461,#3462,#3463,#3464,#3465,#3466,#3467),(#3468,#3469,#3470,#3471,#3472,
#3473,#3474,#3475,#3476,#3477,#3478,#3479,#3480,#3481,#3482,#3483,#3484,
#3485,#3486,#3487,#3488,#3489,#3490,#3491,#3492,#3493,#3494,#3495,#3496,
#3497,#3498,#3499,#3500,#3501,#3502,#3503)),.UNSPECIFIED.,.F.,.F.,.F.,(2,
2),(4,2,2,2,2,2,2,2,2,2,2,2,2,2,2,2,2,4),(0.,1.),(0.,0.000113022256890338,
0.000169533385335507,0.000226044513780676,0.000282555642225845,0.000339066770671014,
0.000395577899116183,0.000452089027561352,0.000508600156006521,0.00056511128445169,
0.000621622412896859,0.000649877977119443,0.000678133541342027,0.000734644669787196,
0.000791155798232365,0.00081941136245495,0.000847666926677534,0.000904178055122703),
 .UNSPECIFIED.);
#59=FACE_BOUND('',#239,.T.);
#60=FACE_BOUND('',#277,.T.);
#61=FACE_BOUND('',#278,.T.);
#62=FACE_BOUND('',#292,.T.);
#63=FACE_BOUND('',#293,.T.);
#64=B_SPLINE_CURVE_WITH_KNOTS('',3,(#2349,#2350,#2351,#2352,#2353,#2354),
 .UNSPECIFIED.,.F.,.F.,(4,2,4),(-0.000426058554537907,0.,0.0625831019779282),
 .UNSPECIFIED.);
#65=B_SPLINE_CURVE_WITH_KNOTS('',3,(#2447,#2448,#2449,#2450,#2451,#2452,
#2453,#2454,#2455,#2456),.UNSPECIFIED.,.F.,.F.,(4,2,1,1,1,1,4),(-0.00109014012806939,
0.,0.134622689355271,0.269245378710543,0.403868068065814,0.538490757421086,
0.673113446776357),.UNSPECIFIED.);
#66=B_SPLINE_CURVE_WITH_KNOTS('',3,(#2510,#2511,#2512,#2513,#2514,#2515,
#2516,#2517,#2518,#2519),.UNSPECIFIED.,.F.,.F.,(4,1,1,1,1,2,4),(-0.673113446776357,
-0.538490757421086,-0.403868068065814,-0.269245378710543,-0.134622689355271,
0.,0.00109014012806939),.UNSPECIFIED.);
#67=B_SPLINE_CURVE_WITH_KNOTS('',3,(#2588,#2589,#2590,#2591,#2592,#2593),
 .UNSPECIFIED.,.F.,.F.,(4,2,4),(-0.0625831019779282,0.,0.000426058554537907),
 .UNSPECIFIED.);
#68=B_SPLINE_CURVE_WITH_KNOTS('',3,(#2679,#2680,#2681,#2682,#2683,#2684,
#2685,#2686,#2687,#2688,#2689),.UNSPECIFIED.,.F.,.F.,(4,1,1,1,1,1,1,1,4),
(-0.184752882953312,-0.145162979463317,-0.131966344966652,-0.0791798069799909,
-0.0659831724833258,-0.0527865379866606,-0.0263932689933303,-0.0131966344966652,
0.),.UNSPECIFIED.);
#69=B_SPLINE_CURVE_WITH_KNOTS('',3,(#2692,#2693,#2694,#2695,#2696,#2697,
#2698,#2699,#2700),.UNSPECIFIED.,.F.,.F.,(4,1,1,1,1,1,4),(0.,0.0131966344966652,
0.0263932689933303,0.0527865379866606,0.0659831724833258,0.0791798069799909,
0.121625158906039),.UNSPECIFIED.);
#70=B_SPLINE_CURVE_WITH_KNOTS('',3,(#2705,#2706,#2707,#2708,#2709),
 .UNSPECIFIED.,.F.,.F.,(4,1,4),(-0.134510155890087,-0.0779256229443032,
-0.00247957901659201),.UNSPECIFIED.);
#71=B_SPLINE_CURVE_WITH_KNOTS('',3,(#2714,#2715,#2716,#2717,#2718,#2719,
#2720,#2721,#2722,#2723,#2724,#2725,#2726,#2727,#2728,#2729,#2730,#2731,
#2732,#2733,#2734,#2735,#2736,#2737,#2738,#2739),.UNSPECIFIED.,.F.,.F.,
(4,2,2,2,2,2,2,2,2,2,2,2,4),(0.218244830929168,0.237217473093497,0.255656594914912,
0.269762807090332,0.275097759898609,0.278626584056022,0.281758638848992,
0.285347716050172,0.290808626749081,0.299938415958899,0.312216091009671,
0.321808416598371,0.325732163548258),.UNSPECIFIED.);
#72=B_SPLINE_CURVE_WITH_KNOTS('',3,(#2750,#2751,#2752,#2753,#2754,#2755,
#2756,#2757,#2758,#2759,#2760,#2761,#2762,#2763,#2764,#2765,#2766,#2767,
#2768,#2769,#2770,#2771,#2772,#2773,#2774,#2775),.UNSPECIFIED.,.F.,.F.,
(4,2,2,2,2,2,2,2,2,2,2,2,4),(0.107481213509961,0.112542072773748,0.122373018506933,
0.135116939272405,0.144426888283082,0.150097305270806,0.153947226754622,
0.157428444548509,0.161454520812518,0.167833797208343,0.181460128569208,
0.199820149702785,0.218207990010492),.UNSPECIFIED.);
#73=B_SPLINE_CURVE_WITH_KNOTS('',3,(#2822,#2823,#2824,#2825,#2826),
 .UNSPECIFIED.,.F.,.F.,(4,1,4),(0.00247957901659201,0.0779256229443032,
0.134510155890087),.UNSPECIFIED.);
#74=B_SPLINE_CURVE_WITH_KNOTS('',3,(#2855,#2856,#2857,#2858),
 .UNSPECIFIED.,.F.,.F.,(4,4),(0.,0.00389679075619168),.UNSPECIFIED.);
#75=B_SPLINE_CURVE_WITH_KNOTS('',3,(#2861,#2862,#2863,#2864),
 .UNSPECIFIED.,.F.,.F.,(4,4),(0.146334364731326,0.148813653059308),
 .UNSPECIFIED.);
#76=B_SPLINE_CURVE_WITH_KNOTS('',3,(#2890,#2891,#2892,#2893,#2894,#2895,
#2896,#2897,#2898,#2899,#2900,#2901,#2902,#2903,#2904,#2905,#2906,#2907,
#2908,#2909,#2910,#2911,#2912,#2913,#2914,#2915,#2916,#2917,#2918,#2919,
#2920,#2921,#2922,#2923,#2924,#2925,#2926,#2927,#2928,#2929,#2930,#2931,
#2932,#2933,#2934,#2935),.UNSPECIFIED.,.F.,.F.,(4,3,3,3,3,3,3,3,3,3,3,3,
3,3,3,4),(0.,0.0086505750564053,0.0173704783395791,0.0211657067561738,0.0293373598572785,
0.0379827848496709,0.0465909920349848,0.0509244745572764,0.0584577196921627,
0.0668742640489724,0.0754000080091972,0.0762795282203092,0.0827512052315895,
0.0882558651724478,0.0936954621598958,0.0989764904409781),.UNSPECIFIED.);
#77=B_SPLINE_CURVE_WITH_KNOTS('',3,(#2936,#2937,#2938,#2939),
 .UNSPECIFIED.,.F.,.F.,(4,4),(0.597477636484229,0.684627094569766),
 .UNSPECIFIED.);
#78=B_SPLINE_CURVE_WITH_KNOTS('',3,(#2943,#2944,#2945,#2946,#2947,#2948,
#2949,#2950,#2951,#2952,#2953,#2954,#2955,#2956,#2957,#2958,#2959,#2960,
#2961,#2962,#2963,#2964,#2965,#2966,#2967,#2968,#2969,#2970,#2971,#2972,
#2973,#2974,#2975,#2976,#2977,#2978),.UNSPECIFIED.,.F.,.F.,(4,2,2,2,2,2,
2,2,2,2,2,2,2,2,2,2,2,4),(-1.,-0.9375,-0.90625,-0.875,-0.8125,-0.75,-0.71875,
-0.687500000000001,-0.625000000000001,-0.562500000000001,-0.500000000000001,
-0.4375,-0.375,-0.3125,-0.25,-0.1875,-0.125,0.),.UNSPECIFIED.);
#79=B_SPLINE_CURVE_WITH_KNOTS('',3,(#2998,#2999,#3000,#3001),
 .UNSPECIFIED.,.F.,.F.,(4,4),(-1.,0.),.UNSPECIFIED.);
#80=B_SPLINE_CURVE_WITH_KNOTS('',3,(#3060,#3061,#3062,#3063,#3064,#3065),
 .UNSPECIFIED.,.F.,.F.,(4,2,4),(0.743897778596768,0.818250801425101,0.893332363930942),
 .UNSPECIFIED.);
#81=B_SPLINE_CURVE_WITH_KNOTS('',3,(#3077,#3078,#3079,#3080,#3081,#3082,
#3083,#3084,#3085,#3086,#3087,#3088,#3089,#3090,#3091,#3092,#3093,#3094,
#3095,#3096,#3097,#3098,#3099,#3100,#3101,#3102),.UNSPECIFIED.,.F.,.F.,
(4,2,2,2,2,2,2,2,2,2,2,2,4),(-1.,-0.874999999999999,-0.749999999999999,
-0.625,-0.5625,-0.5,-0.4375,-0.375,-0.25,-0.1875,-0.125,-0.0625,0.),
 .UNSPECIFIED.);
#82=B_SPLINE_CURVE_WITH_KNOTS('',3,(#3141,#3142,#3143,#3144,#3145,#3146,
#3147,#3148,#3149,#3150,#3151,#3152,#3153,#3154,#3155,#3156,#3157,#3158,
#3159,#3160,#3161,#3162,#3163,#3164,#3165,#3166,#3167,#3168,#3169,#3170,
#3171,#3172,#3173,#3174,#3175,#3176,#3177,#3178,#3179,#3180,#3181,#3182,
#3183,#3184,#3185,#3186,#3187,#3188,#3189,#3190,#3191,#3192),
 .UNSPECIFIED.,.F.,.F.,(4,3,3,3,3,3,3,3,3,3,3,3,3,3,3,3,3,4),(-1.,-0.875,
-0.8125,-0.75,-0.6875,-0.625,-0.5625,-0.499999999999999,-0.437499999999999,
-0.374999999999999,-0.312499999999999,-0.28125,-0.25,-0.1875,-0.125,-0.0937499999999996,
-0.0625,0.),.UNSPECIFIED.);
#83=B_SPLINE_CURVE_WITH_KNOTS('',3,(#3196,#3197,#3198,#3199,#3200,#3201,
#3202,#3203,#3204,#3205,#3206,#3207,#3208,#3209,#3210,#3211,#3212,#3213,
#3214,#3215,#3216,#3217,#3218,#3219,#3220,#3221),.UNSPECIFIED.,.F.,.F.,
(4,2,2,2,2,2,2,2,2,2,2,2,4),(-1.,-0.874999999999999,-0.749999999999999,
-0.6875,-0.625,-0.5625,-0.5,-0.374999999999999,-0.3125,-0.25,-0.1875,-0.125,
0.),.UNSPECIFIED.);
#84=B_SPLINE_CURVE_WITH_KNOTS('',3,(#3222,#3223,#3224,#3225,#3226,#3227),
 .UNSPECIFIED.,.F.,.F.,(4,2,4),(0.,0.0747441242220476,0.14951150196054),
 .UNSPECIFIED.);
#85=B_SPLINE_CURVE_WITH_KNOTS('',3,(#3302,#3303,#3304,#3305,#3306,#3307),
 .UNSPECIFIED.,.F.,.F.,(4,2,4),(0.,0.190679940801786,0.381202569043382),
 .UNSPECIFIED.);
#86=B_SPLINE_CURVE_WITH_KNOTS('',3,(#3322,#3323,#3324,#3325,#3326,#3327),
 .UNSPECIFIED.,.F.,.F.,(4,2,4),(0.,0.0768739072046745,0.153652967682517),
 .UNSPECIFIED.);
#87=B_SPLINE_CURVE_WITH_KNOTS('',3,(#3381,#3382,#3383,#3384,#3385,#3386,
#3387,#3388,#3389,#3390,#3391,#3392,#3393,#3394,#3395,#3396,#3397,#3398,
#3399,#3400,#3401,#3402,#3403,#3404,#3405,#3406,#3407,#3408,#3409,#3410,
#3411,#3412,#3413,#3414,#3415,#3416,#3417,#3418,#3419,#3420,#3421,#3422,
#3423,#3424,#3425,#3426,#3427,#3428,#3429),.UNSPECIFIED.,.F.,.F.,(4,3,3,
3,3,3,3,3,3,3,3,3,3,3,3,3,4),(-1.,-0.895344617673734,-0.875,-0.8125,-0.75,
-0.6875,-0.625000000000001,-0.522655200254549,-0.5,-0.4375,-0.375,-0.3125,
-0.250000000000001,-0.144574675328728,-0.125000000000001,-0.0235242609695521,
0.),.UNSPECIFIED.);
#88=PLANE('',#1650);
#89=PLANE('',#1654);
#90=PLANE('',#1663);
#91=PLANE('',#1683);
#92=PLANE('',#1692);
#93=PLANE('',#1708);
#94=PLANE('',#1709);
#95=PLANE('',#1734);
#96=PLANE('',#1743);
#97=PLANE('',#1744);
#98=PLANE('',#1745);
#99=PLANE('',#1746);
#100=PLANE('',#1747);
#101=PLANE('',#1748);
#102=PLANE('',#1749);
#103=PLANE('',#1750);
#104=PLANE('',#1752);
#105=PLANE('',#1753);
#106=PLANE('',#1754);
#107=PLANE('',#1760);
#108=PLANE('',#1761);
#109=PLANE('',#1775);
#110=PLANE('',#1777);
#111=PLANE('',#1778);
#112=PLANE('',#1782);
#113=PLANE('',#1784);
#114=PLANE('',#1788);
#115=PLANE('',#1791);
#116=PLANE('',#1793);
#117=PLANE('',#1795);
#118=PLANE('',#1796);
#119=PLANE('',#1797);
#120=SPHERICAL_SURFACE('',#1640,0.3);
#121=SPHERICAL_SURFACE('',#1642,0.3);
#122=SPHERICAL_SURFACE('',#1644,0.3);
#123=SPHERICAL_SURFACE('',#1646,0.3);
#124=SPHERICAL_SURFACE('',#1666,0.300000000000011);
#125=SPHERICAL_SURFACE('',#1677,0.3);
#126=FACE_OUTER_BOUND('',#226,.T.);
#127=FACE_OUTER_BOUND('',#227,.T.);
#128=FACE_OUTER_BOUND('',#228,.T.);
#129=FACE_OUTER_BOUND('',#229,.T.);
#130=FACE_OUTER_BOUND('',#230,.T.);
#131=FACE_OUTER_BOUND('',#231,.T.);
#132=FACE_OUTER_BOUND('',#232,.T.);
#133=FACE_OUTER_BOUND('',#233,.T.);
#134=FACE_OUTER_BOUND('',#234,.T.);
#135=FACE_OUTER_BOUND('',#235,.T.);
#136=FACE_OUTER_BOUND('',#236,.T.);
#137=FACE_OUTER_BOUND('',#237,.T.);
#138=FACE_OUTER_BOUND('',#238,.T.);
#139=FACE_OUTER_BOUND('',#240,.T.);
#140=FACE_OUTER_BOUND('',#241,.T.);
#141=FACE_OUTER_BOUND('',#242,.T.);
#142=FACE_OUTER_BOUND('',#243,.T.);
#143=FACE_OUTER_BOUND('',#244,.T.);
#144=FACE_OUTER_BOUND('',#245,.T.);
#145=FACE_OUTER_BOUND('',#246,.T.);
#146=FACE_OUTER_BOUND('',#247,.T.);
#147=FACE_OUTER_BOUND('',#248,.T.);
#148=FACE_OUTER_BOUND('',#249,.T.);
#149=FACE_OUTER_BOUND('',#250,.T.);
#150=FACE_OUTER_BOUND('',#251,.T.);
#151=FACE_OUTER_BOUND('',#252,.T.);
#152=FACE_OUTER_BOUND('',#253,.T.);
#153=FACE_OUTER_BOUND('',#254,.T.);
#154=FACE_OUTER_BOUND('',#255,.T.);
#155=FACE_OUTER_BOUND('',#256,.T.);
#156=FACE_OUTER_BOUND('',#257,.T.);
#157=FACE_OUTER_BOUND('',#258,.T.);
#158=FACE_OUTER_BOUND('',#259,.T.);
#159=FACE_OUTER_BOUND('',#260,.T.);
#160=FACE_OUTER_BOUND('',#261,.T.);
#161=FACE_OUTER_BOUND('',#262,.T.);
#162=FACE_OUTER_BOUND('',#263,.T.);
#163=FACE_OUTER_BOUND('',#264,.T.);
#164=FACE_OUTER_BOUND('',#265,.T.);
#165=FACE_OUTER_BOUND('',#266,.T.);
#166=FACE_OUTER_BOUND('',#267,.T.);
#167=FACE_OUTER_BOUND('',#268,.T.);
#168=FACE_OUTER_BOUND('',#269,.T.);
#169=FACE_OUTER_BOUND('',#270,.T.);
#170=FACE_OUTER_BOUND('',#271,.T.);
#171=FACE_OUTER_BOUND('',#272,.T.);
#172=FACE_OUTER_BOUND('',#273,.T.);
#173=FACE_OUTER_BOUND('',#274,.T.);
#174=FACE_OUTER_BOUND('',#275,.T.);
#175=FACE_OUTER_BOUND('',#276,.T.);
#176=FACE_OUTER_BOUND('',#279,.T.);
#177=FACE_OUTER_BOUND('',#280,.T.);
#178=FACE_OUTER_BOUND('',#281,.T.);
#179=FACE_OUTER_BOUND('',#282,.T.);
#180=FACE_OUTER_BOUND('',#283,.T.);
#181=FACE_OUTER_BOUND('',#284,.T.);
#182=FACE_OUTER_BOUND('',#285,.T.);
#183=FACE_OUTER_BOUND('',#286,.T.);
#184=FACE_OUTER_BOUND('',#287,.T.);
#185=FACE_OUTER_BOUND('',#288,.T.);
#186=FACE_OUTER_BOUND('',#289,.T.);
#187=FACE_OUTER_BOUND('',#290,.T.);
#188=FACE_OUTER_BOUND('',#291,.T.);
#189=FACE_OUTER_BOUND('',#294,.T.);
#190=FACE_OUTER_BOUND('',#295,.T.);
#191=FACE_OUTER_BOUND('',#296,.T.);
#192=FACE_OUTER_BOUND('',#297,.T.);
#193=FACE_OUTER_BOUND('',#298,.T.);
#194=FACE_OUTER_BOUND('',#299,.T.);
#195=FACE_OUTER_BOUND('',#300,.T.);
#196=FACE_OUTER_BOUND('',#301,.T.);
#197=FACE_OUTER_BOUND('',#302,.T.);
#198=FACE_OUTER_BOUND('',#303,.T.);
#199=FACE_OUTER_BOUND('',#304,.T.);
#200=FACE_OUTER_BOUND('',#305,.T.);
#201=FACE_OUTER_BOUND('',#306,.T.);
#202=FACE_OUTER_BOUND('',#307,.T.);
#203=FACE_OUTER_BOUND('',#308,.T.);
#204=FACE_OUTER_BOUND('',#309,.T.);
#205=FACE_OUTER_BOUND('',#310,.T.);
#206=FACE_OUTER_BOUND('',#311,.T.);
#207=FACE_OUTER_BOUND('',#312,.T.);
#208=FACE_OUTER_BOUND('',#313,.T.);
#209=FACE_OUTER_BOUND('',#314,.T.);
#210=FACE_OUTER_BOUND('',#315,.T.);
#211=FACE_OUTER_BOUND('',#316,.T.);
#212=FACE_OUTER_BOUND('',#317,.T.);
#213=FACE_OUTER_BOUND('',#318,.T.);
#214=FACE_OUTER_BOUND('',#319,.T.);
#215=FACE_OUTER_BOUND('',#320,.T.);
#216=FACE_OUTER_BOUND('',#321,.T.);
#217=FACE_OUTER_BOUND('',#322,.T.);
#218=FACE_OUTER_BOUND('',#323,.T.);
#219=FACE_OUTER_BOUND('',#324,.T.);
#220=FACE_OUTER_BOUND('',#325,.T.);
#221=FACE_OUTER_BOUND('',#326,.T.);
#222=FACE_OUTER_BOUND('',#327,.T.);
#223=FACE_OUTER_BOUND('',#328,.T.);
#224=FACE_OUTER_BOUND('',#329,.T.);
#225=FACE_OUTER_BOUND('',#330,.T.);
#226=EDGE_LOOP('',(#1004,#1005,#1006,#1007));
#227=EDGE_LOOP('',(#1008,#1009,#1010,#1011));
#228=EDGE_LOOP('',(#1012,#1013,#1014,#1015));
#229=EDGE_LOOP('',(#1016,#1017,#1018,#1019));
#230=EDGE_LOOP('',(#1020,#1021,#1022));
#231=EDGE_LOOP('',(#1023,#1024,#1025));
#232=EDGE_LOOP('',(#1026,#1027,#1028));
#233=EDGE_LOOP('',(#1029,#1030,#1031));
#234=EDGE_LOOP('',(#1032,#1033,#1034,#1035));
#235=EDGE_LOOP('',(#1036,#1037,#1038,#1039,#1040,#1041,#1042));
#236=EDGE_LOOP('',(#1043,#1044,#1045,#1046));
#237=EDGE_LOOP('',(#1047,#1048,#1049,#1050,#1051,#1052,#1053,#1054,#1055,
#1056,#1057,#1058,#1059,#1060,#1061));
#238=EDGE_LOOP('',(#1062,#1063,#1064,#1065));
#239=EDGE_LOOP('',(#1066,#1067,#1068,#1069,#1070,#1071));
#240=EDGE_LOOP('',(#1072,#1073,#1074));
#241=EDGE_LOOP('',(#1075,#1076,#1077,#1078));
#242=EDGE_LOOP('',(#1079,#1080,#1081,#1082));
#243=EDGE_LOOP('',(#1083,#1084,#1085));
#244=EDGE_LOOP('',(#1086,#1087,#1088,#1089));
#245=EDGE_LOOP('',(#1090,#1091,#1092));
#246=EDGE_LOOP('',(#1093,#1094,#1095,#1096,#1097));
#247=EDGE_LOOP('',(#1098,#1099,#1100,#1101));
#248=EDGE_LOOP('',(#1102,#1103,#1104,#1105));
#249=EDGE_LOOP('',(#1106,#1107,#1108,#1109));
#250=EDGE_LOOP('',(#1110,#1111,#1112));
#251=EDGE_LOOP('',(#1113,#1114,#1115,#1116));
#252=EDGE_LOOP('',(#1117,#1118,#1119,#1120));
#253=EDGE_LOOP('',(#1121,#1122,#1123,#1124,#1125,#1126,#1127,#1128,#1129,
#1130,#1131,#1132,#1133,#1134,#1135,#1136));
#254=EDGE_LOOP('',(#1137,#1138,#1139,#1140));
#255=EDGE_LOOP('',(#1141,#1142,#1143));
#256=EDGE_LOOP('',(#1144,#1145,#1146,#1147));
#257=EDGE_LOOP('',(#1148,#1149,#1150,#1151));
#258=EDGE_LOOP('',(#1152,#1153,#1154,#1155));
#259=EDGE_LOOP('',(#1156,#1157,#1158,#1159));
#260=EDGE_LOOP('',(#1160,#1161,#1162,#1163,#1164,#1165,#1166,#1167));
#261=EDGE_LOOP('',(#1168,#1169,#1170,#1171,#1172,#1173));
#262=EDGE_LOOP('',(#1174,#1175,#1176,#1177));
#263=EDGE_LOOP('',(#1178,#1179,#1180,#1181));
#264=EDGE_LOOP('',(#1182,#1183,#1184,#1185));
#265=EDGE_LOOP('',(#1186,#1187,#1188,#1189));
#266=EDGE_LOOP('',(#1190,#1191,#1192,#1193));
#267=EDGE_LOOP('',(#1194,#1195,#1196,#1197));
#268=EDGE_LOOP('',(#1198,#1199,#1200,#1201));
#269=EDGE_LOOP('',(#1202,#1203,#1204,#1205));
#270=EDGE_LOOP('',(#1206,#1207,#1208,#1209));
#271=EDGE_LOOP('',(#1210,#1211,#1212,#1213));
#272=EDGE_LOOP('',(#1214,#1215,#1216));
#273=EDGE_LOOP('',(#1217,#1218,#1219,#1220));
#274=EDGE_LOOP('',(#1221,#1222,#1223,#1224));
#275=EDGE_LOOP('',(#1225,#1226,#1227,#1228));
#276=EDGE_LOOP('',(#1229,#1230,#1231,#1232,#1233,#1234));
#277=EDGE_LOOP('',(#1235));
#278=EDGE_LOOP('',(#1236));
#279=EDGE_LOOP('',(#1237,#1238,#1239,#1240));
#280=EDGE_LOOP('',(#1241,#1242,#1243,#1244));
#281=EDGE_LOOP('',(#1245,#1246,#1247,#1248));
#282=EDGE_LOOP('',(#1249,#1250,#1251,#1252));
#283=EDGE_LOOP('',(#1253,#1254,#1255,#1256));
#284=EDGE_LOOP('',(#1257,#1258,#1259,#1260));
#285=EDGE_LOOP('',(#1261,#1262,#1263,#1264));
#286=EDGE_LOOP('',(#1265,#1266,#1267,#1268));
#287=EDGE_LOOP('',(#1269,#1270,#1271,#1272));
#288=EDGE_LOOP('',(#1273,#1274,#1275,#1276));
#289=EDGE_LOOP('',(#1277,#1278,#1279,#1280));
#290=EDGE_LOOP('',(#1281,#1282,#1283,#1284,#1285,#1286));
#291=EDGE_LOOP('',(#1287,#1288,#1289,#1290,#1291,#1292,#1293,#1294));
#292=EDGE_LOOP('',(#1295));
#293=EDGE_LOOP('',(#1296));
#294=EDGE_LOOP('',(#1297,#1298,#1299,#1300,#1301,#1302,#1303));
#295=EDGE_LOOP('',(#1304,#1305,#1306,#1307));
#296=EDGE_LOOP('',(#1308,#1309,#1310,#1311));
#297=EDGE_LOOP('',(#1312,#1313,#1314,#1315));
#298=EDGE_LOOP('',(#1316,#1317,#1318,#1319));
#299=EDGE_LOOP('',(#1320,#1321,#1322,#1323));
#300=EDGE_LOOP('',(#1324,#1325,#1326,#1327));
#301=EDGE_LOOP('',(#1328,#1329,#1330,#1331));
#302=EDGE_LOOP('',(#1332,#1333,#1334,#1335,#1336,#1337,#1338,#1339));
#303=EDGE_LOOP('',(#1340,#1341,#1342,#1343));
#304=EDGE_LOOP('',(#1344,#1345,#1346,#1347));
#305=EDGE_LOOP('',(#1348,#1349,#1350,#1351));
#306=EDGE_LOOP('',(#1352,#1353,#1354,#1355));
#307=EDGE_LOOP('',(#1356,#1357,#1358,#1359));
#308=EDGE_LOOP('',(#1360,#1361,#1362,#1363));
#309=EDGE_LOOP('',(#1364,#1365,#1366,#1367));
#310=EDGE_LOOP('',(#1368,#1369,#1370,#1371));
#311=EDGE_LOOP('',(#1372,#1373,#1374,#1375));
#312=EDGE_LOOP('',(#1376,#1377,#1378,#1379));
#313=EDGE_LOOP('',(#1380,#1381,#1382,#1383));
#314=EDGE_LOOP('',(#1384,#1385,#1386,#1387));
#315=EDGE_LOOP('',(#1388,#1389,#1390,#1391));
#316=EDGE_LOOP('',(#1392,#1393,#1394,#1395));
#317=EDGE_LOOP('',(#1396,#1397,#1398,#1399));
#318=EDGE_LOOP('',(#1400,#1401,#1402,#1403));
#319=EDGE_LOOP('',(#1404,#1405,#1406,#1407));
#320=EDGE_LOOP('',(#1408,#1409,#1410,#1411));
#321=EDGE_LOOP('',(#1412,#1413,#1414,#1415,#1416,#1417,#1418));
#322=EDGE_LOOP('',(#1419,#1420,#1421,#1422,#1423));
#323=EDGE_LOOP('',(#1424,#1425,#1426,#1427));
#324=EDGE_LOOP('',(#1428,#1429,#1430,#1431));
#325=EDGE_LOOP('',(#1432,#1433,#1434,#1435,#1436,#1437));
#326=EDGE_LOOP('',(#1438,#1439,#1440,#1441));
#327=EDGE_LOOP('',(#1442,#1443,#1444,#1445));
#328=EDGE_LOOP('',(#1446,#1447,#1448,#1449));
#329=EDGE_LOOP('',(#1450,#1451,#1452,#1453));
#330=EDGE_LOOP('',(#1454,#1455,#1456,#1457));
#331=LINE('',#2286,#450);
#332=LINE('',#2289,#451);
#333=LINE('',#2295,#452);
#334=LINE('',#2297,#453);
#335=LINE('',#2302,#454);
#336=LINE('',#2305,#455);
#337=LINE('',#2310,#456);
#338=LINE('',#2312,#457);
#339=LINE('',#2323,#458);
#340=LINE('',#2326,#459);
#341=LINE('',#2329,#460);
#342=LINE('',#2331,#461);
#343=LINE('',#2333,#462);
#344=LINE('',#2336,#463);
#345=LINE('',#2339,#464);
#346=LINE('',#2343,#465);
#347=LINE('',#2347,#466);
#348=LINE('',#2364,#467);
#349=LINE('',#2368,#468);
#350=LINE('',#2375,#469);
#351=LINE('',#2379,#470);
#352=LINE('',#2381,#471);
#353=LINE('',#2383,#472);
#354=LINE('',#2393,#473);
#355=LINE('',#2394,#474);
#356=LINE('',#2398,#475);
#357=LINE('',#2399,#476);
#358=LINE('',#2437,#477);
#359=LINE('',#2438,#478);
#360=LINE('',#2443,#479);
#361=LINE('',#2457,#480);
#362=LINE('',#2460,#481);
#363=LINE('',#2463,#482);
#364=LINE('',#2465,#483);
#365=LINE('',#2528,#484);
#366=LINE('',#2529,#485);
#367=LINE('',#2532,#486);
#368=LINE('',#2538,#487);
#369=LINE('',#2542,#488);
#370=LINE('',#2550,#489);
#371=LINE('',#2552,#490);
#372=LINE('',#2554,#491);
#373=LINE('',#2555,#492);
#374=LINE('',#2558,#493);
#375=LINE('',#2561,#494);
#376=LINE('',#2596,#495);
#377=LINE('',#2600,#496);
#378=LINE('',#2703,#497);
#379=LINE('',#2710,#498);
#380=LINE('',#2743,#499);
#381=LINE('',#2779,#500);
#382=LINE('',#2782,#501);
#383=LINE('',#2829,#502);
#384=LINE('',#2982,#503);
#385=LINE('',#2987,#504);
#386=LINE('',#2992,#505);
#387=LINE('',#2994,#506);
#388=LINE('',#2996,#507);
#389=LINE('',#3004,#508);
#390=LINE('',#3010,#509);
#391=LINE('',#3014,#510);
#392=LINE('',#3018,#511);
#393=LINE('',#3022,#512);
#394=LINE('',#3024,#513);
#395=LINE('',#3026,#514);
#396=LINE('',#3027,#515);
#397=LINE('',#3031,#516);
#398=LINE('',#3032,#517);
#399=LINE('',#3033,#518);
#400=LINE('',#3037,#519);
#401=LINE('',#3038,#520);
#402=LINE('',#3039,#521);
#403=LINE('',#3041,#522);
#404=LINE('',#3042,#523);
#405=LINE('',#3044,#524);
#406=LINE('',#3045,#525);
#407=LINE('',#3048,#526);
#408=LINE('',#3049,#527);
#409=LINE('',#3051,#528);
#410=LINE('',#3055,#529);
#411=LINE('',#3057,#530);
#412=LINE('',#3070,#531);
#413=LINE('',#3107,#532);
#414=LINE('',#3111,#533);
#415=LINE('',#3116,#534);
#416=LINE('',#3118,#535);
#417=LINE('',#3120,#536);
#418=LINE('',#3121,#537);
#419=LINE('',#3125,#538);
#420=LINE('',#3126,#539);
#421=LINE('',#3127,#540);
#422=LINE('',#3128,#541);
#423=LINE('',#3194,#542);
#424=LINE('',#3229,#543);
#425=LINE('',#3231,#544);
#426=LINE('',#3233,#545);
#427=LINE('',#3235,#546);
#428=LINE('',#3237,#547);
#429=LINE('',#3291,#548);
#430=LINE('',#3301,#549);
#431=LINE('',#3321,#550);
#432=LINE('',#3380,#551);
#433=LINE('',#3431,#552);
#434=LINE('',#3504,#553);
#435=LINE('',#3506,#554);
#436=LINE('',#3508,#555);
#437=LINE('',#3510,#556);
#438=LINE('',#3512,#557);
#439=LINE('',#3514,#558);
#440=LINE('',#3524,#559);
#441=LINE('',#3525,#560);
#442=LINE('',#3528,#561);
#443=LINE('',#3532,#562);
#444=LINE('',#3534,#563);
#445=LINE('',#3535,#564);
#446=LINE('',#3537,#565);
#447=LINE('',#3539,#566);
#448=LINE('',#3541,#567);
#449=LINE('',#3543,#568);
#450=VECTOR('',#1815,10.);
#451=VECTOR('',#1818,10.);
#452=VECTOR('',#1823,10.);
#453=VECTOR('',#1826,10.);
#454=VECTOR('',#1831,10.);
#455=VECTOR('',#1834,10.);
#456=VECTOR('',#1839,10.);
#457=VECTOR('',#1842,10.);
#458=VECTOR('',#1861,10.);
#459=VECTOR('',#1864,10.);
#460=VECTOR('',#1867,10.);
#461=VECTOR('',#1868,7.6);
#462=VECTOR('',#1869,10.);
#463=VECTOR('',#1872,10.);
#464=VECTOR('',#1875,10.);
#465=VECTOR('',#1880,10.);
#466=VECTOR('',#1883,10.);
#467=VECTOR('',#1892,1.76149789976337);
#468=VECTOR('',#1895,2.05843013241953);
#469=VECTOR('',#1902,10.);
#470=VECTOR('',#1905,10.);
#471=VECTOR('',#1906,10.);
#472=VECTOR('',#1907,10.);
#473=VECTOR('',#1920,10.);
#474=VECTOR('',#1921,10.);
#475=VECTOR('',#1926,10.);
#476=VECTOR('',#1927,10.);
#477=VECTOR('',#1936,10.);
#478=VECTOR('',#1937,10.);
#479=VECTOR('',#1944,10.);
#480=VECTOR('',#1947,10.);
#481=VECTOR('',#1950,10.);
#482=VECTOR('',#1953,10.);
#483=VECTOR('',#1956,10.);
#484=VECTOR('',#1973,10.);
#485=VECTOR('',#1974,10.);
#486=VECTOR('',#1977,10.);
#487=VECTOR('',#1982,2.05843013241953);
#488=VECTOR('',#1985,1.76149789976337);
#489=VECTOR('',#1992,9.7106553306889);
#490=VECTOR('',#1993,10.);
#491=VECTOR('',#1994,10.);
#492=VECTOR('',#1995,10.);
#493=VECTOR('',#1998,10.);
#494=VECTOR('',#2001,10.);
#495=VECTOR('',#2008,10.);
#496=VECTOR('',#2015,10.);
#497=VECTOR('',#2020,10.);
#498=VECTOR('',#2021,10.);
#499=VECTOR('',#2030,7.6);
#500=VECTOR('',#2047,0.424264068711929);
#501=VECTOR('',#2050,0.424264068711929);
#502=VECTOR('',#2059,10.);
#503=VECTOR('',#2070,0.771572875253798);
#504=VECTOR('',#2075,1.80000000000003);
#505=VECTOR('',#2080,10.);
#506=VECTOR('',#2081,9.7106553306889);
#507=VECTOR('',#2082,11.1384094455496);
#508=VECTOR('',#2085,5.71630571278085);
#509=VECTOR('',#2092,1.65000000000003);
#510=VECTOR('',#2097,1.80000000000003);
#511=VECTOR('',#2102,1.65000000000003);
#512=VECTOR('',#2105,10.);
#513=VECTOR('',#2106,10.);
#514=VECTOR('',#2107,10.);
#515=VECTOR('',#2108,10.);
#516=VECTOR('',#2111,10.);
#517=VECTOR('',#2112,10.);
#518=VECTOR('',#2113,10.);
#519=VECTOR('',#2116,10.);
#520=VECTOR('',#2117,10.);
#521=VECTOR('',#2118,10.);
#522=VECTOR('',#2121,10.);
#523=VECTOR('',#2122,10.);
#524=VECTOR('',#2125,10.);
#525=VECTOR('',#2126,10.);
#526=VECTOR('',#2129,10.);
#527=VECTOR('',#2130,5.71630571278085);
#528=VECTOR('',#2133,0.424264068711921);
#529=VECTOR('',#2138,10.);
#530=VECTOR('',#2141,10.);
#531=VECTOR('',#2144,10.);
#532=VECTOR('',#2153,7.6);
#533=VECTOR('',#2156,7.6);
#534=VECTOR('',#2161,7.6);
#535=VECTOR('',#2162,1.76149789976338);
#536=VECTOR('',#2163,7.6);
#537=VECTOR('',#2164,1.76149789976338);
#538=VECTOR('',#2167,7.6);
#539=VECTOR('',#2168,2.05843013241953);
#540=VECTOR('',#2169,7.6);
#541=VECTOR('',#2170,2.05843013241953);
#542=VECTOR('',#2191,0.77157287525379);
#543=VECTOR('',#2194,0.424264068711934);
#544=VECTOR('',#2197,0.42426406871194);
#545=VECTOR('',#2200,0.424264068711924);
#546=VECTOR('',#2203,0.424264068711932);
#547=VECTOR('',#2206,0.42426406871193);
#548=VECTOR('',#2209,10.);
#549=VECTOR('',#2210,10.);
#550=VECTOR('',#2211,10.);
#551=VECTOR('',#2212,10.);
#552=VECTOR('',#2215,10.);
#553=VECTOR('',#2216,10.);
#554=VECTOR('',#2219,0.424264068711935);
#555=VECTOR('',#2222,0.424264068711941);
#556=VECTOR('',#2225,0.424264068711922);
#557=VECTOR('',#2228,0.424264068711933);
#558=VECTOR('',#2231,0.42426406871193);
#559=VECTOR('',#2246,10.);
#560=VECTOR('',#2247,10.);
#561=VECTOR('',#2250,10.);
#562=VECTOR('',#2253,10.);
#563=VECTOR('',#2254,10.);
#564=VECTOR('',#2255,10.);
#565=VECTOR('',#2258,10.);
#566=VECTOR('',#2261,10.);
#567=VECTOR('',#2264,10.);
#568=VECTOR('',#2267,10.);
#569=CIRCLE('',#1629,0.300000000000011);
#570=CIRCLE('',#1630,0.300000000000011);
#571=CIRCLE('',#1632,0.299999999999976);
#572=CIRCLE('',#1633,0.300000000000011);
#573=CIRCLE('',#1635,0.300000000000011);
#574=CIRCLE('',#1636,0.299999999999994);
#575=CIRCLE('',#1638,0.300000000000011);
#576=CIRCLE('',#1639,0.300000000000011);
#577=CIRCLE('',#1641,0.300000000000004);
#578=CIRCLE('',#1643,0.300000000000004);
#579=CIRCLE('',#1645,0.300000000000004);
#580=CIRCLE('',#1647,0.300000000000004);
#581=CIRCLE('',#1649,0.300000000000011);
#582=CIRCLE('',#1651,4.3);
#583=CIRCLE('',#1653,0.300000000000011);
#584=CIRCLE('',#1655,3.3);
#585=CIRCLE('',#1656,4.2);
#586=CIRCLE('',#1657,5.3);
#587=CIRCLE('',#1658,3.5);
#588=CIRCLE('',#1659,2.3);
#589=CIRCLE('',#1660,1.7);
#590=CIRCLE('',#1661,2.3);
#591=CIRCLE('',#1662,3.5);
#592=CIRCLE('',#1664,2.);
#593=CIRCLE('',#1665,2.);
#594=CIRCLE('',#1667,0.300000000000011);
#595=CIRCLE('',#1668,0.300000000000011);
#596=CIRCLE('',#1669,0.299999999999994);
#597=CIRCLE('',#1672,0.300000000000011);
#598=CIRCLE('',#1673,0.300000000000011);
#599=CIRCLE('',#1678,0.300000000000004);
#600=CIRCLE('',#1680,4.);
#601=CIRCLE('',#1682,4.);
#602=CIRCLE('',#1685,0.300000000000011);
#603=CIRCLE('',#1686,0.299999999999978);
#604=CIRCLE('',#1688,0.300000000000047);
#605=CIRCLE('',#1689,4.3);
#606=CIRCLE('',#1693,3.5);
#607=CIRCLE('',#1694,2.3);
#608=CIRCLE('',#1695,1.7);
#609=CIRCLE('',#1696,2.3);
#610=CIRCLE('',#1697,3.5);
#611=CIRCLE('',#1698,5.3);
#612=CIRCLE('',#1700,3.);
#613=CIRCLE('',#1701,0.300000000000011);
#614=CIRCLE('',#1703,0.300000000000011);
#615=CIRCLE('',#1705,0.300000000000011);
#616=CIRCLE('',#1707,0.4);
#617=CIRCLE('',#1711,3.8);
#618=CIRCLE('',#1713,3.8);
#619=CIRCLE('',#1715,0.300000000000011);
#620=CIRCLE('',#1717,0.300000000000438);
#621=CIRCLE('',#1720,2.);
#622=CIRCLE('',#1722,2.);
#623=CIRCLE('',#1723,0.4);
#624=CIRCLE('',#1724,0.4);
#625=CIRCLE('',#1726,0.4);
#626=CIRCLE('',#1728,4.4);
#627=CIRCLE('',#1730,4.4);
#628=CIRCLE('',#1732,1.65000000000003);
#629=CIRCLE('',#1733,1.95000000000003);
#630=CIRCLE('',#1736,1.95000000000003);
#631=CIRCLE('',#1738,1.65000000000003);
#632=CIRCLE('',#1740,1.65000000000003);
#633=CIRCLE('',#1742,1.65000000000003);
#634=CIRCLE('',#1751,10.2284271247462);
#635=CIRCLE('',#1756,8.81421356237311);
#636=CIRCLE('',#1758,3.8);
#637=CIRCLE('',#1759,3.8);
#638=CIRCLE('',#1763,2.);
#639=CIRCLE('',#1764,2.);
#640=CIRCLE('',#1767,2.);
#641=CIRCLE('',#1768,2.);
#642=CIRCLE('',#1770,5.);
#643=CIRCLE('',#1771,5.);
#644=CIRCLE('',#1786,4.9857864376269);
#645=CIRCLE('',#1790,2.);
#646=CIRCLE('',#1792,2.);
#647=VERTEX_POINT('',#2282);
#648=VERTEX_POINT('',#2283);
#649=VERTEX_POINT('',#2285);
#650=VERTEX_POINT('',#2287);
#651=VERTEX_POINT('',#2291);
#652=VERTEX_POINT('',#2292);
#653=VERTEX_POINT('',#2294);
#654=VERTEX_POINT('',#2299);
#655=VERTEX_POINT('',#2301);
#656=VERTEX_POINT('',#2303);
#657=VERTEX_POINT('',#2307);
#658=VERTEX_POINT('',#2309);
#659=VERTEX_POINT('',#2322);
#660=VERTEX_POINT('',#2324);
#661=VERTEX_POINT('',#2328);
#662=VERTEX_POINT('',#2330);
#663=VERTEX_POINT('',#2332);
#664=VERTEX_POINT('',#2334);
#665=VERTEX_POINT('',#2338);
#666=VERTEX_POINT('',#2342);
#667=VERTEX_POINT('',#2344);
#668=VERTEX_POINT('',#2346);
#669=VERTEX_POINT('',#2348);
#670=VERTEX_POINT('',#2355);
#671=VERTEX_POINT('',#2357);
#672=VERTEX_POINT('',#2359);
#673=VERTEX_POINT('',#2361);
#674=VERTEX_POINT('',#2363);
#675=VERTEX_POINT('',#2365);
#676=VERTEX_POINT('',#2367);
#677=VERTEX_POINT('',#2369);
#678=VERTEX_POINT('',#2373);
#679=VERTEX_POINT('',#2374);
#680=VERTEX_POINT('',#2376);
#681=VERTEX_POINT('',#2378);
#682=VERTEX_POINT('',#2380);
#683=VERTEX_POINT('',#2382);
#684=VERTEX_POINT('',#2386);
#685=VERTEX_POINT('',#2387);
#686=VERTEX_POINT('',#2389);
#687=VERTEX_POINT('',#2396);
#688=VERTEX_POINT('',#2430);
#689=VERTEX_POINT('',#2431);
#690=VERTEX_POINT('',#2433);
#691=VERTEX_POINT('',#2442);
#692=VERTEX_POINT('',#2444);
#693=VERTEX_POINT('',#2446);
#694=VERTEX_POINT('',#2459);
#695=VERTEX_POINT('',#2461);
#696=VERTEX_POINT('',#2508);
#697=VERTEX_POINT('',#2521);
#698=VERTEX_POINT('',#2525);
#699=VERTEX_POINT('',#2526);
#700=VERTEX_POINT('',#2531);
#701=VERTEX_POINT('',#2533);
#702=VERTEX_POINT('',#2535);
#703=VERTEX_POINT('',#2537);
#704=VERTEX_POINT('',#2539);
#705=VERTEX_POINT('',#2541);
#706=VERTEX_POINT('',#2543);
#707=VERTEX_POINT('',#2545);
#708=VERTEX_POINT('',#2547);
#709=VERTEX_POINT('',#2549);
#710=VERTEX_POINT('',#2551);
#711=VERTEX_POINT('',#2553);
#712=VERTEX_POINT('',#2557);
#713=VERTEX_POINT('',#2559);
#714=VERTEX_POINT('',#2586);
#715=VERTEX_POINT('',#2678);
#716=VERTEX_POINT('',#2690);
#717=VERTEX_POINT('',#2702);
#718=VERTEX_POINT('',#2704);
#719=VERTEX_POINT('',#2713);
#720=VERTEX_POINT('',#2742);
#721=VERTEX_POINT('',#2777);
#722=VERTEX_POINT('',#2781);
#723=VERTEX_POINT('',#2819);
#724=VERTEX_POINT('',#2821);
#725=VERTEX_POINT('',#2854);
#726=VERTEX_POINT('',#2859);
#727=VERTEX_POINT('',#2889);
#728=VERTEX_POINT('',#2941);
#729=VERTEX_POINT('',#2980);
#730=VERTEX_POINT('',#2984);
#731=VERTEX_POINT('',#2986);
#732=VERTEX_POINT('',#2990);
#733=VERTEX_POINT('',#2991);
#734=VERTEX_POINT('',#2993);
#735=VERTEX_POINT('',#2995);
#736=VERTEX_POINT('',#2997);
#737=VERTEX_POINT('',#3002);
#738=VERTEX_POINT('',#3005);
#739=VERTEX_POINT('',#3008);
#740=VERTEX_POINT('',#3012);
#741=VERTEX_POINT('',#3016);
#742=VERTEX_POINT('',#3020);
#743=VERTEX_POINT('',#3021);
#744=VERTEX_POINT('',#3023);
#745=VERTEX_POINT('',#3025);
#746=VERTEX_POINT('',#3029);
#747=VERTEX_POINT('',#3030);
#748=VERTEX_POINT('',#3035);
#749=VERTEX_POINT('',#3036);
#750=VERTEX_POINT('',#3047);
#751=VERTEX_POINT('',#3053);
#752=VERTEX_POINT('',#3059);
#753=VERTEX_POINT('',#3066);
#754=VERTEX_POINT('',#3076);
#755=VERTEX_POINT('',#3105);
#756=VERTEX_POINT('',#3106);
#757=VERTEX_POINT('',#3108);
#758=VERTEX_POINT('',#3110);
#759=VERTEX_POINT('',#3114);
#760=VERTEX_POINT('',#3115);
#761=VERTEX_POINT('',#3117);
#762=VERTEX_POINT('',#3119);
#763=VERTEX_POINT('',#3123);
#764=VERTEX_POINT('',#3124);
#765=VERTEX_POINT('',#3138);
#766=VERTEX_POINT('',#3140);
#767=VERTEX_POINT('',#3193);
#768=VERTEX_POINT('',#3195);
#769=VERTEX_POINT('',#3300);
#770=VERTEX_POINT('',#3320);
#771=VERTEX_POINT('',#3521);
#772=VERTEX_POINT('',#3522);
#773=VERTEX_POINT('',#3527);
#774=VERTEX_POINT('',#3529);
#775=VERTEX_POINT('',#3531);
#776=VERTEX_POINT('',#3533);
#777=EDGE_CURVE('',#647,#648,#569,.T.);
#778=EDGE_CURVE('',#648,#649,#331,.T.);
#779=EDGE_CURVE('',#649,#650,#570,.T.);
#780=EDGE_CURVE('',#650,#647,#332,.T.);
#781=EDGE_CURVE('',#651,#652,#571,.T.);
#782=EDGE_CURVE('',#652,#653,#333,.T.);
#783=EDGE_CURVE('',#653,#647,#572,.T.);
#784=EDGE_CURVE('',#647,#651,#334,.T.);
#785=EDGE_CURVE('',#654,#651,#573,.T.);
#786=EDGE_CURVE('',#651,#655,#335,.T.);
#787=EDGE_CURVE('',#655,#656,#574,.T.);
#788=EDGE_CURVE('',#656,#654,#336,.T.);
#789=EDGE_CURVE('',#650,#657,#575,.T.);
#790=EDGE_CURVE('',#657,#658,#337,.T.);
#791=EDGE_CURVE('',#658,#655,#576,.T.);
#792=EDGE_CURVE('',#655,#650,#338,.T.);
#793=EDGE_CURVE('',#658,#656,#577,.T.);
#794=EDGE_CURVE('',#654,#652,#578,.T.);
#795=EDGE_CURVE('',#653,#648,#579,.T.);
#796=EDGE_CURVE('',#649,#657,#580,.T.);
#797=EDGE_CURVE('',#654,#659,#339,.T.);
#798=EDGE_CURVE('',#659,#660,#581,.T.);
#799=EDGE_CURVE('',#660,#652,#340,.T.);
#800=EDGE_CURVE('',#661,#656,#341,.T.);
#801=EDGE_CURVE('',#661,#662,#342,.T.);
#802=EDGE_CURVE('',#663,#662,#343,.T.);
#803=EDGE_CURVE('',#664,#663,#582,.T.);
#804=EDGE_CURVE('',#659,#664,#344,.T.);
#805=EDGE_CURVE('',#658,#665,#345,.T.);
#806=EDGE_CURVE('',#661,#665,#583,.T.);
#807=EDGE_CURVE('',#666,#657,#346,.T.);
#808=EDGE_CURVE('',#667,#666,#584,.T.);
#809=EDGE_CURVE('',#668,#667,#347,.T.);
#810=EDGE_CURVE('',#669,#668,#64,.T.);
#811=EDGE_CURVE('',#669,#670,#585,.T.);
#812=EDGE_CURVE('',#670,#671,#586,.F.);
#813=EDGE_CURVE('',#671,#672,#587,.T.);
#814=EDGE_CURVE('',#672,#673,#588,.F.);
#815=EDGE_CURVE('',#673,#674,#348,.T.);
#816=EDGE_CURVE('',#674,#675,#589,.T.);
#817=EDGE_CURVE('',#675,#676,#349,.T.);
#818=EDGE_CURVE('',#676,#677,#590,.F.);
#819=EDGE_CURVE('',#665,#677,#591,.T.);
#820=EDGE_CURVE('',#678,#679,#350,.T.);
#821=EDGE_CURVE('',#680,#679,#592,.T.);
#822=EDGE_CURVE('',#680,#681,#351,.T.);
#823=EDGE_CURVE('',#681,#682,#352,.T.);
#824=EDGE_CURVE('',#682,#683,#353,.T.);
#825=EDGE_CURVE('',#678,#683,#593,.T.);
#826=EDGE_CURVE('',#684,#685,#594,.F.);
#827=EDGE_CURVE('',#686,#684,#595,.F.);
#828=EDGE_CURVE('',#685,#686,#596,.F.);
#829=EDGE_CURVE('',#653,#686,#354,.T.);
#830=EDGE_CURVE('',#684,#648,#355,.T.);
#831=EDGE_CURVE('',#660,#687,#597,.T.);
#832=EDGE_CURVE('',#687,#685,#356,.T.);
#833=EDGE_CURVE('',#686,#660,#357,.T.);
#834=EDGE_CURVE('',#688,#689,#598,.T.);
#835=EDGE_CURVE('',#689,#690,#43,.T.);
#836=EDGE_CURVE('',#690,#688,#44,.T.);
#837=EDGE_CURVE('',#688,#684,#358,.T.);
#838=EDGE_CURVE('',#685,#689,#359,.T.);
#839=EDGE_CURVE('',#659,#687,#599,.T.);
#840=EDGE_CURVE('',#690,#691,#360,.T.);
#841=EDGE_CURVE('',#692,#691,#600,.T.);
#842=EDGE_CURVE('',#693,#692,#65,.T.);
#843=EDGE_CURVE('',#693,#688,#361,.T.);
#844=EDGE_CURVE('',#689,#694,#362,.T.);
#845=EDGE_CURVE('',#695,#694,#601,.T.);
#846=EDGE_CURVE('',#695,#690,#363,.T.);
#847=EDGE_CURVE('',#694,#687,#364,.T.);
#848=EDGE_CURVE('',#664,#694,#602,.T.);
#849=EDGE_CURVE('',#692,#696,#603,.T.);
#850=EDGE_CURVE('',#696,#693,#66,.T.);
#851=EDGE_CURVE('',#691,#697,#604,.T.);
#852=EDGE_CURVE('',#697,#696,#605,.T.);
#853=EDGE_CURVE('',#698,#699,#45,.T.);
#854=EDGE_CURVE('',#699,#697,#365,.T.);
#855=EDGE_CURVE('',#691,#698,#366,.T.);
#856=EDGE_CURVE('',#700,#695,#367,.T.);
#857=EDGE_CURVE('',#701,#700,#606,.T.);
#858=EDGE_CURVE('',#701,#702,#607,.T.);
#859=EDGE_CURVE('',#702,#703,#368,.T.);
#860=EDGE_CURVE('',#703,#704,#608,.F.);
#861=EDGE_CURVE('',#704,#705,#369,.T.);
#862=EDGE_CURVE('',#705,#706,#609,.T.);
#863=EDGE_CURVE('',#706,#707,#610,.F.);
#864=EDGE_CURVE('',#707,#708,#611,.T.);
#865=EDGE_CURVE('',#708,#709,#370,.T.);
#866=EDGE_CURVE('',#710,#709,#371,.T.);
#867=EDGE_CURVE('',#710,#711,#372,.T.);
#868=EDGE_CURVE('',#711,#698,#373,.T.);
#869=EDGE_CURVE('',#696,#712,#374,.T.);
#870=EDGE_CURVE('',#713,#712,#612,.T.);
#871=EDGE_CURVE('',#713,#693,#375,.T.);
#872=EDGE_CURVE('',#668,#714,#613,.T.);
#873=EDGE_CURVE('',#714,#669,#67,.T.);
#874=EDGE_CURVE('',#667,#712,#614,.T.);
#875=EDGE_CURVE('',#712,#714,#376,.T.);
#876=EDGE_CURVE('',#666,#713,#615,.T.);
#877=EDGE_CURVE('',#649,#713,#377,.T.);
#878=EDGE_CURVE('',#714,#715,#68,.T.);
#879=EDGE_CURVE('',#716,#715,#616,.T.);
#880=EDGE_CURVE('',#716,#669,#69,.T.);
#881=EDGE_CURVE('',#699,#717,#378,.T.);
#882=EDGE_CURVE('',#718,#717,#70,.T.);
#883=EDGE_CURVE('',#715,#718,#379,.T.);
#884=EDGE_CURVE('',#677,#719,#71,.T.);
#885=EDGE_CURVE('',#719,#661,#617,.T.);
#886=EDGE_CURVE('',#719,#720,#380,.T.);
#887=EDGE_CURVE('',#662,#720,#618,.T.);
#888=EDGE_CURVE('',#663,#695,#619,.T.);
#889=EDGE_CURVE('',#662,#700,#620,.T.);
#890=EDGE_CURVE('',#720,#701,#72,.T.);
#891=EDGE_CURVE('',#721,#720,#621,.F.);
#892=EDGE_CURVE('',#721,#702,#381,.T.);
#893=EDGE_CURVE('',#676,#722,#382,.T.);
#894=EDGE_CURVE('',#719,#722,#622,.T.);
#895=EDGE_CURVE('',#717,#723,#623,.T.);
#896=EDGE_CURVE('',#723,#724,#73,.T.);
#897=EDGE_CURVE('',#724,#718,#624,.T.);
#898=EDGE_CURVE('',#724,#716,#383,.T.);
#899=EDGE_CURVE('',#717,#725,#74,.T.);
#900=EDGE_CURVE('',#725,#726,#625,.T.);
#901=EDGE_CURVE('',#726,#723,#75,.T.);
#902=EDGE_CURVE('',#725,#727,#76,.T.);
#903=EDGE_CURVE('',#727,#726,#77,.T.);
#904=EDGE_CURVE('',#728,#716,#626,.F.);
#905=EDGE_CURVE('',#728,#670,#78,.T.);
#906=EDGE_CURVE('',#724,#729,#627,.F.);
#907=EDGE_CURVE('',#729,#728,#384,.F.);
#908=EDGE_CURVE('',#730,#730,#628,.T.);
#909=EDGE_CURVE('',#730,#731,#385,.T.);
#910=EDGE_CURVE('',#731,#731,#629,.T.);
#911=EDGE_CURVE('',#732,#733,#386,.T.);
#912=EDGE_CURVE('',#732,#734,#387,.T.);
#913=EDGE_CURVE('',#734,#735,#388,.T.);
#914=EDGE_CURVE('',#735,#736,#79,.T.);
#915=EDGE_CURVE('',#736,#737,#46,.T.);
#916=EDGE_CURVE('',#737,#733,#389,.T.);
#917=EDGE_CURVE('',#738,#738,#630,.T.);
#918=EDGE_CURVE('',#739,#739,#631,.T.);
#919=EDGE_CURVE('',#739,#730,#390,.T.);
#920=EDGE_CURVE('',#740,#740,#632,.T.);
#921=EDGE_CURVE('',#740,#738,#391,.T.);
#922=EDGE_CURVE('',#741,#741,#633,.T.);
#923=EDGE_CURVE('',#741,#740,#392,.T.);
#924=EDGE_CURVE('',#742,#743,#393,.T.);
#925=EDGE_CURVE('',#743,#744,#394,.T.);
#926=EDGE_CURVE('',#744,#745,#395,.T.);
#927=EDGE_CURVE('',#745,#742,#396,.T.);
#928=EDGE_CURVE('',#746,#747,#397,.T.);
#929=EDGE_CURVE('',#747,#732,#398,.T.);
#930=EDGE_CURVE('',#733,#746,#399,.T.);
#931=EDGE_CURVE('',#748,#749,#400,.T.);
#932=EDGE_CURVE('',#749,#710,#401,.T.);
#933=EDGE_CURVE('',#709,#748,#402,.T.);
#934=EDGE_CURVE('',#747,#748,#403,.T.);
#935=EDGE_CURVE('',#709,#732,#404,.T.);
#936=EDGE_CURVE('',#745,#746,#405,.T.);
#937=EDGE_CURVE('',#733,#742,#406,.T.);
#938=EDGE_CURVE('',#750,#737,#407,.T.);
#939=EDGE_CURVE('',#742,#750,#408,.T.);
#940=EDGE_CURVE('',#734,#708,#409,.T.);
#941=EDGE_CURVE('',#750,#751,#634,.F.);
#942=EDGE_CURVE('',#751,#743,#410,.T.);
#943=EDGE_CURVE('',#744,#749,#411,.T.);
#944=EDGE_CURVE('',#752,#751,#80,.T.);
#945=EDGE_CURVE('',#753,#752,#17,.T.);
#946=EDGE_CURVE('',#711,#753,#412,.T.);
#947=EDGE_CURVE('',#727,#753,#18,.T.);
#948=EDGE_CURVE('',#750,#754,#81,.T.);
#949=EDGE_CURVE('',#752,#754,#635,.F.);
#950=EDGE_CURVE('',#755,#756,#413,.T.);
#951=EDGE_CURVE('',#756,#757,#636,.T.);
#952=EDGE_CURVE('',#757,#758,#414,.F.);
#953=EDGE_CURVE('',#758,#755,#637,.F.);
#954=EDGE_CURVE('',#759,#760,#415,.F.);
#955=EDGE_CURVE('',#760,#761,#416,.T.);
#956=EDGE_CURVE('',#761,#762,#417,.F.);
#957=EDGE_CURVE('',#762,#759,#418,.T.);
#958=EDGE_CURVE('',#763,#764,#419,.T.);
#959=EDGE_CURVE('',#764,#721,#420,.T.);
#960=EDGE_CURVE('',#721,#722,#421,.T.);
#961=EDGE_CURVE('',#722,#763,#422,.T.);
#962=EDGE_CURVE('',#757,#760,#638,.F.);
#963=EDGE_CURVE('',#759,#758,#639,.T.);
#964=EDGE_CURVE('',#761,#764,#640,.T.);
#965=EDGE_CURVE('',#763,#762,#641,.F.);
#966=EDGE_CURVE('',#734,#756,#642,.F.);
#967=EDGE_CURVE('',#755,#765,#643,.T.);
#968=EDGE_CURVE('',#765,#766,#82,.T.);
#969=EDGE_CURVE('',#766,#767,#423,.F.);
#970=EDGE_CURVE('',#767,#768,#83,.T.);
#971=EDGE_CURVE('',#768,#735,#84,.T.);
#972=EDGE_CURVE('',#756,#707,#424,.T.);
#973=EDGE_CURVE('',#757,#706,#425,.T.);
#974=EDGE_CURVE('',#760,#705,#426,.T.);
#975=EDGE_CURVE('',#761,#704,#427,.T.);
#976=EDGE_CURVE('',#764,#703,#428,.T.);
#977=EDGE_CURVE('',#754,#736,#429,.T.);
#978=EDGE_CURVE('',#769,#735,#430,.T.);
#979=EDGE_CURVE('',#754,#769,#85,.T.);
#980=EDGE_CURVE('',#770,#768,#431,.T.);
#981=EDGE_CURVE('',#769,#770,#86,.T.);
#982=EDGE_CURVE('',#729,#767,#432,.T.);
#983=EDGE_CURVE('',#770,#729,#87,.T.);
#984=EDGE_CURVE('',#728,#766,#433,.T.);
#985=EDGE_CURVE('',#670,#765,#434,.T.);
#986=EDGE_CURVE('',#671,#755,#435,.T.);
#987=EDGE_CURVE('',#672,#758,#436,.T.);
#988=EDGE_CURVE('',#673,#759,#437,.T.);
#989=EDGE_CURVE('',#674,#762,#438,.T.);
#990=EDGE_CURVE('',#675,#763,#439,.T.);
#991=EDGE_CURVE('',#770,#726,#644,.F.);
#992=EDGE_CURVE('',#771,#772,#645,.T.);
#993=EDGE_CURVE('',#771,#680,#440,.T.);
#994=EDGE_CURVE('',#679,#772,#441,.T.);
#995=EDGE_CURVE('',#773,#772,#442,.T.);
#996=EDGE_CURVE('',#773,#774,#646,.T.);
#997=EDGE_CURVE('',#775,#774,#443,.T.);
#998=EDGE_CURVE('',#776,#775,#444,.T.);
#999=EDGE_CURVE('',#771,#776,#445,.T.);
#1000=EDGE_CURVE('',#773,#678,#446,.T.);
#1001=EDGE_CURVE('',#683,#774,#447,.T.);
#1002=EDGE_CURVE('',#682,#775,#448,.T.);
#1003=EDGE_CURVE('',#681,#776,#449,.T.);
#1004=ORIENTED_EDGE('',*,*,#777,.T.);
#1005=ORIENTED_EDGE('',*,*,#778,.T.);
#1006=ORIENTED_EDGE('',*,*,#779,.T.);
#1007=ORIENTED_EDGE('',*,*,#780,.T.);
#1008=ORIENTED_EDGE('',*,*,#781,.T.);
#1009=ORIENTED_EDGE('',*,*,#782,.T.);
#1010=ORIENTED_EDGE('',*,*,#783,.T.);
#1011=ORIENTED_EDGE('',*,*,#784,.T.);
#1012=ORIENTED_EDGE('',*,*,#785,.T.);
#1013=ORIENTED_EDGE('',*,*,#786,.T.);
#1014=ORIENTED_EDGE('',*,*,#787,.T.);
#1015=ORIENTED_EDGE('',*,*,#788,.T.);
#1016=ORIENTED_EDGE('',*,*,#789,.T.);
#1017=ORIENTED_EDGE('',*,*,#790,.T.);
#1018=ORIENTED_EDGE('',*,*,#791,.T.);
#1019=ORIENTED_EDGE('',*,*,#792,.T.);
#1020=ORIENTED_EDGE('',*,*,#791,.F.);
#1021=ORIENTED_EDGE('',*,*,#793,.T.);
#1022=ORIENTED_EDGE('',*,*,#787,.F.);
#1023=ORIENTED_EDGE('',*,*,#785,.F.);
#1024=ORIENTED_EDGE('',*,*,#794,.T.);
#1025=ORIENTED_EDGE('',*,*,#781,.F.);
#1026=ORIENTED_EDGE('',*,*,#783,.F.);
#1027=ORIENTED_EDGE('',*,*,#795,.T.);
#1028=ORIENTED_EDGE('',*,*,#777,.F.);
#1029=ORIENTED_EDGE('',*,*,#779,.F.);
#1030=ORIENTED_EDGE('',*,*,#796,.T.);
#1031=ORIENTED_EDGE('',*,*,#789,.F.);
#1032=ORIENTED_EDGE('',*,*,#794,.F.);
#1033=ORIENTED_EDGE('',*,*,#797,.T.);
#1034=ORIENTED_EDGE('',*,*,#798,.T.);
#1035=ORIENTED_EDGE('',*,*,#799,.T.);
#1036=ORIENTED_EDGE('',*,*,#788,.F.);
#1037=ORIENTED_EDGE('',*,*,#800,.F.);
#1038=ORIENTED_EDGE('',*,*,#801,.T.);
#1039=ORIENTED_EDGE('',*,*,#802,.F.);
#1040=ORIENTED_EDGE('',*,*,#803,.F.);
#1041=ORIENTED_EDGE('',*,*,#804,.F.);
#1042=ORIENTED_EDGE('',*,*,#797,.F.);
#1043=ORIENTED_EDGE('',*,*,#793,.F.);
#1044=ORIENTED_EDGE('',*,*,#805,.T.);
#1045=ORIENTED_EDGE('',*,*,#806,.F.);
#1046=ORIENTED_EDGE('',*,*,#800,.T.);
#1047=ORIENTED_EDGE('',*,*,#790,.F.);
#1048=ORIENTED_EDGE('',*,*,#807,.F.);
#1049=ORIENTED_EDGE('',*,*,#808,.F.);
#1050=ORIENTED_EDGE('',*,*,#809,.F.);
#1051=ORIENTED_EDGE('',*,*,#810,.F.);
#1052=ORIENTED_EDGE('',*,*,#811,.T.);
#1053=ORIENTED_EDGE('',*,*,#812,.T.);
#1054=ORIENTED_EDGE('',*,*,#813,.T.);
#1055=ORIENTED_EDGE('',*,*,#814,.T.);
#1056=ORIENTED_EDGE('',*,*,#815,.T.);
#1057=ORIENTED_EDGE('',*,*,#816,.T.);
#1058=ORIENTED_EDGE('',*,*,#817,.T.);
#1059=ORIENTED_EDGE('',*,*,#818,.T.);
#1060=ORIENTED_EDGE('',*,*,#819,.F.);
#1061=ORIENTED_EDGE('',*,*,#805,.F.);
#1062=ORIENTED_EDGE('',*,*,#780,.F.);
#1063=ORIENTED_EDGE('',*,*,#792,.F.);
#1064=ORIENTED_EDGE('',*,*,#786,.F.);
#1065=ORIENTED_EDGE('',*,*,#784,.F.);
#1066=ORIENTED_EDGE('',*,*,#820,.T.);
#1067=ORIENTED_EDGE('',*,*,#821,.F.);
#1068=ORIENTED_EDGE('',*,*,#822,.T.);
#1069=ORIENTED_EDGE('',*,*,#823,.T.);
#1070=ORIENTED_EDGE('',*,*,#824,.T.);
#1071=ORIENTED_EDGE('',*,*,#825,.F.);
#1072=ORIENTED_EDGE('',*,*,#826,.F.);
#1073=ORIENTED_EDGE('',*,*,#827,.F.);
#1074=ORIENTED_EDGE('',*,*,#828,.F.);
#1075=ORIENTED_EDGE('',*,*,#795,.F.);
#1076=ORIENTED_EDGE('',*,*,#829,.T.);
#1077=ORIENTED_EDGE('',*,*,#827,.T.);
#1078=ORIENTED_EDGE('',*,*,#830,.T.);
#1079=ORIENTED_EDGE('',*,*,#831,.T.);
#1080=ORIENTED_EDGE('',*,*,#832,.T.);
#1081=ORIENTED_EDGE('',*,*,#828,.T.);
#1082=ORIENTED_EDGE('',*,*,#833,.T.);
#1083=ORIENTED_EDGE('',*,*,#834,.T.);
#1084=ORIENTED_EDGE('',*,*,#835,.T.);
#1085=ORIENTED_EDGE('',*,*,#836,.T.);
#1086=ORIENTED_EDGE('',*,*,#834,.F.);
#1087=ORIENTED_EDGE('',*,*,#837,.T.);
#1088=ORIENTED_EDGE('',*,*,#826,.T.);
#1089=ORIENTED_EDGE('',*,*,#838,.T.);
#1090=ORIENTED_EDGE('',*,*,#798,.F.);
#1091=ORIENTED_EDGE('',*,*,#839,.T.);
#1092=ORIENTED_EDGE('',*,*,#831,.F.);
#1093=ORIENTED_EDGE('',*,*,#836,.F.);
#1094=ORIENTED_EDGE('',*,*,#840,.T.);
#1095=ORIENTED_EDGE('',*,*,#841,.F.);
#1096=ORIENTED_EDGE('',*,*,#842,.F.);
#1097=ORIENTED_EDGE('',*,*,#843,.T.);
#1098=ORIENTED_EDGE('',*,*,#835,.F.);
#1099=ORIENTED_EDGE('',*,*,#844,.T.);
#1100=ORIENTED_EDGE('',*,*,#845,.F.);
#1101=ORIENTED_EDGE('',*,*,#846,.T.);
#1102=ORIENTED_EDGE('',*,*,#838,.F.);
#1103=ORIENTED_EDGE('',*,*,#832,.F.);
#1104=ORIENTED_EDGE('',*,*,#847,.F.);
#1105=ORIENTED_EDGE('',*,*,#844,.F.);
#1106=ORIENTED_EDGE('',*,*,#839,.F.);
#1107=ORIENTED_EDGE('',*,*,#804,.T.);
#1108=ORIENTED_EDGE('',*,*,#848,.T.);
#1109=ORIENTED_EDGE('',*,*,#847,.T.);
#1110=ORIENTED_EDGE('',*,*,#849,.T.);
#1111=ORIENTED_EDGE('',*,*,#850,.T.);
#1112=ORIENTED_EDGE('',*,*,#842,.T.);
#1113=ORIENTED_EDGE('',*,*,#851,.T.);
#1114=ORIENTED_EDGE('',*,*,#852,.T.);
#1115=ORIENTED_EDGE('',*,*,#849,.F.);
#1116=ORIENTED_EDGE('',*,*,#841,.T.);
#1117=ORIENTED_EDGE('',*,*,#853,.T.);
#1118=ORIENTED_EDGE('',*,*,#854,.T.);
#1119=ORIENTED_EDGE('',*,*,#851,.F.);
#1120=ORIENTED_EDGE('',*,*,#855,.T.);
#1121=ORIENTED_EDGE('',*,*,#855,.F.);
#1122=ORIENTED_EDGE('',*,*,#840,.F.);
#1123=ORIENTED_EDGE('',*,*,#846,.F.);
#1124=ORIENTED_EDGE('',*,*,#856,.F.);
#1125=ORIENTED_EDGE('',*,*,#857,.F.);
#1126=ORIENTED_EDGE('',*,*,#858,.T.);
#1127=ORIENTED_EDGE('',*,*,#859,.T.);
#1128=ORIENTED_EDGE('',*,*,#860,.T.);
#1129=ORIENTED_EDGE('',*,*,#861,.T.);
#1130=ORIENTED_EDGE('',*,*,#862,.T.);
#1131=ORIENTED_EDGE('',*,*,#863,.T.);
#1132=ORIENTED_EDGE('',*,*,#864,.T.);
#1133=ORIENTED_EDGE('',*,*,#865,.T.);
#1134=ORIENTED_EDGE('',*,*,#866,.F.);
#1135=ORIENTED_EDGE('',*,*,#867,.T.);
#1136=ORIENTED_EDGE('',*,*,#868,.T.);
#1137=ORIENTED_EDGE('',*,*,#850,.F.);
#1138=ORIENTED_EDGE('',*,*,#869,.T.);
#1139=ORIENTED_EDGE('',*,*,#870,.F.);
#1140=ORIENTED_EDGE('',*,*,#871,.T.);
#1141=ORIENTED_EDGE('',*,*,#872,.T.);
#1142=ORIENTED_EDGE('',*,*,#873,.T.);
#1143=ORIENTED_EDGE('',*,*,#810,.T.);
#1144=ORIENTED_EDGE('',*,*,#874,.T.);
#1145=ORIENTED_EDGE('',*,*,#875,.T.);
#1146=ORIENTED_EDGE('',*,*,#872,.F.);
#1147=ORIENTED_EDGE('',*,*,#809,.T.);
#1148=ORIENTED_EDGE('',*,*,#876,.T.);
#1149=ORIENTED_EDGE('',*,*,#870,.T.);
#1150=ORIENTED_EDGE('',*,*,#874,.F.);
#1151=ORIENTED_EDGE('',*,*,#808,.T.);
#1152=ORIENTED_EDGE('',*,*,#796,.F.);
#1153=ORIENTED_EDGE('',*,*,#877,.T.);
#1154=ORIENTED_EDGE('',*,*,#876,.F.);
#1155=ORIENTED_EDGE('',*,*,#807,.T.);
#1156=ORIENTED_EDGE('',*,*,#873,.F.);
#1157=ORIENTED_EDGE('',*,*,#878,.T.);
#1158=ORIENTED_EDGE('',*,*,#879,.F.);
#1159=ORIENTED_EDGE('',*,*,#880,.T.);
#1160=ORIENTED_EDGE('',*,*,#854,.F.);
#1161=ORIENTED_EDGE('',*,*,#881,.T.);
#1162=ORIENTED_EDGE('',*,*,#882,.F.);
#1163=ORIENTED_EDGE('',*,*,#883,.F.);
#1164=ORIENTED_EDGE('',*,*,#878,.F.);
#1165=ORIENTED_EDGE('',*,*,#875,.F.);
#1166=ORIENTED_EDGE('',*,*,#869,.F.);
#1167=ORIENTED_EDGE('',*,*,#852,.F.);
#1168=ORIENTED_EDGE('',*,*,#778,.F.);
#1169=ORIENTED_EDGE('',*,*,#830,.F.);
#1170=ORIENTED_EDGE('',*,*,#837,.F.);
#1171=ORIENTED_EDGE('',*,*,#843,.F.);
#1172=ORIENTED_EDGE('',*,*,#871,.F.);
#1173=ORIENTED_EDGE('',*,*,#877,.F.);
#1174=ORIENTED_EDGE('',*,*,#884,.T.);
#1175=ORIENTED_EDGE('',*,*,#885,.T.);
#1176=ORIENTED_EDGE('',*,*,#806,.T.);
#1177=ORIENTED_EDGE('',*,*,#819,.T.);
#1178=ORIENTED_EDGE('',*,*,#885,.F.);
#1179=ORIENTED_EDGE('',*,*,#886,.T.);
#1180=ORIENTED_EDGE('',*,*,#887,.F.);
#1181=ORIENTED_EDGE('',*,*,#801,.F.);
#1182=ORIENTED_EDGE('',*,*,#888,.T.);
#1183=ORIENTED_EDGE('',*,*,#845,.T.);
#1184=ORIENTED_EDGE('',*,*,#848,.F.);
#1185=ORIENTED_EDGE('',*,*,#803,.T.);
#1186=ORIENTED_EDGE('',*,*,#889,.T.);
#1187=ORIENTED_EDGE('',*,*,#856,.T.);
#1188=ORIENTED_EDGE('',*,*,#888,.F.);
#1189=ORIENTED_EDGE('',*,*,#802,.T.);
#1190=ORIENTED_EDGE('',*,*,#890,.T.);
#1191=ORIENTED_EDGE('',*,*,#857,.T.);
#1192=ORIENTED_EDGE('',*,*,#889,.F.);
#1193=ORIENTED_EDGE('',*,*,#887,.T.);
#1194=ORIENTED_EDGE('',*,*,#890,.F.);
#1195=ORIENTED_EDGE('',*,*,#891,.F.);
#1196=ORIENTED_EDGE('',*,*,#892,.T.);
#1197=ORIENTED_EDGE('',*,*,#858,.F.);
#1198=ORIENTED_EDGE('',*,*,#884,.F.);
#1199=ORIENTED_EDGE('',*,*,#818,.F.);
#1200=ORIENTED_EDGE('',*,*,#893,.T.);
#1201=ORIENTED_EDGE('',*,*,#894,.F.);
#1202=ORIENTED_EDGE('',*,*,#895,.T.);
#1203=ORIENTED_EDGE('',*,*,#896,.T.);
#1204=ORIENTED_EDGE('',*,*,#897,.T.);
#1205=ORIENTED_EDGE('',*,*,#882,.T.);
#1206=ORIENTED_EDGE('',*,*,#879,.T.);
#1207=ORIENTED_EDGE('',*,*,#883,.T.);
#1208=ORIENTED_EDGE('',*,*,#897,.F.);
#1209=ORIENTED_EDGE('',*,*,#898,.T.);
#1210=ORIENTED_EDGE('',*,*,#899,.T.);
#1211=ORIENTED_EDGE('',*,*,#900,.T.);
#1212=ORIENTED_EDGE('',*,*,#901,.T.);
#1213=ORIENTED_EDGE('',*,*,#895,.F.);
#1214=ORIENTED_EDGE('',*,*,#902,.T.);
#1215=ORIENTED_EDGE('',*,*,#903,.T.);
#1216=ORIENTED_EDGE('',*,*,#900,.F.);
#1217=ORIENTED_EDGE('',*,*,#880,.F.);
#1218=ORIENTED_EDGE('',*,*,#904,.F.);
#1219=ORIENTED_EDGE('',*,*,#905,.T.);
#1220=ORIENTED_EDGE('',*,*,#811,.F.);
#1221=ORIENTED_EDGE('',*,*,#898,.F.);
#1222=ORIENTED_EDGE('',*,*,#906,.T.);
#1223=ORIENTED_EDGE('',*,*,#907,.T.);
#1224=ORIENTED_EDGE('',*,*,#904,.T.);
#1225=ORIENTED_EDGE('',*,*,#908,.T.);
#1226=ORIENTED_EDGE('',*,*,#909,.T.);
#1227=ORIENTED_EDGE('',*,*,#910,.T.);
#1228=ORIENTED_EDGE('',*,*,#909,.F.);
#1229=ORIENTED_EDGE('',*,*,#911,.F.);
#1230=ORIENTED_EDGE('',*,*,#912,.T.);
#1231=ORIENTED_EDGE('',*,*,#913,.T.);
#1232=ORIENTED_EDGE('',*,*,#914,.T.);
#1233=ORIENTED_EDGE('',*,*,#915,.T.);
#1234=ORIENTED_EDGE('',*,*,#916,.T.);
#1235=ORIENTED_EDGE('',*,*,#917,.F.);
#1236=ORIENTED_EDGE('',*,*,#910,.F.);
#1237=ORIENTED_EDGE('',*,*,#918,.T.);
#1238=ORIENTED_EDGE('',*,*,#919,.T.);
#1239=ORIENTED_EDGE('',*,*,#908,.F.);
#1240=ORIENTED_EDGE('',*,*,#919,.F.);
#1241=ORIENTED_EDGE('',*,*,#920,.T.);
#1242=ORIENTED_EDGE('',*,*,#921,.T.);
#1243=ORIENTED_EDGE('',*,*,#917,.T.);
#1244=ORIENTED_EDGE('',*,*,#921,.F.);
#1245=ORIENTED_EDGE('',*,*,#922,.T.);
#1246=ORIENTED_EDGE('',*,*,#923,.T.);
#1247=ORIENTED_EDGE('',*,*,#920,.F.);
#1248=ORIENTED_EDGE('',*,*,#923,.F.);
#1249=ORIENTED_EDGE('',*,*,#924,.T.);
#1250=ORIENTED_EDGE('',*,*,#925,.T.);
#1251=ORIENTED_EDGE('',*,*,#926,.T.);
#1252=ORIENTED_EDGE('',*,*,#927,.T.);
#1253=ORIENTED_EDGE('',*,*,#928,.T.);
#1254=ORIENTED_EDGE('',*,*,#929,.T.);
#1255=ORIENTED_EDGE('',*,*,#911,.T.);
#1256=ORIENTED_EDGE('',*,*,#930,.T.);
#1257=ORIENTED_EDGE('',*,*,#931,.T.);
#1258=ORIENTED_EDGE('',*,*,#932,.T.);
#1259=ORIENTED_EDGE('',*,*,#866,.T.);
#1260=ORIENTED_EDGE('',*,*,#933,.T.);
#1261=ORIENTED_EDGE('',*,*,#934,.T.);
#1262=ORIENTED_EDGE('',*,*,#933,.F.);
#1263=ORIENTED_EDGE('',*,*,#935,.T.);
#1264=ORIENTED_EDGE('',*,*,#929,.F.);
#1265=ORIENTED_EDGE('',*,*,#936,.T.);
#1266=ORIENTED_EDGE('',*,*,#930,.F.);
#1267=ORIENTED_EDGE('',*,*,#937,.T.);
#1268=ORIENTED_EDGE('',*,*,#927,.F.);
#1269=ORIENTED_EDGE('',*,*,#937,.F.);
#1270=ORIENTED_EDGE('',*,*,#916,.F.);
#1271=ORIENTED_EDGE('',*,*,#938,.F.);
#1272=ORIENTED_EDGE('',*,*,#939,.F.);
#1273=ORIENTED_EDGE('',*,*,#935,.F.);
#1274=ORIENTED_EDGE('',*,*,#865,.F.);
#1275=ORIENTED_EDGE('',*,*,#940,.F.);
#1276=ORIENTED_EDGE('',*,*,#912,.F.);
#1277=ORIENTED_EDGE('',*,*,#924,.F.);
#1278=ORIENTED_EDGE('',*,*,#939,.T.);
#1279=ORIENTED_EDGE('',*,*,#941,.T.);
#1280=ORIENTED_EDGE('',*,*,#942,.T.);
#1281=ORIENTED_EDGE('',*,*,#926,.F.);
#1282=ORIENTED_EDGE('',*,*,#943,.T.);
#1283=ORIENTED_EDGE('',*,*,#931,.F.);
#1284=ORIENTED_EDGE('',*,*,#934,.F.);
#1285=ORIENTED_EDGE('',*,*,#928,.F.);
#1286=ORIENTED_EDGE('',*,*,#936,.F.);
#1287=ORIENTED_EDGE('',*,*,#925,.F.);
#1288=ORIENTED_EDGE('',*,*,#942,.F.);
#1289=ORIENTED_EDGE('',*,*,#944,.F.);
#1290=ORIENTED_EDGE('',*,*,#945,.F.);
#1291=ORIENTED_EDGE('',*,*,#946,.F.);
#1292=ORIENTED_EDGE('',*,*,#867,.F.);
#1293=ORIENTED_EDGE('',*,*,#932,.F.);
#1294=ORIENTED_EDGE('',*,*,#943,.F.);
#1295=ORIENTED_EDGE('',*,*,#922,.F.);
#1296=ORIENTED_EDGE('',*,*,#918,.F.);
#1297=ORIENTED_EDGE('',*,*,#853,.F.);
#1298=ORIENTED_EDGE('',*,*,#868,.F.);
#1299=ORIENTED_EDGE('',*,*,#946,.T.);
#1300=ORIENTED_EDGE('',*,*,#947,.F.);
#1301=ORIENTED_EDGE('',*,*,#902,.F.);
#1302=ORIENTED_EDGE('',*,*,#899,.F.);
#1303=ORIENTED_EDGE('',*,*,#881,.F.);
#1304=ORIENTED_EDGE('',*,*,#944,.T.);
#1305=ORIENTED_EDGE('',*,*,#941,.F.);
#1306=ORIENTED_EDGE('',*,*,#948,.T.);
#1307=ORIENTED_EDGE('',*,*,#949,.F.);
#1308=ORIENTED_EDGE('',*,*,#950,.T.);
#1309=ORIENTED_EDGE('',*,*,#951,.T.);
#1310=ORIENTED_EDGE('',*,*,#952,.T.);
#1311=ORIENTED_EDGE('',*,*,#953,.T.);
#1312=ORIENTED_EDGE('',*,*,#954,.T.);
#1313=ORIENTED_EDGE('',*,*,#955,.T.);
#1314=ORIENTED_EDGE('',*,*,#956,.T.);
#1315=ORIENTED_EDGE('',*,*,#957,.T.);
#1316=ORIENTED_EDGE('',*,*,#958,.T.);
#1317=ORIENTED_EDGE('',*,*,#959,.T.);
#1318=ORIENTED_EDGE('',*,*,#960,.T.);
#1319=ORIENTED_EDGE('',*,*,#961,.T.);
#1320=ORIENTED_EDGE('',*,*,#952,.F.);
#1321=ORIENTED_EDGE('',*,*,#962,.T.);
#1322=ORIENTED_EDGE('',*,*,#954,.F.);
#1323=ORIENTED_EDGE('',*,*,#963,.T.);
#1324=ORIENTED_EDGE('',*,*,#960,.F.);
#1325=ORIENTED_EDGE('',*,*,#891,.T.);
#1326=ORIENTED_EDGE('',*,*,#886,.F.);
#1327=ORIENTED_EDGE('',*,*,#894,.T.);
#1328=ORIENTED_EDGE('',*,*,#956,.F.);
#1329=ORIENTED_EDGE('',*,*,#964,.T.);
#1330=ORIENTED_EDGE('',*,*,#958,.F.);
#1331=ORIENTED_EDGE('',*,*,#965,.T.);
#1332=ORIENTED_EDGE('',*,*,#913,.F.);
#1333=ORIENTED_EDGE('',*,*,#966,.T.);
#1334=ORIENTED_EDGE('',*,*,#950,.F.);
#1335=ORIENTED_EDGE('',*,*,#967,.T.);
#1336=ORIENTED_EDGE('',*,*,#968,.T.);
#1337=ORIENTED_EDGE('',*,*,#969,.T.);
#1338=ORIENTED_EDGE('',*,*,#970,.T.);
#1339=ORIENTED_EDGE('',*,*,#971,.T.);
#1340=ORIENTED_EDGE('',*,*,#940,.T.);
#1341=ORIENTED_EDGE('',*,*,#864,.F.);
#1342=ORIENTED_EDGE('',*,*,#972,.F.);
#1343=ORIENTED_EDGE('',*,*,#966,.F.);
#1344=ORIENTED_EDGE('',*,*,#972,.T.);
#1345=ORIENTED_EDGE('',*,*,#863,.F.);
#1346=ORIENTED_EDGE('',*,*,#973,.F.);
#1347=ORIENTED_EDGE('',*,*,#951,.F.);
#1348=ORIENTED_EDGE('',*,*,#973,.T.);
#1349=ORIENTED_EDGE('',*,*,#862,.F.);
#1350=ORIENTED_EDGE('',*,*,#974,.F.);
#1351=ORIENTED_EDGE('',*,*,#962,.F.);
#1352=ORIENTED_EDGE('',*,*,#974,.T.);
#1353=ORIENTED_EDGE('',*,*,#861,.F.);
#1354=ORIENTED_EDGE('',*,*,#975,.F.);
#1355=ORIENTED_EDGE('',*,*,#955,.F.);
#1356=ORIENTED_EDGE('',*,*,#975,.T.);
#1357=ORIENTED_EDGE('',*,*,#860,.F.);
#1358=ORIENTED_EDGE('',*,*,#976,.F.);
#1359=ORIENTED_EDGE('',*,*,#964,.F.);
#1360=ORIENTED_EDGE('',*,*,#976,.T.);
#1361=ORIENTED_EDGE('',*,*,#859,.F.);
#1362=ORIENTED_EDGE('',*,*,#892,.F.);
#1363=ORIENTED_EDGE('',*,*,#959,.F.);
#1364=ORIENTED_EDGE('',*,*,#938,.T.);
#1365=ORIENTED_EDGE('',*,*,#915,.F.);
#1366=ORIENTED_EDGE('',*,*,#977,.F.);
#1367=ORIENTED_EDGE('',*,*,#948,.F.);
#1368=ORIENTED_EDGE('',*,*,#977,.T.);
#1369=ORIENTED_EDGE('',*,*,#914,.F.);
#1370=ORIENTED_EDGE('',*,*,#978,.F.);
#1371=ORIENTED_EDGE('',*,*,#979,.F.);
#1372=ORIENTED_EDGE('',*,*,#978,.T.);
#1373=ORIENTED_EDGE('',*,*,#971,.F.);
#1374=ORIENTED_EDGE('',*,*,#980,.F.);
#1375=ORIENTED_EDGE('',*,*,#981,.F.);
#1376=ORIENTED_EDGE('',*,*,#980,.T.);
#1377=ORIENTED_EDGE('',*,*,#970,.F.);
#1378=ORIENTED_EDGE('',*,*,#982,.F.);
#1379=ORIENTED_EDGE('',*,*,#983,.F.);
#1380=ORIENTED_EDGE('',*,*,#982,.T.);
#1381=ORIENTED_EDGE('',*,*,#969,.F.);
#1382=ORIENTED_EDGE('',*,*,#984,.F.);
#1383=ORIENTED_EDGE('',*,*,#907,.F.);
#1384=ORIENTED_EDGE('',*,*,#984,.T.);
#1385=ORIENTED_EDGE('',*,*,#968,.F.);
#1386=ORIENTED_EDGE('',*,*,#985,.F.);
#1387=ORIENTED_EDGE('',*,*,#905,.F.);
#1388=ORIENTED_EDGE('',*,*,#985,.T.);
#1389=ORIENTED_EDGE('',*,*,#967,.F.);
#1390=ORIENTED_EDGE('',*,*,#986,.F.);
#1391=ORIENTED_EDGE('',*,*,#812,.F.);
#1392=ORIENTED_EDGE('',*,*,#986,.T.);
#1393=ORIENTED_EDGE('',*,*,#953,.F.);
#1394=ORIENTED_EDGE('',*,*,#987,.F.);
#1395=ORIENTED_EDGE('',*,*,#813,.F.);
#1396=ORIENTED_EDGE('',*,*,#987,.T.);
#1397=ORIENTED_EDGE('',*,*,#963,.F.);
#1398=ORIENTED_EDGE('',*,*,#988,.F.);
#1399=ORIENTED_EDGE('',*,*,#814,.F.);
#1400=ORIENTED_EDGE('',*,*,#988,.T.);
#1401=ORIENTED_EDGE('',*,*,#957,.F.);
#1402=ORIENTED_EDGE('',*,*,#989,.F.);
#1403=ORIENTED_EDGE('',*,*,#815,.F.);
#1404=ORIENTED_EDGE('',*,*,#989,.T.);
#1405=ORIENTED_EDGE('',*,*,#965,.F.);
#1406=ORIENTED_EDGE('',*,*,#990,.F.);
#1407=ORIENTED_EDGE('',*,*,#816,.F.);
#1408=ORIENTED_EDGE('',*,*,#990,.T.);
#1409=ORIENTED_EDGE('',*,*,#961,.F.);
#1410=ORIENTED_EDGE('',*,*,#893,.F.);
#1411=ORIENTED_EDGE('',*,*,#817,.F.);
#1412=ORIENTED_EDGE('',*,*,#903,.F.);
#1413=ORIENTED_EDGE('',*,*,#947,.T.);
#1414=ORIENTED_EDGE('',*,*,#945,.T.);
#1415=ORIENTED_EDGE('',*,*,#949,.T.);
#1416=ORIENTED_EDGE('',*,*,#979,.T.);
#1417=ORIENTED_EDGE('',*,*,#981,.T.);
#1418=ORIENTED_EDGE('',*,*,#991,.T.);
#1419=ORIENTED_EDGE('',*,*,#901,.F.);
#1420=ORIENTED_EDGE('',*,*,#991,.F.);
#1421=ORIENTED_EDGE('',*,*,#983,.T.);
#1422=ORIENTED_EDGE('',*,*,#906,.F.);
#1423=ORIENTED_EDGE('',*,*,#896,.F.);
#1424=ORIENTED_EDGE('',*,*,#782,.F.);
#1425=ORIENTED_EDGE('',*,*,#799,.F.);
#1426=ORIENTED_EDGE('',*,*,#833,.F.);
#1427=ORIENTED_EDGE('',*,*,#829,.F.);
#1428=ORIENTED_EDGE('',*,*,#992,.F.);
#1429=ORIENTED_EDGE('',*,*,#993,.T.);
#1430=ORIENTED_EDGE('',*,*,#821,.T.);
#1431=ORIENTED_EDGE('',*,*,#994,.T.);
#1432=ORIENTED_EDGE('',*,*,#992,.T.);
#1433=ORIENTED_EDGE('',*,*,#995,.F.);
#1434=ORIENTED_EDGE('',*,*,#996,.T.);
#1435=ORIENTED_EDGE('',*,*,#997,.F.);
#1436=ORIENTED_EDGE('',*,*,#998,.F.);
#1437=ORIENTED_EDGE('',*,*,#999,.F.);
#1438=ORIENTED_EDGE('',*,*,#994,.F.);
#1439=ORIENTED_EDGE('',*,*,#820,.F.);
#1440=ORIENTED_EDGE('',*,*,#1000,.F.);
#1441=ORIENTED_EDGE('',*,*,#995,.T.);
#1442=ORIENTED_EDGE('',*,*,#996,.F.);
#1443=ORIENTED_EDGE('',*,*,#1000,.T.);
#1444=ORIENTED_EDGE('',*,*,#825,.T.);
#1445=ORIENTED_EDGE('',*,*,#1001,.T.);
#1446=ORIENTED_EDGE('',*,*,#1001,.F.);
#1447=ORIENTED_EDGE('',*,*,#824,.F.);
#1448=ORIENTED_EDGE('',*,*,#1002,.T.);
#1449=ORIENTED_EDGE('',*,*,#997,.T.);
#1450=ORIENTED_EDGE('',*,*,#823,.F.);
#1451=ORIENTED_EDGE('',*,*,#1003,.T.);
#1452=ORIENTED_EDGE('',*,*,#998,.T.);
#1453=ORIENTED_EDGE('',*,*,#1002,.F.);
#1454=ORIENTED_EDGE('',*,*,#993,.F.);
#1455=ORIENTED_EDGE('',*,*,#999,.T.);
#1456=ORIENTED_EDGE('',*,*,#1003,.F.);
#1457=ORIENTED_EDGE('',*,*,#822,.F.);
#1458=CYLINDRICAL_SURFACE('',#1628,0.3);
#1459=CYLINDRICAL_SURFACE('',#1631,0.3);
#1460=CYLINDRICAL_SURFACE('',#1634,0.3);
#1461=CYLINDRICAL_SURFACE('',#1637,0.3);
#1462=CYLINDRICAL_SURFACE('',#1648,0.3);
#1463=CYLINDRICAL_SURFACE('',#1652,0.3);
#1464=CYLINDRICAL_SURFACE('',#1670,0.3);
#1465=CYLINDRICAL_SURFACE('',#1671,0.3);
#1466=CYLINDRICAL_SURFACE('',#1676,0.3);
#1467=CYLINDRICAL_SURFACE('',#1679,4.);
#1468=CYLINDRICAL_SURFACE('',#1681,4.);
#1469=CYLINDRICAL_SURFACE('',#1684,0.3);
#1470=CYLINDRICAL_SURFACE('',#1690,0.3);
#1471=CYLINDRICAL_SURFACE('',#1699,3.);
#1472=CYLINDRICAL_SURFACE('',#1702,0.3);
#1473=CYLINDRICAL_SURFACE('',#1706,0.3);
#1474=CYLINDRICAL_SURFACE('',#1712,3.8);
#1475=CYLINDRICAL_SURFACE('',#1716,0.3);
#1476=CYLINDRICAL_SURFACE('',#1725,0.4);
#1477=CYLINDRICAL_SURFACE('',#1729,4.4);
#1478=CYLINDRICAL_SURFACE('',#1737,1.65000000000003);
#1479=CYLINDRICAL_SURFACE('',#1741,1.65000000000003);
#1480=CYLINDRICAL_SURFACE('',#1757,3.8);
#1481=CYLINDRICAL_SURFACE('',#1762,2.);
#1482=CYLINDRICAL_SURFACE('',#1765,2.);
#1483=CYLINDRICAL_SURFACE('',#1766,2.);
#1484=CYLINDRICAL_SURFACE('',#1769,5.);
#1485=CYLINDRICAL_SURFACE('',#1789,2.);
#1486=CYLINDRICAL_SURFACE('',#1794,2.);
#1487=ADVANCED_FACE('',(#126),#1458,.T.);
#1488=ADVANCED_FACE('',(#127),#1459,.T.);
#1489=ADVANCED_FACE('',(#128),#1460,.T.);
#1490=ADVANCED_FACE('',(#129),#1461,.T.);
#1491=ADVANCED_FACE('',(#130),#120,.T.);
#1492=ADVANCED_FACE('',(#131),#121,.T.);
#1493=ADVANCED_FACE('',(#132),#122,.T.);
#1494=ADVANCED_FACE('',(#133),#123,.T.);
#1495=ADVANCED_FACE('',(#134),#1462,.T.);
#1496=ADVANCED_FACE('',(#135),#88,.T.);
#1497=ADVANCED_FACE('',(#136),#1463,.T.);
#1498=ADVANCED_FACE('',(#137),#89,.T.);
#1499=ADVANCED_FACE('',(#138,#59),#90,.T.);
#1500=ADVANCED_FACE('',(#139),#124,.T.);
#1501=ADVANCED_FACE('',(#140),#1464,.T.);
#1502=ADVANCED_FACE('',(#141),#1465,.T.);
#1503=ADVANCED_FACE('',(#142),#47,.F.);
#1504=ADVANCED_FACE('',(#143),#1466,.T.);
#1505=ADVANCED_FACE('',(#144),#125,.T.);
#1506=ADVANCED_FACE('',(#145),#1467,.F.);
#1507=ADVANCED_FACE('',(#146),#1468,.F.);
#1508=ADVANCED_FACE('',(#147),#91,.T.);
#1509=ADVANCED_FACE('',(#148),#1469,.T.);
#1510=ADVANCED_FACE('',(#149),#48,.F.);
#1511=ADVANCED_FACE('',(#150),#35,.T.);
#1512=ADVANCED_FACE('',(#151),#1470,.T.);
#1513=ADVANCED_FACE('',(#152),#92,.F.);
#1514=ADVANCED_FACE('',(#153),#1471,.F.);
#1515=ADVANCED_FACE('',(#154),#49,.F.);
#1516=ADVANCED_FACE('',(#155),#1472,.T.);
#1517=ADVANCED_FACE('',(#156),#36,.T.);
#1518=ADVANCED_FACE('',(#157),#1473,.T.);
#1519=ADVANCED_FACE('',(#158),#50,.F.);
#1520=ADVANCED_FACE('',(#159),#93,.F.);
#1521=ADVANCED_FACE('',(#160),#94,.T.);
#1522=ADVANCED_FACE('',(#161),#37,.T.);
#1523=ADVANCED_FACE('',(#162),#1474,.T.);
#1524=ADVANCED_FACE('',(#163),#38,.T.);
#1525=ADVANCED_FACE('',(#164),#1475,.T.);
#1526=ADVANCED_FACE('',(#165),#39,.T.);
#1527=ADVANCED_FACE('',(#166),#19,.F.);
#1528=ADVANCED_FACE('',(#167),#20,.F.);
#1529=ADVANCED_FACE('',(#168),#51,.F.);
#1530=ADVANCED_FACE('',(#169),#1476,.T.);
#1531=ADVANCED_FACE('',(#170),#52,.F.);
#1532=ADVANCED_FACE('',(#171),#53,.F.);
#1533=ADVANCED_FACE('',(#172),#40,.F.);
#1534=ADVANCED_FACE('',(#173),#1477,.F.);
#1535=ADVANCED_FACE('',(#174),#21,.F.);
#1536=ADVANCED_FACE('',(#175,#60,#61),#95,.F.);
#1537=ADVANCED_FACE('',(#176),#1478,.F.);
#1538=ADVANCED_FACE('',(#177),#22,.F.);
#1539=ADVANCED_FACE('',(#178),#1479,.F.);
#1540=ADVANCED_FACE('',(#179),#96,.T.);
#1541=ADVANCED_FACE('',(#180),#97,.T.);
#1542=ADVANCED_FACE('',(#181),#98,.T.);
#1543=ADVANCED_FACE('',(#182),#99,.T.);
#1544=ADVANCED_FACE('',(#183),#100,.T.);
#1545=ADVANCED_FACE('',(#184),#101,.T.);
#1546=ADVANCED_FACE('',(#185),#102,.F.);
#1547=ADVANCED_FACE('',(#186),#103,.T.);
#1548=ADVANCED_FACE('',(#187),#104,.F.);
#1549=ADVANCED_FACE('',(#188,#62,#63),#105,.F.);
#1550=ADVANCED_FACE('',(#189),#106,.F.);
#1551=ADVANCED_FACE('',(#190),#41,.T.);
#1552=ADVANCED_FACE('',(#191),#1480,.T.);
#1553=ADVANCED_FACE('',(#192),#107,.F.);
#1554=ADVANCED_FACE('',(#193),#108,.F.);
#1555=ADVANCED_FACE('',(#194),#1481,.F.);
#1556=ADVANCED_FACE('',(#195),#1482,.F.);
#1557=ADVANCED_FACE('',(#196),#1483,.T.);
#1558=ADVANCED_FACE('',(#197),#1484,.F.);
#1559=ADVANCED_FACE('',(#198),#23,.F.);
#1560=ADVANCED_FACE('',(#199),#24,.T.);
#1561=ADVANCED_FACE('',(#200),#25,.F.);
#1562=ADVANCED_FACE('',(#201),#109,.F.);
#1563=ADVANCED_FACE('',(#202),#26,.T.);
#1564=ADVANCED_FACE('',(#203),#110,.F.);
#1565=ADVANCED_FACE('',(#204),#54,.T.);
#1566=ADVANCED_FACE('',(#205),#55,.T.);
#1567=ADVANCED_FACE('',(#206),#56,.T.);
#1568=ADVANCED_FACE('',(#207),#57,.T.);
#1569=ADVANCED_FACE('',(#208),#111,.F.);
#1570=ADVANCED_FACE('',(#209),#58,.T.);
#1571=ADVANCED_FACE('',(#210),#27,.F.);
#1572=ADVANCED_FACE('',(#211),#28,.T.);
#1573=ADVANCED_FACE('',(#212),#29,.F.);
#1574=ADVANCED_FACE('',(#213),#112,.T.);
#1575=ADVANCED_FACE('',(#214),#30,.T.);
#1576=ADVANCED_FACE('',(#215),#113,.T.);
#1577=ADVANCED_FACE('',(#216),#31,.F.);
#1578=ADVANCED_FACE('',(#217),#42,.T.);
#1579=ADVANCED_FACE('',(#218),#114,.F.);
#1580=ADVANCED_FACE('',(#219),#1485,.F.);
#1581=ADVANCED_FACE('',(#220),#115,.F.);
#1582=ADVANCED_FACE('',(#221),#116,.F.);
#1583=ADVANCED_FACE('',(#222),#1486,.F.);
#1584=ADVANCED_FACE('',(#223),#117,.F.);
#1585=ADVANCED_FACE('',(#224),#118,.F.);
#1586=ADVANCED_FACE('',(#225),#119,.F.);
#1587=CLOSED_SHELL('',(#1487,#1488,#1489,#1490,#1491,#1492,#1493,#1494,
#1495,#1496,#1497,#1498,#1499,#1500,#1501,#1502,#1503,#1504,#1505,#1506,
#1507,#1508,#1509,#1510,#1511,#1512,#1513,#1514,#1515,#1516,#1517,#1518,
#1519,#1520,#1521,#1522,#1523,#1524,#1525,#1526,#1527,#1528,#1529,#1530,
#1531,#1532,#1533,#1534,#1535,#1536,#1537,#1538,#1539,#1540,#1541,#1542,
#1543,#1544,#1545,#1546,#1547,#1548,#1549,#1550,#1551,#1552,#1553,#1554,
#1555,#1556,#1557,#1558,#1559,#1560,#1561,#1562,#1563,#1564,#1565,#1566,
#1567,#1568,#1569,#1570,#1571,#1572,#1573,#1574,#1575,#1576,#1577,#1578,
#1579,#1580,#1581,#1582,#1583,#1584,#1585,#1586));
#1588=ITEM_DEFINED_TRANSFORMATION($,$,#1625,#1626);
#1589=ITEM_DEFINED_TRANSFORMATION($,$,#1624,#1798);
#1590=ITEM_DEFINED_TRANSFORMATION($,$,#1627,#1799);
#1591=(
REPRESENTATION_RELATIONSHIP($,$,#3575,#3574)
REPRESENTATION_RELATIONSHIP_WITH_TRANSFORMATION(#1588)
SHAPE_REPRESENTATION_RELATIONSHIP()
);
#1592=(
REPRESENTATION_RELATIONSHIP($,$,#3574,#3573)
REPRESENTATION_RELATIONSHIP_WITH_TRANSFORMATION(#1589)
SHAPE_REPRESENTATION_RELATIONSHIP()
);
#1593=(
REPRESENTATION_RELATIONSHIP($,$,#3576,#3573)
REPRESENTATION_RELATIONSHIP_WITH_TRANSFORMATION(#1590)
SHAPE_REPRESENTATION_RELATIONSHIP()
);
#1594=CONTEXT_DEPENDENT_SHAPE_REPRESENTATION(#1591,#3569);
#1595=CONTEXT_DEPENDENT_SHAPE_REPRESENTATION(#1592,#3571);
#1596=CONTEXT_DEPENDENT_SHAPE_REPRESENTATION(#1593,#3572);
#1597=NEXT_ASSEMBLY_USAGE_OCCURRENCE(
'Nozzle Wiper Arm^K3 Sherpa Mini Toolhead (2):1',
'Nozzle Wiper Arm^K3 Sherpa Mini Toolhead (2):1',
'Nozzle Wiper Arm^K3 Sherpa Mini Toolhead (2):1',#3579,#3580,
'Nozzle Wiper Arm^K3 Sherpa Mini Toolhead (2):1');
#1598=NEXT_ASSEMBLY_USAGE_OCCURRENCE(
'K3 Sherpa Mini Toolhead(stationary parts only):1',
'K3 Sherpa Mini Toolhead(stationary parts only):1',
'K3 Sherpa Mini Toolhead(stationary parts only):1',#3578,#3579,
'K3 Sherpa Mini Toolhead(stationary parts only):1');
#1599=NEXT_ASSEMBLY_USAGE_OCCURRENCE('Nozzle_brush v1:1',
'Nozzle_brush v1:1','Nozzle_brush v1:1',#3578,#3581,'Nozzle_brush v1:1');
#1600=DERIVED_UNIT_ELEMENT(#1604,1.);
#1601=DERIVED_UNIT_ELEMENT(#3559,-3.);
#1602=DERIVED_UNIT_ELEMENT(#1604,1.);
#1603=DERIVED_UNIT_ELEMENT(#3559,-3.);
#1604=(
MASS_UNIT()
NAMED_UNIT(*)
SI_UNIT(.KILO.,.GRAM.)
);
#1605=DERIVED_UNIT((#1600,#1601));
#1606=DERIVED_UNIT((#1602,#1603));
#1607=MEASURE_REPRESENTATION_ITEM('density measure',
POSITIVE_RATIO_MEASURE(7850.),#1605);
#1608=MEASURE_REPRESENTATION_ITEM('density measure',
POSITIVE_RATIO_MEASURE(7850.),#1606);
#1609=PROPERTY_DEFINITION_REPRESENTATION(#1619,#1613);
#1610=PROPERTY_DEFINITION_REPRESENTATION(#1620,#1614);
#1611=PROPERTY_DEFINITION_REPRESENTATION(#1621,#1615);
#1612=PROPERTY_DEFINITION_REPRESENTATION(#1622,#1616);
#1613=REPRESENTATION('material name',(#1617),#3555);
#1614=REPRESENTATION('density',(#1607),#3555);
#1615=REPRESENTATION('material name',(#1618),#3556);
#1616=REPRESENTATION('density',(#1608),#3556);
#1617=DESCRIPTIVE_REPRESENTATION_ITEM('Steel','Steel');
#1618=DESCRIPTIVE_REPRESENTATION_ITEM('Steel','Steel');
#1619=PROPERTY_DEFINITION('material property','material name',#3580);
#1620=PROPERTY_DEFINITION('material property','density of part',#3580);
#1621=PROPERTY_DEFINITION('material property','material name',#3581);
#1622=PROPERTY_DEFINITION('material property','density of part',#3581);
#1623=AXIS2_PLACEMENT_3D('',#2276,#1801,#1802);
#1624=AXIS2_PLACEMENT_3D('',#2277,#1803,#1804);
#1625=AXIS2_PLACEMENT_3D('',#2278,#1805,#1806);
#1626=AXIS2_PLACEMENT_3D('',#2279,#1807,#1808);
#1627=AXIS2_PLACEMENT_3D('',#2280,#1809,#1810);
#1628=AXIS2_PLACEMENT_3D('',#2281,#1811,#1812);
#1629=AXIS2_PLACEMENT_3D('',#2284,#1813,#1814);
#1630=AXIS2_PLACEMENT_3D('',#2288,#1816,#1817);
#1631=AXIS2_PLACEMENT_3D('',#2290,#1819,#1820);
#1632=AXIS2_PLACEMENT_3D('',#2293,#1821,#1822);
#1633=AXIS2_PLACEMENT_3D('',#2296,#1824,#1825);
#1634=AXIS2_PLACEMENT_3D('',#2298,#1827,#1828);
#1635=AXIS2_PLACEMENT_3D('',#2300,#1829,#1830);
#1636=AXIS2_PLACEMENT_3D('',#2304,#1832,#1833);
#1637=AXIS2_PLACEMENT_3D('',#2306,#1835,#1836);
#1638=AXIS2_PLACEMENT_3D('',#2308,#1837,#1838);
#1639=AXIS2_PLACEMENT_3D('',#2311,#1840,#1841);
#1640=AXIS2_PLACEMENT_3D('',#2313,#1843,#1844);
#1641=AXIS2_PLACEMENT_3D('',#2314,#1845,#1846);
#1642=AXIS2_PLACEMENT_3D('',#2315,#1847,#1848);
#1643=AXIS2_PLACEMENT_3D('',#2316,#1849,#1850);
#1644=AXIS2_PLACEMENT_3D('',#2317,#1851,#1852);
#1645=AXIS2_PLACEMENT_3D('',#2318,#1853,#1854);
#1646=AXIS2_PLACEMENT_3D('',#2319,#1855,#1856);
#1647=AXIS2_PLACEMENT_3D('',#2320,#1857,#1858);
#1648=AXIS2_PLACEMENT_3D('',#2321,#1859,#1860);
#1649=AXIS2_PLACEMENT_3D('',#2325,#1862,#1863);
#1650=AXIS2_PLACEMENT_3D('',#2327,#1865,#1866);
#1651=AXIS2_PLACEMENT_3D('',#2335,#1870,#1871);
#1652=AXIS2_PLACEMENT_3D('',#2337,#1873,#1874);
#1653=AXIS2_PLACEMENT_3D('',#2340,#1876,#1877);
#1654=AXIS2_PLACEMENT_3D('',#2341,#1878,#1879);
#1655=AXIS2_PLACEMENT_3D('',#2345,#1881,#1882);
#1656=AXIS2_PLACEMENT_3D('',#2356,#1884,#1885);
#1657=AXIS2_PLACEMENT_3D('',#2358,#1886,#1887);
#1658=AXIS2_PLACEMENT_3D('',#2360,#1888,#1889);
#1659=AXIS2_PLACEMENT_3D('',#2362,#1890,#1891);
#1660=AXIS2_PLACEMENT_3D('',#2366,#1893,#1894);
#1661=AXIS2_PLACEMENT_3D('',#2370,#1896,#1897);
#1662=AXIS2_PLACEMENT_3D('',#2371,#1898,#1899);
#1663=AXIS2_PLACEMENT_3D('',#2372,#1900,#1901);
#1664=AXIS2_PLACEMENT_3D('',#2377,#1903,#1904);
#1665=AXIS2_PLACEMENT_3D('',#2384,#1908,#1909);
#1666=AXIS2_PLACEMENT_3D('',#2385,#1910,#1911);
#1667=AXIS2_PLACEMENT_3D('',#2388,#1912,#1913);
#1668=AXIS2_PLACEMENT_3D('',#2390,#1914,#1915);
#1669=AXIS2_PLACEMENT_3D('',#2391,#1916,#1917);
#1670=AXIS2_PLACEMENT_3D('',#2392,#1918,#1919);
#1671=AXIS2_PLACEMENT_3D('',#2395,#1922,#1923);
#1672=AXIS2_PLACEMENT_3D('',#2397,#1924,#1925);
#1673=AXIS2_PLACEMENT_3D('',#2432,#1928,#1929);
#1674=AXIS2_PLACEMENT_3D('',#2434,#1930,#1931);
#1675=AXIS2_PLACEMENT_3D('',#2435,#1932,#1933);
#1676=AXIS2_PLACEMENT_3D('',#2436,#1934,#1935);
#1677=AXIS2_PLACEMENT_3D('',#2439,#1938,#1939);
#1678=AXIS2_PLACEMENT_3D('',#2440,#1940,#1941);
#1679=AXIS2_PLACEMENT_3D('',#2441,#1942,#1943);
#1680=AXIS2_PLACEMENT_3D('',#2445,#1945,#1946);
#1681=AXIS2_PLACEMENT_3D('',#2458,#1948,#1949);
#1682=AXIS2_PLACEMENT_3D('',#2462,#1951,#1952);
#1683=AXIS2_PLACEMENT_3D('',#2464,#1954,#1955);
#1684=AXIS2_PLACEMENT_3D('',#2466,#1957,#1958);
#1685=AXIS2_PLACEMENT_3D('',#2467,#1959,#1960);
#1686=AXIS2_PLACEMENT_3D('',#2509,#1961,#1962);
#1687=AXIS2_PLACEMENT_3D('',#2520,#1963,#1964);
#1688=AXIS2_PLACEMENT_3D('',#2522,#1965,#1966);
#1689=AXIS2_PLACEMENT_3D('',#2523,#1967,#1968);
#1690=AXIS2_PLACEMENT_3D('',#2524,#1969,#1970);
#1691=AXIS2_PLACEMENT_3D('',#2527,#1971,#1972);
#1692=AXIS2_PLACEMENT_3D('',#2530,#1975,#1976);
#1693=AXIS2_PLACEMENT_3D('',#2534,#1978,#1979);
#1694=AXIS2_PLACEMENT_3D('',#2536,#1980,#1981);
#1695=AXIS2_PLACEMENT_3D('',#2540,#1983,#1984);
#1696=AXIS2_PLACEMENT_3D('',#2544,#1986,#1987);
#1697=AXIS2_PLACEMENT_3D('',#2546,#1988,#1989);
#1698=AXIS2_PLACEMENT_3D('',#2548,#1990,#1991);
#1699=AXIS2_PLACEMENT_3D('',#2556,#1996,#1997);
#1700=AXIS2_PLACEMENT_3D('',#2560,#1999,#2000);
#1701=AXIS2_PLACEMENT_3D('',#2587,#2002,#2003);
#1702=AXIS2_PLACEMENT_3D('',#2594,#2004,#2005);
#1703=AXIS2_PLACEMENT_3D('',#2595,#2006,#2007);
#1704=AXIS2_PLACEMENT_3D('',#2597,#2009,#2010);
#1705=AXIS2_PLACEMENT_3D('',#2598,#2011,#2012);
#1706=AXIS2_PLACEMENT_3D('',#2599,#2013,#2014);
#1707=AXIS2_PLACEMENT_3D('',#2691,#2016,#2017);
#1708=AXIS2_PLACEMENT_3D('',#2701,#2018,#2019);
#1709=AXIS2_PLACEMENT_3D('',#2711,#2022,#2023);
#1710=AXIS2_PLACEMENT_3D('',#2712,#2024,#2025);
#1711=AXIS2_PLACEMENT_3D('',#2740,#2026,#2027);
#1712=AXIS2_PLACEMENT_3D('',#2741,#2028,#2029);
#1713=AXIS2_PLACEMENT_3D('',#2744,#2031,#2032);
#1714=AXIS2_PLACEMENT_3D('',#2745,#2033,#2034);
#1715=AXIS2_PLACEMENT_3D('',#2746,#2035,#2036);
#1716=AXIS2_PLACEMENT_3D('',#2747,#2037,#2038);
#1717=AXIS2_PLACEMENT_3D('',#2748,#2039,#2040);
#1718=AXIS2_PLACEMENT_3D('',#2749,#2041,#2042);
#1719=AXIS2_PLACEMENT_3D('',#2776,#2043,#2044);
#1720=AXIS2_PLACEMENT_3D('',#2778,#2045,#2046);
#1721=AXIS2_PLACEMENT_3D('',#2780,#2048,#2049);
#1722=AXIS2_PLACEMENT_3D('',#2783,#2051,#2052);
#1723=AXIS2_PLACEMENT_3D('',#2820,#2053,#2054);
#1724=AXIS2_PLACEMENT_3D('',#2827,#2055,#2056);
#1725=AXIS2_PLACEMENT_3D('',#2828,#2057,#2058);
#1726=AXIS2_PLACEMENT_3D('',#2860,#2060,#2061);
#1727=AXIS2_PLACEMENT_3D('',#2940,#2062,#2063);
#1728=AXIS2_PLACEMENT_3D('',#2942,#2064,#2065);
#1729=AXIS2_PLACEMENT_3D('',#2979,#2066,#2067);
#1730=AXIS2_PLACEMENT_3D('',#2981,#2068,#2069);
#1731=AXIS2_PLACEMENT_3D('',#2983,#2071,#2072);
#1732=AXIS2_PLACEMENT_3D('',#2985,#2073,#2074);
#1733=AXIS2_PLACEMENT_3D('',#2988,#2076,#2077);
#1734=AXIS2_PLACEMENT_3D('',#2989,#2078,#2079);
#1735=AXIS2_PLACEMENT_3D('',#3003,#2083,#2084);
#1736=AXIS2_PLACEMENT_3D('',#3006,#2086,#2087);
#1737=AXIS2_PLACEMENT_3D('',#3007,#2088,#2089);
#1738=AXIS2_PLACEMENT_3D('',#3009,#2090,#2091);
#1739=AXIS2_PLACEMENT_3D('',#3011,#2093,#2094);
#1740=AXIS2_PLACEMENT_3D('',#3013,#2095,#2096);
#1741=AXIS2_PLACEMENT_3D('',#3015,#2098,#2099);
#1742=AXIS2_PLACEMENT_3D('',#3017,#2100,#2101);
#1743=AXIS2_PLACEMENT_3D('',#3019,#2103,#2104);
#1744=AXIS2_PLACEMENT_3D('',#3028,#2109,#2110);
#1745=AXIS2_PLACEMENT_3D('',#3034,#2114,#2115);
#1746=AXIS2_PLACEMENT_3D('',#3040,#2119,#2120);
#1747=AXIS2_PLACEMENT_3D('',#3043,#2123,#2124);
#1748=AXIS2_PLACEMENT_3D('',#3046,#2127,#2128);
#1749=AXIS2_PLACEMENT_3D('',#3050,#2131,#2132);
#1750=AXIS2_PLACEMENT_3D('',#3052,#2134,#2135);
#1751=AXIS2_PLACEMENT_3D('',#3054,#2136,#2137);
#1752=AXIS2_PLACEMENT_3D('',#3056,#2139,#2140);
#1753=AXIS2_PLACEMENT_3D('',#3058,#2142,#2143);
#1754=AXIS2_PLACEMENT_3D('',#3071,#2145,#2146);
#1755=AXIS2_PLACEMENT_3D('',#3075,#2147,#2148);
#1756=AXIS2_PLACEMENT_3D('',#3103,#2149,#2150);
#1757=AXIS2_PLACEMENT_3D('',#3104,#2151,#2152);
#1758=AXIS2_PLACEMENT_3D('',#3109,#2154,#2155);
#1759=AXIS2_PLACEMENT_3D('',#3112,#2157,#2158);
#1760=AXIS2_PLACEMENT_3D('',#3113,#2159,#2160);
#1761=AXIS2_PLACEMENT_3D('',#3122,#2165,#2166);
#1762=AXIS2_PLACEMENT_3D('',#3129,#2171,#2172);
#1763=AXIS2_PLACEMENT_3D('',#3130,#2173,#2174);
#1764=AXIS2_PLACEMENT_3D('',#3131,#2175,#2176);
#1765=AXIS2_PLACEMENT_3D('',#3132,#2177,#2178);
#1766=AXIS2_PLACEMENT_3D('',#3133,#2179,#2180);
#1767=AXIS2_PLACEMENT_3D('',#3134,#2181,#2182);
#1768=AXIS2_PLACEMENT_3D('',#3135,#2183,#2184);
#1769=AXIS2_PLACEMENT_3D('',#3136,#2185,#2186);
#1770=AXIS2_PLACEMENT_3D('',#3137,#2187,#2188);
#1771=AXIS2_PLACEMENT_3D('',#3139,#2189,#2190);
#1772=AXIS2_PLACEMENT_3D('',#3228,#2192,#2193);
#1773=AXIS2_PLACEMENT_3D('',#3230,#2195,#2196);
#1774=AXIS2_PLACEMENT_3D('',#3232,#2198,#2199);
#1775=AXIS2_PLACEMENT_3D('',#3234,#2201,#2202);
#1776=AXIS2_PLACEMENT_3D('',#3236,#2204,#2205);
#1777=AXIS2_PLACEMENT_3D('',#3238,#2207,#2208);
#1778=AXIS2_PLACEMENT_3D('',#3430,#2213,#2214);
#1779=AXIS2_PLACEMENT_3D('',#3505,#2217,#2218);
#1780=AXIS2_PLACEMENT_3D('',#3507,#2220,#2221);
#1781=AXIS2_PLACEMENT_3D('',#3509,#2223,#2224);
#1782=AXIS2_PLACEMENT_3D('',#3511,#2226,#2227);
#1783=AXIS2_PLACEMENT_3D('',#3513,#2229,#2230);
#1784=AXIS2_PLACEMENT_3D('',#3515,#2232,#2233);
#1785=AXIS2_PLACEMENT_3D('',#3516,#2234,#2235);
#1786=AXIS2_PLACEMENT_3D('',#3517,#2236,#2237);
#1787=AXIS2_PLACEMENT_3D('',#3518,#2238,#2239);
#1788=AXIS2_PLACEMENT_3D('',#3519,#2240,#2241);
#1789=AXIS2_PLACEMENT_3D('',#3520,#2242,#2243);
#1790=AXIS2_PLACEMENT_3D('',#3523,#2244,#2245);
#1791=AXIS2_PLACEMENT_3D('',#3526,#2248,#2249);
#1792=AXIS2_PLACEMENT_3D('',#3530,#2251,#2252);
#1793=AXIS2_PLACEMENT_3D('',#3536,#2256,#2257);
#1794=AXIS2_PLACEMENT_3D('',#3538,#2259,#2260);
#1795=AXIS2_PLACEMENT_3D('',#3540,#2262,#2263);
#1796=AXIS2_PLACEMENT_3D('',#3542,#2265,#2266);
#1797=AXIS2_PLACEMENT_3D('',#3544,#2268,#2269);
#1798=AXIS2_PLACEMENT_3D('',#3545,#2270,#2271);
#1799=AXIS2_PLACEMENT_3D('',#3546,#2272,#2273);
#1800=AXIS2_PLACEMENT_3D('',#3547,#2274,#2275);
#1801=DIRECTION('axis',(0.,0.,1.));
#1802=DIRECTION('refdir',(1.,0.,0.));
#1803=DIRECTION('axis',(0.,0.,1.));
#1804=DIRECTION('refdir',(1.,0.,0.));
#1805=DIRECTION('axis',(0.,0.,1.));
#1806=DIRECTION('refdir',(1.,0.,0.));
#1807=DIRECTION('',(-1.38777878078144E-15,7.53593876369245E-30,1.));
#1808=DIRECTION('',(1.,-8.78445945133602E-16,1.11022302462518E-16));
#1809=DIRECTION('axis',(0.,0.,1.));
#1810=DIRECTION('refdir',(1.,0.,0.));
#1811=DIRECTION('center_axis',(2.22044604925031E-16,-1.,0.));
#1812=DIRECTION('ref_axis',(-0.707106781186547,0.,0.707106781186547));
#1813=DIRECTION('center_axis',(0.,-1.,0.));
#1814=DIRECTION('ref_axis',(0.,0.,1.));
#1815=DIRECTION('',(2.22044604925031E-16,-1.,0.));
#1816=DIRECTION('center_axis',(0.,1.,0.));
#1817=DIRECTION('ref_axis',(-1.,0.,0.));
#1818=DIRECTION('',(-2.22044604925031E-16,1.,0.));
#1819=DIRECTION('center_axis',(-1.,-2.22044604925031E-16,0.));
#1820=DIRECTION('ref_axis',(0.,0.707106781186589,0.707106781186506));
#1821=DIRECTION('center_axis',(-1.,0.,0.));
#1822=DIRECTION('ref_axis',(0.,0.,1.));
#1823=DIRECTION('',(-1.,-2.22044604925031E-16,0.));
#1824=DIRECTION('center_axis',(1.,0.,0.));
#1825=DIRECTION('ref_axis',(0.,1.,0.));
#1826=DIRECTION('',(1.,2.22044604925031E-16,0.));
#1827=DIRECTION('center_axis',(2.22044604925031E-16,-1.,0.));
#1828=DIRECTION('ref_axis',(0.707106781186589,0.,0.707106781186506));
#1829=DIRECTION('center_axis',(0.,-1.,0.));
#1830=DIRECTION('ref_axis',(1.,0.,0.));
#1831=DIRECTION('',(2.22044604925031E-16,-1.,0.));
#1832=DIRECTION('center_axis',(0.,1.,0.));
#1833=DIRECTION('ref_axis',(0.,0.,1.));
#1834=DIRECTION('',(-2.22044604925031E-16,1.,0.));
#1835=DIRECTION('center_axis',(1.,2.22044604925031E-16,0.));
#1836=DIRECTION('ref_axis',(0.,-0.707106781186547,0.707106781186547));
#1837=DIRECTION('center_axis',(1.,0.,0.));
#1838=DIRECTION('ref_axis',(0.,0.,1.));
#1839=DIRECTION('',(1.,2.22044604925031E-16,0.));
#1840=DIRECTION('center_axis',(-1.,0.,0.));
#1841=DIRECTION('ref_axis',(0.,-1.,0.));
#1842=DIRECTION('',(-1.,-2.22044604925031E-16,0.));
#1843=DIRECTION('center_axis',(-0.408248290463863,-0.816496580927726,-0.408248290463863));
#1844=DIRECTION('ref_axis',(0.577350269189594,-0.577350269189594,0.577350269189689));
#1845=DIRECTION('center_axis',(0.,0.,1.));
#1846=DIRECTION('ref_axis',(0.707106781186548,-0.707106781186548,0.));
#1847=DIRECTION('center_axis',(0.408248290463863,-0.816496580927726,0.408248290463863));
#1848=DIRECTION('ref_axis',(0.577350269189642,0.577350269189642,0.577350269189594));
#1849=DIRECTION('center_axis',(0.,0.,1.));
#1850=DIRECTION('ref_axis',(0.707106781186548,0.707106781186548,0.));
#1851=DIRECTION('center_axis',(-0.816496580927695,-0.408248290463942,-0.408248290463847));
#1852=DIRECTION('ref_axis',(-0.577350269189673,0.577350269189673,0.577350269189531));
#1853=DIRECTION('center_axis',(0.,0.,1.));
#1854=DIRECTION('ref_axis',(-0.707106781186548,0.707106781186548,0.));
#1855=DIRECTION('center_axis',(0.408248290463863,-0.816496580927726,-0.408248290463863));
#1856=DIRECTION('ref_axis',(-0.577350269189642,-0.577350269189642,0.577350269189594));
#1857=DIRECTION('center_axis',(0.,0.,1.));
#1858=DIRECTION('ref_axis',(-0.707106781186548,-0.707106781186548,0.));
#1859=DIRECTION('center_axis',(0.,0.,1.));
#1860=DIRECTION('ref_axis',(0.707106781186547,0.707106781186547,0.));
#1861=DIRECTION('',(0.,0.,-1.));
#1862=DIRECTION('center_axis',(0.,0.,1.));
#1863=DIRECTION('ref_axis',(1.,0.,0.));
#1864=DIRECTION('',(0.,0.,1.));
#1865=DIRECTION('center_axis',(1.,2.22044604925031E-16,0.));
#1866=DIRECTION('ref_axis',(-2.22044604925031E-16,1.,0.));
#1867=DIRECTION('',(0.,0.,1.));
#1868=DIRECTION('',(1.0547118733939E-15,1.,1.62183574264188E-32));
#1869=DIRECTION('',(-5.47382212626882E-48,2.46519032881566E-32,-1.));
#1870=DIRECTION('center_axis',(1.,2.22044604925031E-16,0.));
#1871=DIRECTION('ref_axis',(1.57009245868377E-16,-0.707106781186546,0.707106781186549));
#1872=DIRECTION('',(2.22044604925031E-16,-1.,0.));
#1873=DIRECTION('center_axis',(0.,0.,1.));
#1874=DIRECTION('ref_axis',(0.707106781186547,-0.707106781186547,0.));
#1875=DIRECTION('',(0.,0.,-1.));
#1876=DIRECTION('center_axis',(0.,0.,-1.));
#1877=DIRECTION('ref_axis',(1.,0.,0.));
#1878=DIRECTION('center_axis',(2.22044604925031E-16,-1.,0.));
#1879=DIRECTION('ref_axis',(1.,2.22044604925031E-16,0.));
#1880=DIRECTION('',(0.,0.,1.));
#1881=DIRECTION('center_axis',(2.22044604925031E-16,-1.,0.));
#1882=DIRECTION('ref_axis',(0.707106781186548,1.57009245868377E-16,-0.707106781186548));
#1883=DIRECTION('',(1.,2.22044604925031E-16,-1.93801270267624E-15));
#1884=DIRECTION('center_axis',(-1.0547118733939E-15,-1.,-2.46519032881566E-32));
#1885=DIRECTION('ref_axis',(1.,-1.0547118733939E-15,-1.86971650283464E-15));
#1886=DIRECTION('center_axis',(-1.0547118733939E-15,-1.,-2.46519032881566E-32));
#1887=DIRECTION('ref_axis',(1.,-1.0547118733939E-15,-1.86971650283464E-15));
#1888=DIRECTION('center_axis',(-1.0547118733939E-15,-1.,-2.46519032881566E-32));
#1889=DIRECTION('ref_axis',(1.,-1.0547118733939E-15,-1.86971650283464E-15));
#1890=DIRECTION('center_axis',(-1.0547118733939E-15,-1.,-2.46519032881566E-32));
#1891=DIRECTION('ref_axis',(1.,-1.0547118733939E-15,-1.86971650283464E-15));
#1892=DIRECTION('',(0.707106781186551,-7.45793917874798E-16,-0.707106781186544));
#1893=DIRECTION('center_axis',(-1.0547118733939E-15,-1.,-2.46519032881566E-32));
#1894=DIRECTION('ref_axis',(1.,-1.0547118733939E-15,-1.86971650283464E-15));
#1895=DIRECTION('',(1.,-1.0547118733939E-15,-1.86971650283464E-15));
#1896=DIRECTION('center_axis',(-1.0547118733939E-15,-1.,-2.46519032881566E-32));
#1897=DIRECTION('ref_axis',(1.,-1.0547118733939E-15,-1.86971650283464E-15));
#1898=DIRECTION('center_axis',(-2.22044604925031E-16,1.,0.));
#1899=DIRECTION('ref_axis',(0.206407137548403,4.58315913106418E-17,-0.978466194392568));
#1900=DIRECTION('center_axis',(0.,0.,1.));
#1901=DIRECTION('ref_axis',(-2.22044604925031E-16,1.,0.));
#1902=DIRECTION('',(2.22044604925031E-16,-1.,0.));
#1903=DIRECTION('center_axis',(0.,0.,1.));
#1904=DIRECTION('ref_axis',(0.707106781186547,-0.707106781186548,0.));
#1905=DIRECTION('',(-1.,-2.22044604925031E-16,0.));
#1906=DIRECTION('',(-2.22044604925031E-16,1.,0.));
#1907=DIRECTION('',(1.,2.22044604925031E-16,0.));
#1908=DIRECTION('center_axis',(0.,0.,1.));
#1909=DIRECTION('ref_axis',(0.707106781186547,0.707106781186548,0.));
#1910=DIRECTION('center_axis',(-0.816496580927726,-0.408248290463863,0.408248290463863));
#1911=DIRECTION('ref_axis',(-0.577350269189642,0.577350269189642,-0.577350269189594));
#1912=DIRECTION('center_axis',(0.,1.,0.));
#1913=DIRECTION('ref_axis',(-1.,0.,0.));
#1914=DIRECTION('center_axis',(0.,0.,-1.));
#1915=DIRECTION('ref_axis',(0.,1.,0.));
#1916=DIRECTION('center_axis',(-1.,0.,0.));
#1917=DIRECTION('ref_axis',(0.,0.,-1.));
#1918=DIRECTION('center_axis',(0.,0.,-1.));
#1919=DIRECTION('ref_axis',(-0.707106781186547,0.707106781186547,0.));
#1920=DIRECTION('',(0.,0.,-1.));
#1921=DIRECTION('',(0.,0.,1.));
#1922=DIRECTION('center_axis',(1.,2.22044604925031E-16,0.));
#1923=DIRECTION('ref_axis',(0.,0.707106781186547,-0.707106781186547));
#1924=DIRECTION('center_axis',(-1.,0.,0.));
#1925=DIRECTION('ref_axis',(0.,1.,0.));
#1926=DIRECTION('',(-1.,-2.22044604925031E-16,0.));
#1927=DIRECTION('',(1.,2.22044604925031E-16,0.));
#1928=DIRECTION('center_axis',(0.,-1.,-1.18423789293353E-13));
#1929=DIRECTION('ref_axis',(-1.,0.,0.));
#1930=DIRECTION('center_axis',(0.681103942477288,-1.62578115006771E-15,
-0.732186738163083));
#1931=DIRECTION('ref_axis',(0.732186738163083,0.,0.681103942477288));
#1932=DIRECTION('center_axis',(-0.732186738163085,-1.51235455820251E-15,
0.681103942477286));
#1933=DIRECTION('ref_axis',(0.681103942477286,0.,0.732186738163085));
#1934=DIRECTION('center_axis',(-2.22044604925031E-16,1.,0.));
#1935=DIRECTION('ref_axis',(-0.707106781186547,0.,-0.707106781186547));
#1936=DIRECTION('',(-2.22044604925031E-16,1.,0.));
#1937=DIRECTION('',(2.22044604925031E-16,-1.,0.));
#1938=DIRECTION('center_axis',(-0.816496580927726,0.408248290463863,-0.408248290463863));
#1939=DIRECTION('ref_axis',(0.577350269189642,0.577350269189642,-0.577350269189594));
#1940=DIRECTION('center_axis',(-2.22044604925031E-16,1.,0.));
#1941=DIRECTION('ref_axis',(0.707106781186548,0.,-0.707106781186548));
#1942=DIRECTION('center_axis',(5.47382212626882E-48,-2.46519032881566E-32,
1.));
#1943=DIRECTION('ref_axis',(0.707106781186554,-0.707106781186541,0.));
#1944=DIRECTION('',(5.47382212626882E-48,-2.46519032881566E-32,1.));
#1945=DIRECTION('center_axis',(-1.93801270267624E-15,2.07075987620516E-30,
-1.));
#1946=DIRECTION('ref_axis',(0.126004292482724,-0.992029696267167,-2.42861286636753E-16));
#1947=DIRECTION('',(-5.47382212626882E-48,2.46519032881566E-32,-1.));
#1948=DIRECTION('center_axis',(-1.,1.0547118733939E-15,0.));
#1949=DIRECTION('ref_axis',(0.,-0.707106781186546,0.707106781186549));
#1950=DIRECTION('',(1.,-1.0547118733939E-15,0.));
#1951=DIRECTION('center_axis',(-1.,-2.22044604925031E-16,0.));
#1952=DIRECTION('ref_axis',(1.56125112837913E-16,-0.707106781186546,0.707106781186549));
#1953=DIRECTION('',(-1.,1.0547118733939E-15,0.));
#1954=DIRECTION('center_axis',(0.,0.,-1.));
#1955=DIRECTION('ref_axis',(-1.,0.,0.));
#1956=DIRECTION('',(-2.22044604925031E-16,1.,0.));
#1957=DIRECTION('center_axis',(2.22044604925031E-16,-1.,0.));
#1958=DIRECTION('ref_axis',(0.707106781186547,0.,-0.707106781186547));
#1959=DIRECTION('center_axis',(0.,1.,0.));
#1960=DIRECTION('ref_axis',(1.,0.,0.));
#1961=DIRECTION('center_axis',(0.972582496108223,0.232558139534824,0.));
#1962=DIRECTION('ref_axis',(-0.232558139534824,0.972582496108223,0.));
#1963=DIRECTION('center_axis',(1.93801270267624E-15,-2.07075987620516E-30,
1.));
#1964=DIRECTION('ref_axis',(1.,0.,-3.0893162424352E-15));
#1965=DIRECTION('center_axis',(1.,0.,0.));
#1966=DIRECTION('ref_axis',(0.,1.,0.));
#1967=DIRECTION('center_axis',(1.93801270267624E-15,-2.07075987620516E-30,
1.));
#1968=DIRECTION('ref_axis',(0.126004292482724,-0.992029696267167,-2.44197919423254E-16));
#1969=DIRECTION('center_axis',(-1.,1.0547118733939E-15,1.93801270267624E-15));
#1970=DIRECTION('ref_axis',(0.,0.707106781186547,0.707106781186547));
#1971=DIRECTION('center_axis',(0.766044443118758,-8.07956169704773E-16,
-0.642787609686802));
#1972=DIRECTION('ref_axis',(0.642787609686801,-4.87254269010553E-16,0.766044443118758));
#1973=DIRECTION('',(1.,-1.0547118733939E-15,-1.93801270267624E-15));
#1974=DIRECTION('',(-1.,1.0547118733939E-15,1.93801270267624E-15));
#1975=DIRECTION('center_axis',(-1.0547118733939E-15,-1.,-2.46519032881566E-32));
#1976=DIRECTION('ref_axis',(1.,-1.0547118733939E-15,-1.86971650283464E-15));
#1977=DIRECTION('',(5.47382212626882E-48,-2.46519032881566E-32,1.));
#1978=DIRECTION('center_axis',(-1.0547118733939E-15,-1.,-2.46519032881566E-32));
#1979=DIRECTION('ref_axis',(0.206407137548403,-2.17700058725549E-16,-0.978466194392568));
#1980=DIRECTION('center_axis',(-1.0547118733939E-15,-1.,-2.46519032881566E-32));
#1981=DIRECTION('ref_axis',(1.,-1.0547118733939E-15,-1.86971650283464E-15));
#1982=DIRECTION('',(-1.,1.0547118733939E-15,1.86971650283464E-15));
#1983=DIRECTION('center_axis',(-1.0547118733939E-15,-1.,-2.46519032881566E-32));
#1984=DIRECTION('ref_axis',(1.,-1.0547118733939E-15,-1.86971650283464E-15));
#1985=DIRECTION('',(-0.70710678118655,7.45793917874797E-16,0.707106781186545));
#1986=DIRECTION('center_axis',(-1.0547118733939E-15,-1.,-2.46519032881566E-32));
#1987=DIRECTION('ref_axis',(1.,-1.0547118733939E-15,-1.86971650283464E-15));
#1988=DIRECTION('center_axis',(-1.0547118733939E-15,-1.,-2.46519032881566E-32));
#1989=DIRECTION('ref_axis',(1.,-1.0547118733939E-15,-1.86971650283464E-15));
#1990=DIRECTION('center_axis',(-1.0547118733939E-15,-1.,-2.46519032881566E-32));
#1991=DIRECTION('ref_axis',(1.,-1.0547118733939E-15,-1.86971650283464E-15));
#1992=DIRECTION('',(-1.,1.0547118733939E-15,1.75538611144318E-15));
#1993=DIRECTION('',(-1.86971650283464E-15,1.99680416634069E-30,-1.));
#1994=DIRECTION('',(1.,-1.0547118733939E-15,-2.65480275428268E-15));
#1995=DIRECTION('',(0.642787609686802,-6.77955724007154E-16,0.766044443118758));
#1996=DIRECTION('center_axis',(2.22044604925031E-16,-1.,-2.50108514111059E-30));
#1997=DIRECTION('ref_axis',(0.707106781186543,0.,-0.707106781186552));
#1998=DIRECTION('',(2.22044604925031E-16,-1.,-2.50108514111059E-30));
#1999=DIRECTION('center_axis',(-2.22044604925031E-16,1.,0.));
#2000=DIRECTION('ref_axis',(0.707106781186548,1.61907524424502E-16,-0.707106781186548));
#2001=DIRECTION('',(-2.22044604925031E-16,1.,2.50108514111059E-30));
#2002=DIRECTION('center_axis',(-1.,0.,0.));
#2003=DIRECTION('ref_axis',(0.,-1.,0.));
#2004=DIRECTION('center_axis',(1.,2.22044604925031E-16,-1.93801270267624E-15));
#2005=DIRECTION('ref_axis',(0.,-0.707106781186589,0.707106781186506));
#2006=DIRECTION('center_axis',(-1.,0.,0.));
#2007=DIRECTION('ref_axis',(0.,-1.,0.));
#2008=DIRECTION('',(-1.,-2.22044604925031E-16,1.93801270267624E-15));
#2009=DIRECTION('center_axis',(2.22044604925031E-16,-1.,0.));
#2010=DIRECTION('ref_axis',(0.,0.,-1.));
#2011=DIRECTION('center_axis',(0.,0.,-1.));
#2012=DIRECTION('ref_axis',(0.,-1.,0.));
#2013=DIRECTION('center_axis',(0.,0.,1.));
#2014=DIRECTION('ref_axis',(-0.707106781186547,-0.707106781186547,0.));
#2015=DIRECTION('',(0.,0.,-1.));
#2016=DIRECTION('center_axis',(-1.0547118733939E-15,-1.,-2.46519032881566E-32));
#2017=DIRECTION('ref_axis',(0.705878097754058,-7.44498010869906E-16,-0.708333333333334));
#2018=DIRECTION('center_axis',(-1.93801270267624E-15,2.07075987620516E-30,
-1.));
#2019=DIRECTION('ref_axis',(1.0547118733939E-15,1.,3.08148791101958E-32));
#2020=DIRECTION('',(-1.0547118733939E-15,-1.,-2.46519032881566E-32));
#2021=DIRECTION('',(-1.0547118733939E-15,-1.,-2.46519032881566E-32));
#2022=DIRECTION('center_axis',(-1.,-2.22044604925031E-16,0.));
#2023=DIRECTION('ref_axis',(2.22044604925031E-16,-1.,0.));
#2024=DIRECTION('center_axis',(2.22044604925031E-16,-1.,0.));
#2025=DIRECTION('ref_axis',(0.,0.,-1.));
#2026=DIRECTION('center_axis',(2.22044604925031E-16,-1.,0.));
#2027=DIRECTION('ref_axis',(0.206407137548403,4.56506177888633E-17,-0.978466194392568));
#2028=DIRECTION('center_axis',(1.0547118733939E-15,1.,2.46519032881566E-32));
#2029=DIRECTION('ref_axis',(-1.,1.0547118733939E-15,1.86971650283464E-15));
#2030=DIRECTION('',(1.0547118733939E-15,1.,1.62183574264188E-32));
#2031=DIRECTION('center_axis',(1.0547118733939E-15,1.,2.46519032881566E-32));
#2032=DIRECTION('ref_axis',(0.206407137548403,-2.19122965386544E-16,-0.978466194392568));
#2033=DIRECTION('center_axis',(1.,2.22044604925031E-16,0.));
#2034=DIRECTION('ref_axis',(0.,0.,-1.));
#2035=DIRECTION('center_axis',(0.,2.96059473233364E-14,1.));
#2036=DIRECTION('ref_axis',(1.,0.,0.));
#2037=DIRECTION('center_axis',(-5.47382212626882E-48,2.46519032881566E-32,
-1.));
#2038=DIRECTION('ref_axis',(0.707106781186631,0.707106781186464,0.));
#2039=DIRECTION('center_axis',(0.,0.,1.));
#2040=DIRECTION('ref_axis',(1.,0.,0.));
#2041=DIRECTION('center_axis',(1.0547118733939E-15,1.,2.46519032881566E-32));
#2042=DIRECTION('ref_axis',(0.0865314658563639,0.,-0.996249118151052));
#2043=DIRECTION('center_axis',(1.0547118733939E-15,1.,2.46519032881566E-32));
#2044=DIRECTION('ref_axis',(0.739619457693428,-7.80085423822417E-16,0.673025302497076));
#2045=DIRECTION('center_axis',(-1.0547118733939E-15,-1.,-2.46519032881566E-32));
#2046=DIRECTION('ref_axis',(1.,-1.0547118733939E-15,-1.86971650283464E-15));
#2047=DIRECTION('',(2.06788313592556E-15,0.707106781186548,0.707106781186548));
#2048=DIRECTION('center_axis',(-1.0547118733939E-15,-1.,-2.46519032881566E-32));
#2049=DIRECTION('ref_axis',(1.,-1.0547118733939E-15,-1.86971650283464E-15));
#2050=DIRECTION('',(-5.76295300175973E-16,0.707106781186548,-0.707106781186547));
#2051=DIRECTION('center_axis',(-1.0547118733939E-15,-1.,-2.46519032881566E-32));
#2052=DIRECTION('ref_axis',(1.,-1.0547118733939E-15,-1.86971650283464E-15));
#2053=DIRECTION('center_axis',(0.787382693727981,0.616464511239429,-9.57576389283423E-16));
#2054=DIRECTION('ref_axis',(1.23994249211602E-13,-1.56819002228304E-13,
1.));
#2055=DIRECTION('center_axis',(-3.5532106078372E-15,-1.,-3.46944695195361E-15));
#2056=DIRECTION('ref_axis',(0.705878097754058,-5.06086204791826E-17,-0.708333333333334));
#2057=DIRECTION('center_axis',(1.0547118733939E-15,1.,2.46519032881566E-32));
#2058=DIRECTION('ref_axis',(0.924211375534119,-9.74776711301545E-16,0.381881307912984));
#2059=DIRECTION('',(1.0547118733939E-15,1.,2.46519032881566E-32));
#2060=DIRECTION('center_axis',(0.794664973753591,0.607048251368213,-5.05462628711436E-15));
#2061=DIRECTION('ref_axis',(7.42083162596042E-15,-1.38777878078145E-15,
1.));
#2062=DIRECTION('center_axis',(-1.0547118733939E-15,-1.,-2.46519032881566E-32));
#2063=DIRECTION('ref_axis',(-0.925559584912278,0.,0.378601974079656));
#2064=DIRECTION('center_axis',(-1.0547118733939E-15,-1.,-2.46519032881566E-32));
#2065=DIRECTION('ref_axis',(1.,-1.0547118733939E-15,-1.86971650283464E-15));
#2066=DIRECTION('center_axis',(-1.0547118733939E-15,-1.,-2.46519032881566E-32));
#2067=DIRECTION('ref_axis',(-0.924894297811124,9.75496997535707E-16,0.38022432572952));
#2068=DIRECTION('center_axis',(1.0547118733939E-15,1.,2.46519032881566E-32));
#2069=DIRECTION('ref_axis',(-1.,1.0547118733939E-15,1.86971650283464E-15));
#2070=DIRECTION('',(-1.0547118733939E-15,-1.,-1.99688714433226E-32));
#2071=DIRECTION('center_axis',(-1.86971650283464E-15,1.99680416634069E-30,
-1.));
#2072=DIRECTION('ref_axis',(1.,-1.11022302462518E-16,-1.86971650283464E-15));
#2073=DIRECTION('center_axis',(1.72883575618329E-15,-1.84889274661175E-30,
1.));
#2074=DIRECTION('ref_axis',(1.,-1.11022302462518E-16,-1.72883575618329E-15));
#2075=DIRECTION('',(-0.707106781186549,1.65100228557741E-16,-0.707106781186546));
#2076=DIRECTION('center_axis',(-1.72883575618329E-15,1.84889274661175E-30,
-1.));
#2077=DIRECTION('ref_axis',(1.,-1.11022302462518E-16,-1.72883575618329E-15));
#2078=DIRECTION('center_axis',(1.72883575618329E-15,-1.84889274661175E-30,
1.));
#2079=DIRECTION('ref_axis',(-1.0547118733939E-15,-1.,-3.08148791101958E-32));
#2080=DIRECTION('',(-1.0547118733939E-15,-1.,-2.46519032881566E-32));
#2081=DIRECTION('',(1.,-1.0547118733939E-15,-1.64105572005173E-15));
#2082=DIRECTION('',(-1.0547118733939E-15,-1.,-2.21323371246748E-32));
#2083=DIRECTION('center_axis',(1.07100323009537E-14,5.15414743023509E-15,
-1.));
#2084=DIRECTION('ref_axis',(0.984284512979375,0.176589913383961,1.14518893756109E-14));
#2085=DIRECTION('',(-1.,1.0547118733939E-15,1.86971650283464E-15));
#2086=DIRECTION('center_axis',(-1.72883575618329E-15,1.84889274661175E-30,
-1.));
#2087=DIRECTION('ref_axis',(1.,-1.11022302462518E-16,-1.72883575618329E-15));
#2088=DIRECTION('center_axis',(-1.86971650283464E-15,1.99680416634069E-30,
-1.));
#2089=DIRECTION('ref_axis',(1.,-1.11022302462518E-16,-1.86971650283464E-15));
#2090=DIRECTION('center_axis',(2.65480275428268E-15,-2.83496887813801E-30,
1.));
#2091=DIRECTION('ref_axis',(1.,-1.11022302462518E-16,-2.65480275428268E-15));
#2092=DIRECTION('',(-1.86971650283464E-15,1.99680416634069E-30,-1.));
#2093=DIRECTION('center_axis',(-1.86971650283464E-15,1.99680416634069E-30,
-1.));
#2094=DIRECTION('ref_axis',(1.,-1.11022302462518E-16,-1.86971650283464E-15));
#2095=DIRECTION('center_axis',(1.72883575618329E-15,-1.84889274661175E-30,
1.));
#2096=DIRECTION('ref_axis',(1.,-1.11022302462518E-16,-1.72883575618329E-15));
#2097=DIRECTION('',(-0.707106781186544,1.6510022855774E-16,-0.707106781186551));
#2098=DIRECTION('center_axis',(-1.86971650283464E-15,1.99680416634069E-30,
-1.));
#2099=DIRECTION('ref_axis',(1.,-1.11022302462518E-16,-1.86971650283464E-15));
#2100=DIRECTION('center_axis',(2.65480275428268E-15,-2.83496887813801E-30,
1.));
#2101=DIRECTION('ref_axis',(1.,-1.11022302462518E-16,-2.65480275428268E-15));
#2102=DIRECTION('',(-1.86971650283464E-15,1.99680416634069E-30,-1.));
#2103=DIRECTION('center_axis',(-0.707106781186551,-0.707106781186544,1.32208921805077E-15));
#2104=DIRECTION('ref_axis',(0.707106781186544,-0.707106781186551,-1.32208921805076E-15));
#2105=DIRECTION('',(1.86971650283464E-15,-1.99680416634069E-30,1.));
#2106=DIRECTION('',(-0.707106781186544,0.707106781186551,1.877229030266E-15));
#2107=DIRECTION('',(-1.86971650283464E-15,1.99680416634069E-30,-1.));
#2108=DIRECTION('',(0.678598344545844,-0.678598344545849,-0.281084637714823));
#2109=DIRECTION('center_axis',(-0.707106781186551,7.45793917874799E-16,
-0.707106781186544));
#2110=DIRECTION('ref_axis',(-1.0547118733939E-15,-1.,-3.08148791101958E-32));
#2111=DIRECTION('',(1.0547118733939E-15,1.,2.46519032881566E-32));
#2112=DIRECTION('',(0.678598344545845,0.281084637714827,-0.678598344545847));
#2113=DIRECTION('',(-0.678598344545829,0.281084637714795,0.678598344545875));
#2114=DIRECTION('center_axis',(-0.707106781186549,0.707106781186546,1.32208921805077E-15));
#2115=DIRECTION('ref_axis',(-0.707106781186546,-0.707106781186549,1.32208921805076E-15));
#2116=DIRECTION('',(1.86971650283464E-15,-1.99680416634069E-30,1.));
#2117=DIRECTION('',(0.707106781186546,0.707106781186549,-1.877229030266E-15));
#2118=DIRECTION('',(-0.678598344545841,-0.678598344545845,0.281084637714839));
#2119=DIRECTION('center_axis',(-0.707106781186551,0.499999999999999,-0.499999999999997));
#2120=DIRECTION('ref_axis',(-0.577350269189624,-0.816496580927727,1.10723690183549E-15));
#2121=DIRECTION('',(2.06788313592556E-15,0.707106781186547,0.707106781186547));
#2122=DIRECTION('',(-2.06788313592556E-15,-0.707106781186547,-0.707106781186547));
#2123=DIRECTION('center_axis',(-0.70710678118655,-0.499999999999998,-0.499999999999998));
#2124=DIRECTION('ref_axis',(0.577350269189624,-0.816496580927728,-1.41254823360741E-15));
#2125=DIRECTION('',(-5.76295300175974E-16,0.707106781186547,-0.707106781186547));
#2126=DIRECTION('',(5.76295300175974E-16,-0.707106781186547,0.707106781186547));
#2127=DIRECTION('center_axis',(-1.96826540462977E-15,-0.707106781186548,
-0.707106781186548));
#2128=DIRECTION('ref_axis',(1.,-9.13831126742554E-16,-1.86971650283464E-15));
#2129=DIRECTION('',(-5.76295300176001E-16,0.707106781186538,-0.707106781186557));
#2130=DIRECTION('',(1.,-1.0547118733939E-15,-1.86971650283464E-15));
#2131=DIRECTION('center_axis',(4.76677568880183E-16,-0.707106781186548,
0.707106781186548));
#2132=DIRECTION('ref_axis',(1.,-1.19559262004525E-15,-1.86971650283464E-15));
#2133=DIRECTION('',(2.06788313592556E-15,0.707106781186547,0.707106781186548));
#2134=DIRECTION('center_axis',(-1.0547118733939E-15,-1.,-2.46519032881566E-32));
#2135=DIRECTION('ref_axis',(1.,-1.0547118733939E-15,-1.86971650283464E-15));
#2136=DIRECTION('center_axis',(-1.0547118733939E-15,-1.,-2.46519032881566E-32));
#2137=DIRECTION('ref_axis',(1.,-1.0547118733939E-15,-1.86971650283464E-15));
#2138=DIRECTION('',(-1.,1.0547118733939E-15,2.65480275428268E-15));
#2139=DIRECTION('center_axis',(1.,-1.0547118733939E-15,-1.86971650283464E-15));
#2140=DIRECTION('ref_axis',(1.0547118733939E-15,1.,3.08148791101958E-32));
#2141=DIRECTION('',(1.0547118733939E-15,1.,2.46519032881566E-32));
#2142=DIRECTION('center_axis',(-2.65480275428268E-15,2.83496887813801E-30,
-1.));
#2143=DIRECTION('ref_axis',(1.,-1.0547118733939E-15,-2.65480275428268E-15));
#2144=DIRECTION('',(-1.0547118733939E-15,-1.,-2.46519032881566E-32));
#2145=DIRECTION('center_axis',(0.766044443118758,-8.07956169704773E-16,
-0.642787609686802));
#2146=DIRECTION('ref_axis',(0.642787609686802,-6.77955724007154E-16,0.766044443118758));
#2147=DIRECTION('center_axis',(-1.0547118733939E-15,-1.,-2.46519032881566E-32));
#2148=DIRECTION('ref_axis',(-0.999607401661967,0.,0.0280186106474203));
#2149=DIRECTION('center_axis',(1.0547118733939E-15,1.,2.46519032881566E-32));
#2150=DIRECTION('ref_axis',(-1.,1.0547118733939E-15,1.86971650283464E-15));
#2151=DIRECTION('center_axis',(1.0547118733939E-15,1.,2.46519032881566E-32));
#2152=DIRECTION('ref_axis',(-1.,1.0547118733939E-15,1.86971650283464E-15));
#2153=DIRECTION('',(1.0547118733939E-15,1.,1.62183574264188E-32));
#2154=DIRECTION('center_axis',(-1.0547118733939E-15,-1.,-2.46519032881566E-32));
#2155=DIRECTION('ref_axis',(1.,-1.0547118733939E-15,-1.86971650283464E-15));
#2156=DIRECTION('',(1.0547118733939E-15,1.,1.62183574264188E-32));
#2157=DIRECTION('center_axis',(-1.0547118733939E-15,-1.,-2.46519032881566E-32));
#2158=DIRECTION('ref_axis',(1.,-1.0547118733939E-15,-1.86971650283464E-15));
#2159=DIRECTION('center_axis',(0.707106781186544,-7.45793917874791E-16,
0.707106781186551));
#2160=DIRECTION('ref_axis',(1.0547118733939E-15,1.,3.08148791101958E-32));
#2161=DIRECTION('',(-1.0547118733939E-15,-1.,-1.62183574264188E-32));
#2162=DIRECTION('',(0.707106781186551,-7.45793917874798E-16,-0.707106781186544));
#2163=DIRECTION('',(1.0547118733939E-15,1.,1.62183574264188E-32));
#2164=DIRECTION('',(-0.707106781186551,7.45793917874798E-16,0.707106781186544));
#2165=DIRECTION('center_axis',(1.86971650283464E-15,-1.99680416634069E-30,
1.));
#2166=DIRECTION('ref_axis',(-1.0547118733939E-15,-1.,-3.08148791101958E-32));
#2167=DIRECTION('',(1.0547118733939E-15,1.,1.62183574264188E-32));
#2168=DIRECTION('',(1.,-1.0547118733939E-15,-1.86971650283464E-15));
#2169=DIRECTION('',(-1.0547118733939E-15,-1.,-1.62183574264188E-32));
#2170=DIRECTION('',(-1.,1.0547118733939E-15,1.86971650283464E-15));
#2171=DIRECTION('center_axis',(1.0547118733939E-15,1.,2.46519032881566E-32));
#2172=DIRECTION('ref_axis',(-1.,1.0547118733939E-15,1.86971650283464E-15));
#2173=DIRECTION('center_axis',(-1.0547118733939E-15,-1.,-2.46519032881566E-32));
#2174=DIRECTION('ref_axis',(1.,-1.0547118733939E-15,-1.86971650283464E-15));
#2175=DIRECTION('center_axis',(-1.0547118733939E-15,-1.,-2.46519032881566E-32));
#2176=DIRECTION('ref_axis',(1.,-1.0547118733939E-15,-1.86971650283464E-15));
#2177=DIRECTION('center_axis',(1.0547118733939E-15,1.,2.46519032881566E-32));
#2178=DIRECTION('ref_axis',(-1.,1.0547118733939E-15,1.86971650283464E-15));
#2179=DIRECTION('center_axis',(1.0547118733939E-15,1.,2.46519032881566E-32));
#2180=DIRECTION('ref_axis',(-1.,1.0547118733939E-15,1.86971650283464E-15));
#2181=DIRECTION('center_axis',(-1.0547118733939E-15,-1.,-2.46519032881566E-32));
#2182=DIRECTION('ref_axis',(1.,-1.0547118733939E-15,-1.86971650283464E-15));
#2183=DIRECTION('center_axis',(-1.0547118733939E-15,-1.,-2.46519032881566E-32));
#2184=DIRECTION('ref_axis',(1.,-1.0547118733939E-15,-1.86971650283464E-15));
#2185=DIRECTION('center_axis',(1.0547118733939E-15,1.,2.46519032881566E-32));
#2186=DIRECTION('ref_axis',(-1.,1.0547118733939E-15,1.86971650283464E-15));
#2187=DIRECTION('center_axis',(-1.0547118733939E-15,-1.,-2.46519032881566E-32));
#2188=DIRECTION('ref_axis',(1.,-1.0547118733939E-15,-1.86971650283464E-15));
#2189=DIRECTION('center_axis',(-1.0547118733939E-15,-1.,-2.46519032881566E-32));
#2190=DIRECTION('ref_axis',(1.,-1.0547118733939E-15,-1.86971650283464E-15));
#2191=DIRECTION('',(1.0547118733939E-15,1.,3.99377428866456E-32));
#2192=DIRECTION('center_axis',(1.0547118733939E-15,1.,2.46519032881566E-32));
#2193=DIRECTION('ref_axis',(-1.,1.0547118733939E-15,1.86971650283464E-15));
#2194=DIRECTION('',(0.497332680314852,0.707106781186549,0.50265316580207));
#2195=DIRECTION('center_axis',(-1.0547118733939E-15,-1.,-2.46519032881566E-32));
#2196=DIRECTION('ref_axis',(1.,-1.0547118733939E-15,-1.86971650283464E-15));
#2197=DIRECTION('',(0.0543212974021453,0.707106781186549,0.705017160534795));
#2198=DIRECTION('center_axis',(1.0547118733939E-15,1.,2.46519032881566E-32));
#2199=DIRECTION('ref_axis',(-1.,1.0547118733939E-15,1.86971650283464E-15));
#2200=DIRECTION('',(0.499999999999999,0.707106781186548,0.500000000000001));
#2201=DIRECTION('center_axis',(0.499999999999999,-0.70710678118655,0.499999999999998));
#2202=DIRECTION('ref_axis',(0.816496580927728,0.577350269189624,-1.55437270748426E-15));
#2203=DIRECTION('',(0.500000000000003,0.707106781186547,0.499999999999997));
#2204=DIRECTION('center_axis',(-1.0547118733939E-15,-1.,-2.46519032881566E-32));
#2205=DIRECTION('ref_axis',(1.,-1.0547118733939E-15,-1.86971650283464E-15));
#2206=DIRECTION('',(2.06788313592556E-15,0.707106781186545,0.70710678118655));
#2207=DIRECTION('center_axis',(5.76295300175974E-16,-0.707106781186548,
0.707106781186548));
#2208=DIRECTION('ref_axis',(1.,-1.0547118733939E-15,-1.86971650283464E-15));
#2209=DIRECTION('',(-0.479564930231227,0.482274980494015,-0.733095028548016));
#2210=DIRECTION('',(-0.469468561734697,0.475030634815416,-0.744274926038502));
#2211=DIRECTION('',(-0.561085302735544,0.440807403083952,-0.700622663379187));
#2212=DIRECTION('',(-0.726026786687768,7.6574907232161E-16,-0.687666419866372));
#2213=DIRECTION('center_axis',(-0.687666419866389,7.25289937967356E-16,
0.726026786687753));
#2214=DIRECTION('ref_axis',(-1.0547118733939E-15,-1.,-3.08148791101958E-32));
#2215=DIRECTION('',(-0.72602678668776,7.65749072321602E-16,-0.687666419866381));
#2216=DIRECTION('',(-0.300204865285017,0.707106781186527,-0.640216400023643));
#2217=DIRECTION('center_axis',(-1.0547118733939E-15,-1.,-2.46519032881566E-32));
#2218=DIRECTION('ref_axis',(1.,-1.0547118733939E-15,-1.86971650283464E-15));
#2219=DIRECTION('',(-0.49733268031485,0.707106781186547,-0.502653165802075));
#2220=DIRECTION('center_axis',(1.0547118733939E-15,1.,2.46519032881566E-32));
#2221=DIRECTION('ref_axis',(-1.,1.0547118733939E-15,1.86971650283464E-15));
#2222=DIRECTION('',(-0.0543212974021438,0.707106781186545,-0.705017160534799));
#2223=DIRECTION('center_axis',(-1.0547118733939E-15,-1.,-2.46519032881566E-32));
#2224=DIRECTION('ref_axis',(1.,-1.0547118733939E-15,-1.86971650283464E-15));
#2225=DIRECTION('',(-0.5,0.707106781186548,-0.499999999999999));
#2226=DIRECTION('center_axis',(-0.500000000000002,-0.707106781186547,-0.499999999999999));
#2227=DIRECTION('ref_axis',(0.816496580927726,-0.577350269189626,-1.8874396148718E-15));
#2228=DIRECTION('',(-0.499999999999999,0.707106781186547,-0.500000000000001));
#2229=DIRECTION('center_axis',(1.0547118733939E-15,1.,2.46519032881566E-32));
#2230=DIRECTION('ref_axis',(-1.,1.0547118733939E-15,1.86971650283464E-15));
#2231=DIRECTION('',(-5.76295300175984E-16,0.707106781186544,-0.707106781186551));
#2232=DIRECTION('center_axis',(-2.06788313592556E-15,-0.707106781186548,
-0.707106781186548));
#2233=DIRECTION('ref_axis',(1.,-1.0547118733939E-15,-1.86971650283464E-15));
#2234=DIRECTION('center_axis',(-1.0547118733939E-15,-1.,-2.46519032881566E-32));
#2235=DIRECTION('ref_axis',(-0.946204183836103,9.97972787346923E-16,0.323570150803585));
#2236=DIRECTION('center_axis',(-1.0547118733939E-15,-1.,-2.46519032881566E-32));
#2237=DIRECTION('ref_axis',(1.,-1.0547118733939E-15,-1.86971650283464E-15));
#2238=DIRECTION('center_axis',(1.0547118733939E-15,1.,2.46519032881566E-32));
#2239=DIRECTION('ref_axis',(-1.,0.,1.69176841847643E-15));
#2240=DIRECTION('center_axis',(2.22044604925031E-16,-1.,0.));
#2241=DIRECTION('ref_axis',(0.,0.,1.));
#2242=DIRECTION('center_axis',(0.,0.,-1.));
#2243=DIRECTION('ref_axis',(0.707106781186547,-0.707106781186548,0.));
#2244=DIRECTION('center_axis',(0.,0.,1.));
#2245=DIRECTION('ref_axis',(0.707106781186547,-0.707106781186548,0.));
#2246=DIRECTION('',(0.,0.,1.));
#2247=DIRECTION('',(0.,0.,-1.));
#2248=DIRECTION('center_axis',(0.,0.,-1.));
#2249=DIRECTION('ref_axis',(2.22044604925031E-16,-1.,0.));
#2250=DIRECTION('',(2.22044604925031E-16,-1.,0.));
#2251=DIRECTION('center_axis',(0.,0.,1.));
#2252=DIRECTION('ref_axis',(0.707106781186547,0.707106781186548,0.));
#2253=DIRECTION('',(1.,2.22044604925031E-16,0.));
#2254=DIRECTION('',(-2.22044604925031E-16,1.,0.));
#2255=DIRECTION('',(-1.,-2.22044604925031E-16,0.));
#2256=DIRECTION('center_axis',(1.,2.22044604925031E-16,0.));
#2257=DIRECTION('ref_axis',(2.22044604925031E-16,-1.,0.));
#2258=DIRECTION('',(0.,0.,1.));
#2259=DIRECTION('center_axis',(0.,0.,-1.));
#2260=DIRECTION('ref_axis',(0.707106781186547,0.707106781186548,0.));
#2261=DIRECTION('',(0.,0.,-1.));
#2262=DIRECTION('center_axis',(-2.22044604925031E-16,1.,0.));
#2263=DIRECTION('ref_axis',(1.,2.22044604925031E-16,0.));
#2264=DIRECTION('',(0.,0.,-1.));
#2265=DIRECTION('center_axis',(-1.,-2.22044604925031E-16,0.));
#2266=DIRECTION('ref_axis',(-2.22044604925031E-16,1.,0.));
#2267=DIRECTION('',(0.,0.,-1.));
#2268=DIRECTION('center_axis',(2.22044604925031E-16,-1.,0.));
#2269=DIRECTION('ref_axis',(-1.,-2.22044604925031E-16,0.));
#2270=DIRECTION('',(-9.43689570931383E-16,-1.,-6.40949485492072E-30));
#2271=DIRECTION('',(1.,-9.43689570931383E-16,-9.91270557701034E-16));
#2272=DIRECTION('',(-2.48059776837074E-31,1.38777878078149E-16,1.));
#2273=DIRECTION('',(1.,5.47382212626903E-47,2.48059776837074E-31));
#2274=DIRECTION('center_axis',(0.,0.,1.));
#2275=DIRECTION('ref_axis',(1.,0.,0.));
#2276=CARTESIAN_POINT('',(0.,0.,0.));
#2277=CARTESIAN_POINT('',(0.,0.,0.));
#2278=CARTESIAN_POINT('',(0.,0.,0.));
#2279=CARTESIAN_POINT('',(-0.150240459903053,0.0416132112927237,60.4462477132473));
#2280=CARTESIAN_POINT('',(0.,0.,0.));
#2281=CARTESIAN_POINT('Origin',(179.149759540102,233.17073743616,89.2421132112977));
#2282=CARTESIAN_POINT('',(179.149759540102,210.29573743616,89.5421132112977));
#2283=CARTESIAN_POINT('',(178.849759540102,210.29573743616,89.2421132112977));
#2284=CARTESIAN_POINT('Origin',(179.149759540102,210.29573743616,89.2421132112977));
#2285=CARTESIAN_POINT('',(178.849759540102,170.89573743616,89.2421132112977));
#2286=CARTESIAN_POINT('',(178.849759540102,233.17073743616,89.2421132112977));
#2287=CARTESIAN_POINT('',(179.149759540102,170.89573743616,89.5421132112977));
#2288=CARTESIAN_POINT('Origin',(179.149759540102,170.89573743616,89.2421132112977));
#2289=CARTESIAN_POINT('',(179.149759540102,233.17073743616,89.5421132112977));
#2290=CARTESIAN_POINT('Origin',(184.399759540102,210.29573743616,89.2421132112977));
#2291=CARTESIAN_POINT('',(189.649759540102,210.29573743616,89.5421132112977));
#2292=CARTESIAN_POINT('',(189.649759540102,210.59573743616,89.2421132112977));
#2293=CARTESIAN_POINT('Origin',(189.649759540102,210.29573743616,89.2421132112977));
#2294=CARTESIAN_POINT('',(179.149759540102,210.59573743616,89.2421132112977));
#2295=CARTESIAN_POINT('',(184.399759540102,210.59573743616,89.2421132112977));
#2296=CARTESIAN_POINT('Origin',(179.149759540102,210.29573743616,89.2421132112977));
#2297=CARTESIAN_POINT('',(184.399759540102,210.29573743616,89.5421132112977));
#2298=CARTESIAN_POINT('Origin',(189.649759540102,213.12073743616,89.2421132112977));
#2299=CARTESIAN_POINT('',(189.949759540102,210.29573743616,89.2421132112977));
#2300=CARTESIAN_POINT('Origin',(189.649759540102,210.29573743616,89.2421132112977));
#2301=CARTESIAN_POINT('',(189.649759540102,170.89573743616,89.5421132112977));
#2302=CARTESIAN_POINT('',(189.649759540102,213.12073743616,89.5421132112977));
#2303=CARTESIAN_POINT('',(189.949759540102,170.89573743616,89.2421132112977));
#2304=CARTESIAN_POINT('Origin',(189.649759540102,170.89573743616,89.2421132112977));
#2305=CARTESIAN_POINT('',(189.949759540102,213.12073743616,89.2421132112977));
#2306=CARTESIAN_POINT('Origin',(181.624759540102,170.89573743616,89.2421132112977));
#2307=CARTESIAN_POINT('',(179.149759540102,170.59573743616,89.2421132112977));
#2308=CARTESIAN_POINT('Origin',(179.149759540102,170.89573743616,89.2421132112977));
#2309=CARTESIAN_POINT('',(189.649759540102,170.59573743616,89.2421132112977));
#2310=CARTESIAN_POINT('',(181.624759540102,170.59573743616,89.2421132112977));
#2311=CARTESIAN_POINT('Origin',(189.649759540102,170.89573743616,89.2421132112977));
#2312=CARTESIAN_POINT('',(181.624759540102,170.89573743616,89.5421132112977));
#2313=CARTESIAN_POINT('Origin',(189.649759540102,170.89573743616,89.2421132112977));
#2314=CARTESIAN_POINT('Origin',(189.649759540102,170.89573743616,89.2421132112977));
#2315=CARTESIAN_POINT('Origin',(189.649759540102,210.29573743616,89.2421132112977));
#2316=CARTESIAN_POINT('Origin',(189.649759540102,210.29573743616,89.2421132112977));
#2317=CARTESIAN_POINT('Origin',(179.149759540102,210.29573743616,89.2421132112977));
#2318=CARTESIAN_POINT('Origin',(179.149759540102,210.29573743616,89.2421132112977));
#2319=CARTESIAN_POINT('Origin',(179.149759540102,170.89573743616,89.2421132112977));
#2320=CARTESIAN_POINT('Origin',(179.149759540102,170.89573743616,89.2421132112977));
#2321=CARTESIAN_POINT('Origin',(189.649759540102,210.29573743616,82.0421132112977));
#2322=CARTESIAN_POINT('',(189.949759540102,210.29573743616,82.8421132112977));
#2323=CARTESIAN_POINT('',(189.949759540102,210.29573743616,82.0421132112977));
#2324=CARTESIAN_POINT('',(189.649759540102,210.59573743616,82.8421132112977));
#2325=CARTESIAN_POINT('Origin',(189.649759540102,210.29573743616,82.8421132112977));
#2326=CARTESIAN_POINT('',(189.649759540102,210.59573743616,82.0421132112977));
#2327=CARTESIAN_POINT('Origin',(189.949759540102,170.59573743616,79.5421132112977));
#2328=CARTESIAN_POINT('',(189.949759540102,170.89573743616,73.5921132112972));
#2329=CARTESIAN_POINT('',(189.949759540102,170.89573743616,79.5421132112977));
#2330=CARTESIAN_POINT('',(189.949759540102,178.495737436159,73.5921132112972));
#2331=CARTESIAN_POINT('',(189.949759540102,170.895737436159,73.5921132112972));
#2332=CARTESIAN_POINT('',(189.949759540102,178.495737436159,78.5421132112977));
#2333=CARTESIAN_POINT('',(189.949759540102,178.495737436159,83.0546132112975));
#2334=CARTESIAN_POINT('',(189.949759540102,182.795737436159,82.8421132112977));
#2335=CARTESIAN_POINT('Origin',(189.949759540102,182.795737436159,78.5421132112977));
#2336=CARTESIAN_POINT('',(189.949759540102,213.12073743616,82.8421132112977));
#2337=CARTESIAN_POINT('Origin',(189.649759540102,170.89573743616,79.5421132112977));
#2338=CARTESIAN_POINT('',(189.649759540102,170.59573743616,73.5921132112972));
#2339=CARTESIAN_POINT('',(189.649759540102,170.59573743616,79.5421132112977));
#2340=CARTESIAN_POINT('Origin',(189.649759540102,170.89573743616,73.5921132112972));
#2341=CARTESIAN_POINT('Origin',(178.849759540102,170.59573743616,79.5421132112977));
#2342=CARTESIAN_POINT('',(179.149759540102,170.59573743616,87.5921132112973));
#2343=CARTESIAN_POINT('',(179.149759540102,170.59573743616,79.5421132112977));
#2344=CARTESIAN_POINT('',(175.849759540102,170.59573743616,84.2921132112973));
#2345=CARTESIAN_POINT('Origin',(175.849759540102,170.59573743616,87.5921132112973));
#2346=CARTESIAN_POINT('',(172.904756782352,170.59573743616,84.2921132112973));
#2347=CARTESIAN_POINT('',(178.049759540102,170.59573743616,84.2921132112973));
#2348=CARTESIAN_POINT('',(172.283993938914,170.595737436159,84.1921132112971));
#2349=CARTESIAN_POINT('Ctrl Pts',(172.283993938914,170.59573743616,84.1921132112973));
#2350=CARTESIAN_POINT('Ctrl Pts',(172.285372739046,170.59573743616,84.1924535998462));
#2351=CARTESIAN_POINT('Ctrl Pts',(172.286752527159,170.59573743616,84.1927964314409));
#2352=CARTESIAN_POINT('Ctrl Pts',(172.490481775995,170.595737436159,84.2425284003824));
#2353=CARTESIAN_POINT('Ctrl Pts',(172.696146442426,170.59573743616,84.2921132112973));
#2354=CARTESIAN_POINT('Ctrl Pts',(172.904756782352,170.59573743616,84.2921132112973));
#2355=CARTESIAN_POINT('',(170.810549968266,170.595737436159,79.3351890714887));
#2356=CARTESIAN_POINT('Origin',(174.749759540102,170.595737436159,80.7921132112972));
#2357=CARTESIAN_POINT('',(172.288088364808,170.595737436159,78.3041069764326));
#2358=CARTESIAN_POINT('Origin',(168.560414870791,170.595737436159,74.5365546779231));
#2359=CARTESIAN_POINT('',(174.480882835811,170.595737436159,77.3024563058279));
#2360=CARTESIAN_POINT('Origin',(174.749759540102,170.595737436159,80.7921132112972));
#2361=CARTESIAN_POINT('',(175.930538026862,170.595737436159,76.6355987932486));
#2362=CARTESIAN_POINT('Origin',(174.304192430133,170.595737436159,75.0092531965196));
#2363=CARTESIAN_POINT('',(177.176105136831,170.595737436159,75.3900316832802));
#2364=CARTESIAN_POINT('',(175.930538026863,170.595737436159,76.6355987932486));
#2365=CARTESIAN_POINT('',(178.378186664848,170.595737436159,74.8921132112972));
#2366=CARTESIAN_POINT('Origin',(178.378186664848,170.595737436159,76.5921132112972));
#2367=CARTESIAN_POINT('',(180.436616797268,170.595737436159,74.8921132112972));
#2368=CARTESIAN_POINT('',(178.378186664848,170.595737436159,74.8921132112972));
#2369=CARTESIAN_POINT('',(182.702173402185,170.595737436159,72.9886649354352));
#2370=CARTESIAN_POINT('Origin',(180.436616797268,170.595737436159,72.5921132112972));
#2371=CARTESIAN_POINT('Origin',(186.149759540102,170.59573743616,73.5921132112972));
#2372=CARTESIAN_POINT('Origin',(184.399759540102,255.64573743616,89.5421132112977));
#2373=CARTESIAN_POINT('',(188.449759540102,207.19573743616,89.5421132112977));
#2374=CARTESIAN_POINT('',(188.449759540102,174.09573743616,89.5421132112977));
#2375=CARTESIAN_POINT('',(188.449759540102,232.42073743616,89.5421132112977));
#2376=CARTESIAN_POINT('',(186.449759540102,172.09573743616,89.5421132112977));
#2377=CARTESIAN_POINT('Origin',(186.449759540102,174.09573743616,89.5421132112977));
#2378=CARTESIAN_POINT('',(180.349759540102,172.09573743616,89.5421132112977));
#2379=CARTESIAN_POINT('',(186.424759540102,172.09573743616,89.5421132112977));
#2380=CARTESIAN_POINT('',(180.349759540102,209.19573743616,89.5421132112977));
#2381=CARTESIAN_POINT('',(180.349759540102,213.87073743616,89.5421132112977));
#2382=CARTESIAN_POINT('',(186.449759540102,209.19573743616,89.5421132112977));
#2383=CARTESIAN_POINT('',(182.374759540102,209.19573743616,89.5421132112977));
#2384=CARTESIAN_POINT('Origin',(186.449759540102,207.19573743616,89.5421132112977));
#2385=CARTESIAN_POINT('Origin',(179.149759540102,210.29573743616,82.8421132112977));
#2386=CARTESIAN_POINT('',(178.849759540102,210.29573743616,82.8421132112977));
#2387=CARTESIAN_POINT('',(179.149759540102,210.29573743616,82.5421132112977));
#2388=CARTESIAN_POINT('Origin',(179.149759540102,210.29573743616,82.8421132112977));
#2389=CARTESIAN_POINT('',(179.149759540102,210.59573743616,82.8421132112977));
#2390=CARTESIAN_POINT('Origin',(179.149759540102,210.29573743616,82.8421132112977));
#2391=CARTESIAN_POINT('Origin',(179.149759540102,210.29573743616,82.8421132112977));
#2392=CARTESIAN_POINT('Origin',(179.149759540102,210.29573743616,82.0421132112977));
#2393=CARTESIAN_POINT('',(179.149759540102,210.59573743616,82.0421132112977));
#2394=CARTESIAN_POINT('',(178.849759540102,210.29573743616,82.0421132112977));
#2395=CARTESIAN_POINT('Origin',(184.399759540102,210.29573743616,82.8421132112977));
#2396=CARTESIAN_POINT('',(189.649759540102,210.29573743616,82.5421132112977));
#2397=CARTESIAN_POINT('Origin',(189.649759540102,210.29573743616,82.8421132112977));
#2398=CARTESIAN_POINT('',(184.399759540102,210.29573743616,82.5421132112977));
#2399=CARTESIAN_POINT('',(184.399759540102,210.59573743616,82.8421132112977));
#2400=CARTESIAN_POINT('Ctrl Pts',(179.149759540102,182.795737436159,82.5421132112977));
#2401=CARTESIAN_POINT('Ctrl Pts',(179.149759540102,182.197338835476,82.5421132112977));
#2402=CARTESIAN_POINT('Ctrl Pts',(178.855393570941,181.002859298753,82.2682844027761));
#2403=CARTESIAN_POINT('Ctrl Pts',(177.41682822085,179.320641790752,80.9300840771102));
#2404=CARTESIAN_POINT('Ctrl Pts',(175.814677283704,178.795737436159,79.4397111123233));
#2405=CARTESIAN_POINT('Ctrl Pts',(174.849759540102,178.795737436159,78.5421132112977));
#2406=CARTESIAN_POINT('Ctrl Pts',(179.071219723762,182.795737436159,82.5421132112977));
#2407=CARTESIAN_POINT('Ctrl Pts',(179.071219723762,182.209204431682,82.5421132112977));
#2408=CARTESIAN_POINT('Ctrl Pts',(178.790761546944,181.035238316146,82.2816013129932));
#2409=CARTESIAN_POINT('Ctrl Pts',(177.387111405341,179.336403089185,80.9596840235986));
#2410=CARTESIAN_POINT('Ctrl Pts',(175.803457309941,178.795737436159,79.4509310860861));
#2411=CARTESIAN_POINT('Ctrl Pts',(174.849759540102,178.795737436159,78.5421132112977));
#2412=CARTESIAN_POINT('Ctrl Pts',(178.914880374701,182.795737436159,82.6072340458967));
#2413=CARTESIAN_POINT('Ctrl Pts',(178.914880374701,182.222673236637,82.6072340458967));
#2414=CARTESIAN_POINT('Ctrl Pts',(178.661601876977,181.071056745385,82.3539555481729));
#2415=CARTESIAN_POINT('Ctrl Pts',(177.327185937078,179.35176206858,81.0195396082739));
#2416=CARTESIAN_POINT('Ctrl Pts',(175.781017362416,178.795737436159,79.4733710336118));
#2417=CARTESIAN_POINT('Ctrl Pts',(174.849759540102,178.795737436159,78.5421132112977));
#2418=CARTESIAN_POINT('Ctrl Pts',(178.849759540102,182.795737436159,82.7635733949579));
#2419=CARTESIAN_POINT('Ctrl Pts',(178.849759540102,182.209204431682,82.7635733949579));
#2420=CARTESIAN_POINT('Ctrl Pts',(178.589247641797,181.035238316146,82.4831152181405));
#2421=CARTESIAN_POINT('Ctrl Pts',(177.267330352402,179.336403089185,81.0794650765373));
#2422=CARTESIAN_POINT('Ctrl Pts',(175.75857741489,178.795737436159,79.4958109811375));
#2423=CARTESIAN_POINT('Ctrl Pts',(174.849759540102,178.795737436159,78.5421132112977));
#2424=CARTESIAN_POINT('Ctrl Pts',(178.849759540102,182.795737436159,82.8421132112977));
#2425=CARTESIAN_POINT('Ctrl Pts',(178.849759540102,182.197338835476,82.8421132112977));
#2426=CARTESIAN_POINT('Ctrl Pts',(178.57593073158,181.002859298753,82.547747242137));
#2427=CARTESIAN_POINT('Ctrl Pts',(177.237730405914,179.320641790752,81.1091818920461));
#2428=CARTESIAN_POINT('Ctrl Pts',(175.747357441127,178.795737436159,79.5070309549003));
#2429=CARTESIAN_POINT('Ctrl Pts',(174.849759540102,178.795737436159,78.5421132112977));
#2430=CARTESIAN_POINT('',(178.849759540102,182.795737436159,82.8421132112977));
#2431=CARTESIAN_POINT('',(179.149759540102,182.795737436159,82.5421132112977));
#2432=CARTESIAN_POINT('Origin',(179.149759540102,182.795737436159,82.8421132112977));
#2433=CARTESIAN_POINT('',(174.849759540102,178.795737436159,78.5421132112977));
#2434=CARTESIAN_POINT('Origin',(174.849759540102,182.795737436159,78.5421132112977));
#2435=CARTESIAN_POINT('Origin',(174.849759540102,182.795737436159,78.5421132112977));
#2436=CARTESIAN_POINT('Origin',(179.149759540102,233.17073743616,82.8421132112977));
#2437=CARTESIAN_POINT('',(178.849759540102,233.17073743616,82.8421132112977));
#2438=CARTESIAN_POINT('',(179.149759540102,233.17073743616,82.5421132112977));
#2439=CARTESIAN_POINT('Origin',(189.649759540102,210.29573743616,82.8421132112977));
#2440=CARTESIAN_POINT('Origin',(189.649759540102,210.29573743616,82.8421132112977));
#2441=CARTESIAN_POINT('Origin',(174.849759540102,182.795737436159,83.0546132112975));
#2442=CARTESIAN_POINT('',(174.849759540102,178.795737436159,84.2921132112973));
#2443=CARTESIAN_POINT('',(174.849759540102,178.795737436159,83.0546132112975));
#2444=CARTESIAN_POINT('',(175.779992098241,178.905407451726,84.2921132112973));
#2445=CARTESIAN_POINT('Origin',(174.849759540102,182.795737436159,84.2921132112973));
#2446=CARTESIAN_POINT('',(178.849759540102,182.795737436159,87.5921132112973));
#2447=CARTESIAN_POINT('Ctrl Pts',(178.849759540102,182.795737436159,87.5921132112973));
#2448=CARTESIAN_POINT('Ctrl Pts',(178.849759540102,182.793194825772,87.5897187323773));
#2449=CARTESIAN_POINT('Ctrl Pts',(178.849756924588,182.790652228245,87.5873242844031));
#2450=CARTESIAN_POINT('Ctrl Pts',(178.849188208087,182.474118730292,87.2892286921283));
#2451=CARTESIAN_POINT('Ctrl Pts',(178.774193133883,181.845012753173,86.6968611806015));
#2452=CARTESIAN_POINT('Ctrl Pts',(178.433771924555,180.927623443214,85.8444680155158));
#2453=CARTESIAN_POINT('Ctrl Pts',(177.840721124691,180.068298015862,85.0744533411882));
#2454=CARTESIAN_POINT('Ctrl Pts',(176.965889564862,179.330998669795,84.4718524740187));
#2455=CARTESIAN_POINT('Ctrl Pts',(176.185981776523,179.00248528793,84.2921132112973));
#2456=CARTESIAN_POINT('Ctrl Pts',(175.779992098241,178.905407451726,84.2921132112973));
#2457=CARTESIAN_POINT('',(178.849759540102,182.795737436159,83.0546132112975));
#2458=CARTESIAN_POINT('Origin',(171.624759540102,182.795737436159,78.5421132112977));
#2459=CARTESIAN_POINT('',(189.649759540102,182.795737436159,82.5421132112977));
#2460=CARTESIAN_POINT('',(171.624759540102,182.795737436159,82.5421132112977));
#2461=CARTESIAN_POINT('',(189.649759540102,178.795737436159,78.5421132112977));
#2462=CARTESIAN_POINT('Origin',(189.649759540102,182.795737436159,78.5421132112977));
#2463=CARTESIAN_POINT('',(171.624759540102,178.795737436159,78.5421132112977));
#2464=CARTESIAN_POINT('Origin',(184.399759540102,255.64573743616,82.5421132112977));
#2465=CARTESIAN_POINT('',(189.649759540102,213.12073743616,82.5421132112977));
#2466=CARTESIAN_POINT('Origin',(189.649759540102,213.12073743616,82.8421132112977));
#2467=CARTESIAN_POINT('Origin',(189.649759540102,182.795737436159,82.8421132112977));
#2468=CARTESIAN_POINT('Ctrl Pts',(178.849759540102,182.795737436159,87.5921132112973));
#2469=CARTESIAN_POINT('Ctrl Pts',(178.849759540102,182.793194825772,87.5897187323773));
#2470=CARTESIAN_POINT('Ctrl Pts',(178.849756924588,182.790652228245,87.5873242844031));
#2471=CARTESIAN_POINT('Ctrl Pts',(178.849188208087,182.474118730292,87.2892286921283));
#2472=CARTESIAN_POINT('Ctrl Pts',(178.774193133883,181.845012753173,86.6968611806015));
#2473=CARTESIAN_POINT('Ctrl Pts',(178.433771924555,180.927623443214,85.8444680155158));
#2474=CARTESIAN_POINT('Ctrl Pts',(177.840721124691,180.068298015862,85.0744533411882));
#2475=CARTESIAN_POINT('Ctrl Pts',(176.965889564862,179.330998669795,84.4718524740187));
#2476=CARTESIAN_POINT('Ctrl Pts',(176.185981776523,179.00248528793,84.2921132112973));
#2477=CARTESIAN_POINT('Ctrl Pts',(175.779992098241,178.905407451726,84.2921132112973));
#2478=CARTESIAN_POINT('Ctrl Pts',(178.849759540102,182.795737436159,87.5921132112973));
#2479=CARTESIAN_POINT('Ctrl Pts',(178.849759577452,182.793131487418,87.589791622997));
#2480=CARTESIAN_POINT('Ctrl Pts',(178.849756730956,182.790524872892,87.5874690277745));
#2481=CARTESIAN_POINT('Ctrl Pts',(178.849173366345,182.466084908068,87.2984363748011));
#2482=CARTESIAN_POINT('Ctrl Pts',(178.770298166755,181.821215010678,86.723978317399));
#2483=CARTESIAN_POINT('Ctrl Pts',(178.414357971994,180.887123660389,85.9010413866231));
#2484=CARTESIAN_POINT('Ctrl Pts',(177.802011125087,180.024935214961,85.1653473393461));
#2485=CARTESIAN_POINT('Ctrl Pts',(176.920489389184,179.305857602308,84.6033564625103));
#2486=CARTESIAN_POINT('Ctrl Pts',(176.16537204512,178.997802199917,84.4462105055911));
#2487=CARTESIAN_POINT('Ctrl Pts',(175.779992098241,178.905407451726,84.4491928439767));
#2488=CARTESIAN_POINT('Ctrl Pts',(178.849759540102,182.795737436159,87.5921132112973));
#2489=CARTESIAN_POINT('Ctrl Pts',(178.849759597472,182.793067975465,87.5898641069468));
#2490=CARTESIAN_POINT('Ctrl Pts',(178.84975672968,182.790397647962,87.5876142698485));
#2491=CARTESIAN_POINT('Ctrl Pts',(178.849179433273,182.458063207924,87.307592604502));
#2492=CARTESIAN_POINT('Ctrl Pts',(178.770855480262,181.797464233087,86.7510853317704));
#2493=CARTESIAN_POINT('Ctrl Pts',(178.417659869118,180.837394898829,85.9574436465157));
#2494=CARTESIAN_POINT('Ctrl Pts',(177.810853768908,179.944909474529,85.2549264447189));
#2495=CARTESIAN_POINT('Ctrl Pts',(176.939082438265,179.191411877639,84.728456458817));
#2496=CARTESIAN_POINT('Ctrl Pts',(176.19382370279,178.86395452058,84.5873962531986));
#2497=CARTESIAN_POINT('Ctrl Pts',(175.813229392967,178.766405604133,84.5921132112972));
#2498=CARTESIAN_POINT('Ctrl Pts',(178.849759540102,182.795737436159,87.5921132112973));
#2499=CARTESIAN_POINT('Ctrl Pts',(178.849759540102,182.793004129996,87.5899364122814));
#2500=CARTESIAN_POINT('Ctrl Pts',(178.849756984032,182.790270837652,87.5877596413935));
#2501=CARTESIAN_POINT('Ctrl Pts',(178.849201192904,182.44999732735,87.3167636484167));
#2502=CARTESIAN_POINT('Ctrl Pts',(178.775910552206,181.773708401949,86.7782477288466));
#2503=CARTESIAN_POINT('Ctrl Pts',(178.443226188545,180.787514893742,86.0033448514961));
#2504=CARTESIAN_POINT('Ctrl Pts',(177.863653815951,179.863740059339,85.3033315111981));
#2505=CARTESIAN_POINT('Ctrl Pts',(177.008704791572,179.071143262317,84.755512541044));
#2506=CARTESIAN_POINT('Ctrl Pts',(176.246522180241,178.717991376813,84.5921132112972));
#2507=CARTESIAN_POINT('Ctrl Pts',(175.849759540102,178.613632702894,84.5921132112972));
#2508=CARTESIAN_POINT('',(175.849759540102,178.613632702894,84.5921132112973));
#2509=CARTESIAN_POINT('Origin',(175.849759540102,178.613632702894,84.2921132112973));
#2510=CARTESIAN_POINT('Ctrl Pts',(175.849759540102,178.613632702894,84.5921132112972));
#2511=CARTESIAN_POINT('Ctrl Pts',(176.246522180241,178.717991376813,84.5921132112972));
#2512=CARTESIAN_POINT('Ctrl Pts',(177.008704791572,179.071143262317,84.755512541044));
#2513=CARTESIAN_POINT('Ctrl Pts',(177.863653815951,179.863740059339,85.3033315111981));
#2514=CARTESIAN_POINT('Ctrl Pts',(178.443226188545,180.787514893742,86.0033448514961));
#2515=CARTESIAN_POINT('Ctrl Pts',(178.775910552206,181.773708401949,86.7782477288466));
#2516=CARTESIAN_POINT('Ctrl Pts',(178.849201192904,182.44999732735,87.3167636484167));
#2517=CARTESIAN_POINT('Ctrl Pts',(178.849756984032,182.790270837652,87.5877596413935));
#2518=CARTESIAN_POINT('Ctrl Pts',(178.849759540102,182.793004129996,87.5899364122814));
#2519=CARTESIAN_POINT('Ctrl Pts',(178.849759540102,182.795737436159,87.5921132112973));
#2520=CARTESIAN_POINT('Origin',(174.849759540102,182.795737436159,84.2921132112973));
#2521=CARTESIAN_POINT('',(174.849759540102,178.495737436159,84.5921132112973));
#2522=CARTESIAN_POINT('Origin',(174.849759540102,178.495737436159,84.2921132112973));
#2523=CARTESIAN_POINT('Origin',(174.849759540102,182.795737436159,84.5921132112973));
#2524=CARTESIAN_POINT('Origin',(168.049759540102,178.495737436159,84.2921132112973));
#2525=CARTESIAN_POINT('',(170.492911663912,178.795737436159,84.2921132112973));
#2526=CARTESIAN_POINT('',(170.744641553265,178.495737436159,84.5921132112973));
#2527=CARTESIAN_POINT('Origin',(170.492911663912,178.495737436159,84.2921132112973));
#2528=CARTESIAN_POINT('',(168.049759540102,178.495737436159,84.5921132112973));
#2529=CARTESIAN_POINT('',(168.049759540102,178.795737436159,84.2921132112973));
#2530=CARTESIAN_POINT('Origin',(158.849759540102,178.795737436159,86.5671132112973));
#2531=CARTESIAN_POINT('',(189.649759540102,178.795737436159,73.5921132112972));
#2532=CARTESIAN_POINT('',(189.649759540102,178.795737436159,83.0546132112975));
#2533=CARTESIAN_POINT('',(182.702173402185,178.795737436159,72.9886649354352));
#2534=CARTESIAN_POINT('Origin',(186.149759540102,178.795737436159,73.5921132112972));
#2535=CARTESIAN_POINT('',(180.436616797268,178.795737436159,74.8921132112972));
#2536=CARTESIAN_POINT('Origin',(180.436616797268,178.795737436159,72.5921132112972));
#2537=CARTESIAN_POINT('',(178.378186664848,178.795737436159,74.8921132112972));
#2538=CARTESIAN_POINT('',(180.436616797268,178.795737436159,74.8921132112972));
#2539=CARTESIAN_POINT('',(177.176105136831,178.795737436159,75.3900316832802));
#2540=CARTESIAN_POINT('Origin',(178.378186664848,178.795737436159,76.5921132112972));
#2541=CARTESIAN_POINT('',(175.930538026863,178.795737436159,76.6355987932486));
#2542=CARTESIAN_POINT('',(177.176105136831,178.795737436159,75.3900316832802));
#2543=CARTESIAN_POINT('',(174.480882835811,178.795737436159,77.3024563058279));
#2544=CARTESIAN_POINT('Origin',(174.304192430133,178.795737436159,75.0092531965196));
#2545=CARTESIAN_POINT('',(172.288088364808,178.795737436159,78.3041069764326));
#2546=CARTESIAN_POINT('Origin',(174.749759540102,178.795737436159,80.7921132112972));
#2547=CARTESIAN_POINT('',(168.560414870791,178.795737436159,79.8365546779231));
#2548=CARTESIAN_POINT('Origin',(168.560414870791,178.795737436159,74.5365546779231));
#2549=CARTESIAN_POINT('',(159.049759540102,178.795737436159,79.8365546779231));
#2550=CARTESIAN_POINT('',(168.560414870791,178.795737436159,79.8365546779231));
#2551=CARTESIAN_POINT('',(159.049759540102,178.795737436159,82.2147054053101));
#2552=CARTESIAN_POINT('',(159.049759540102,178.795737436159,88.0793639302761));
#2553=CARTESIAN_POINT('',(168.749759540102,178.795737436159,82.21470540531));
#2554=CARTESIAN_POINT('',(158.799759540102,178.795737436159,82.2147054053101));
#2555=CARTESIAN_POINT('',(167.776110017728,178.795737436159,81.0543550890938));
#2556=CARTESIAN_POINT('Origin',(175.849759540102,187.245737436159,87.5921132112973));
#2557=CARTESIAN_POINT('',(175.849759540102,170.89573743616,84.5921132112973));
#2558=CARTESIAN_POINT('',(175.849759540102,187.245737436159,84.5921132112973));
#2559=CARTESIAN_POINT('',(178.849759540102,170.89573743616,87.5921132112973));
#2560=CARTESIAN_POINT('Origin',(175.849759540102,170.89573743616,87.5921132112973));
#2561=CARTESIAN_POINT('',(178.849759540102,187.245737436159,87.5921132112973));
#2562=CARTESIAN_POINT('Ctrl Pts',(172.283993938914,170.59573743616,84.1921132112973));
#2563=CARTESIAN_POINT('Ctrl Pts',(172.285372739046,170.59573743616,84.1924535998462));
#2564=CARTESIAN_POINT('Ctrl Pts',(172.286752527159,170.59573743616,84.1927964314409));
#2565=CARTESIAN_POINT('Ctrl Pts',(172.490481775995,170.595737436159,84.2425284003824));
#2566=CARTESIAN_POINT('Ctrl Pts',(172.696146442426,170.59573743616,84.2921132112973));
#2567=CARTESIAN_POINT('Ctrl Pts',(172.904756782352,170.59573743616,84.2921132112973));
#2568=CARTESIAN_POINT('Ctrl Pts',(172.283993938914,170.59573743616,84.1921132112973));
#2569=CARTESIAN_POINT('Ctrl Pts',(172.285362628151,170.59573743616,84.1927951826526));
#2570=CARTESIAN_POINT('Ctrl Pts',(172.286513072124,170.59573743616,84.1934758643475));
#2571=CARTESIAN_POINT('Ctrl Pts',(172.47966516411,170.595737436159,84.293513884537));
#2572=CARTESIAN_POINT('Ctrl Pts',(172.67064467151,170.59573743616,84.3890357767491));
#2573=CARTESIAN_POINT('Ctrl Pts',(172.904756782352,170.59573743616,84.4491928439768));
#2574=CARTESIAN_POINT('Ctrl Pts',(172.283993938914,170.59573743616,84.1921132112973));
#2575=CARTESIAN_POINT('Ctrl Pts',(172.285365650297,170.595854560868,84.1931434262902));
#2576=CARTESIAN_POINT('Ctrl Pts',(172.286262508523,170.595623596513,84.1941574776554));
#2577=CARTESIAN_POINT('Ctrl Pts',(172.469214837835,170.599816916603,84.3426833121441));
#2578=CARTESIAN_POINT('Ctrl Pts',(172.646635852803,170.623980008341,84.4986029792352));
#2579=CARTESIAN_POINT('Ctrl Pts',(172.904756782352,170.73865780348,84.5921132112973));
#2580=CARTESIAN_POINT('Ctrl Pts',(172.283993938914,170.59573743616,84.1921132112973));
#2581=CARTESIAN_POINT('Ctrl Pts',(172.285120640806,170.59573743616,84.1934747654778));
#2582=CARTESIAN_POINT('Ctrl Pts',(172.286251834549,170.595741735471,84.1948460918722));
#2583=CARTESIAN_POINT('Ctrl Pts',(172.452198856698,170.597635217567,84.3937739675583));
#2584=CARTESIAN_POINT('Ctrl Pts',(172.639205296995,170.715756211947,84.5921132112973));
#2585=CARTESIAN_POINT('Ctrl Pts',(172.904756782352,170.89573743616,84.5921132112973));
#2586=CARTESIAN_POINT('',(172.904756782352,170.89573743616,84.5921132112973));
#2587=CARTESIAN_POINT('Origin',(172.904756782352,170.89573743616,84.2921132112973));
#2588=CARTESIAN_POINT('Ctrl Pts',(172.904756782352,170.89573743616,84.5921132112973));
#2589=CARTESIAN_POINT('Ctrl Pts',(172.639205296995,170.715756211947,84.5921132112973));
#2590=CARTESIAN_POINT('Ctrl Pts',(172.452198856698,170.597635217567,84.3937739675583));
#2591=CARTESIAN_POINT('Ctrl Pts',(172.286251834549,170.595741735471,84.1948460918722));
#2592=CARTESIAN_POINT('Ctrl Pts',(172.285120640806,170.59573743616,84.1934747654778));
#2593=CARTESIAN_POINT('Ctrl Pts',(172.283993938914,170.59573743616,84.1921132112973));
#2594=CARTESIAN_POINT('Origin',(178.049759540102,170.89573743616,84.2921132112973));
#2595=CARTESIAN_POINT('Origin',(175.849759540102,170.89573743616,84.2921132112973));
#2596=CARTESIAN_POINT('',(178.049759540102,170.89573743616,84.5921132112973));
#2597=CARTESIAN_POINT('Origin',(175.849759540102,170.89573743616,87.5921132112973));
#2598=CARTESIAN_POINT('Origin',(179.149759540102,170.89573743616,87.5921132112973));
#2599=CARTESIAN_POINT('Origin',(179.149759540102,170.89573743616,79.5421132112977));
#2600=CARTESIAN_POINT('',(178.849759540102,170.89573743616,79.5421132112977));
#2601=CARTESIAN_POINT('Ctrl Pts',(171.643895909984,170.395737436159,83.9087798779639));
#2602=CARTESIAN_POINT('Ctrl Pts',(171.643895909984,170.410400363378,83.9087798779639));
#2603=CARTESIAN_POINT('Ctrl Pts',(171.652561887363,170.439674109229,83.9128193178528));
#2604=CARTESIAN_POINT('Ctrl Pts',(171.701683831909,170.49303850408,83.935658822643));
#2605=CARTESIAN_POINT('Ctrl Pts',(171.786807151862,170.533654820929,83.9749799365062));
#2606=CARTESIAN_POINT('Ctrl Pts',(171.890599695261,170.561593513283,84.0220918546549));
#2607=CARTESIAN_POINT('Ctrl Pts',(172.061374005699,170.592428873178,84.0985240239071));
#2608=CARTESIAN_POINT('Ctrl Pts',(172.258924078606,170.599258256681,84.1833691889708));
#2609=CARTESIAN_POINT('Ctrl Pts',(172.539793551515,170.588606252303,84.2942738321411));
#2610=CARTESIAN_POINT('Ctrl Pts',(172.686992892777,170.575674159654,84.3482703080507));
#2611=CARTESIAN_POINT('Ctrl Pts',(172.799299216469,170.562404102826,84.3864520666166));
#2612=CARTESIAN_POINT('Ctrl Pts',(171.707522608844,170.395737436159,83.9721860330095));
#2613=CARTESIAN_POINT('Ctrl Pts',(171.707522608844,170.403775083635,83.9721860330095));
#2614=CARTESIAN_POINT('Ctrl Pts',(171.712754824862,170.419875213268,83.9767479571907));
#2615=CARTESIAN_POINT('Ctrl Pts',(171.744993493319,170.456331920212,84.0022492093277));
#2616=CARTESIAN_POINT('Ctrl Pts',(171.811605348711,170.496807303479,84.0441424597978));
#2617=CARTESIAN_POINT('Ctrl Pts',(171.903463185732,170.531600349327,84.0916944930712));
#2618=CARTESIAN_POINT('Ctrl Pts',(172.061545475018,170.576453316112,84.1667260679311));
#2619=CARTESIAN_POINT('Ctrl Pts',(172.258039090584,170.599054799621,84.2448593176923));
#2620=CARTESIAN_POINT('Ctrl Pts',(172.541426439937,170.601734010486,84.343107104274));
#2621=CARTESIAN_POINT('Ctrl Pts',(172.691250363952,170.593030359409,84.389466763895));
#2622=CARTESIAN_POINT('Ctrl Pts',(172.805236363085,170.581170408073,84.4218621347752));
#2623=CARTESIAN_POINT('Ctrl Pts',(171.790004290235,170.395737436159,84.1434137464912));
#2624=CARTESIAN_POINT('Ctrl Pts',(171.790004290235,170.395205832017,84.1434137464912));
#2625=CARTESIAN_POINT('Ctrl Pts',(171.789760047021,170.394281845996,84.1478499066204));
#2626=CARTESIAN_POINT('Ctrl Pts',(171.795711182095,170.412039769928,84.1720889521324));
#2627=CARTESIAN_POINT('Ctrl Pts',(171.835635869723,170.459503789907,84.2097264647397));
#2628=CARTESIAN_POINT('Ctrl Pts',(171.912458455646,170.509607685429,84.2494919317315));
#2629=CARTESIAN_POINT('Ctrl Pts',(172.056624231856,170.580816350046,84.3098864237032));
#2630=CARTESIAN_POINT('Ctrl Pts',(172.256774818325,170.626927636403,84.3672226583231));
#2631=CARTESIAN_POINT('Ctrl Pts',(172.548257518604,170.646170177688,84.4351152652285));
#2632=CARTESIAN_POINT('Ctrl Pts',(172.703297639315,170.641063386984,84.4657539525413));
#2633=CARTESIAN_POINT('Ctrl Pts',(172.820382746591,170.629045536422,84.4866438821769));
#2634=CARTESIAN_POINT('Ctrl Pts',(171.727149007618,170.395737436159,84.421649316638));
#2635=CARTESIAN_POINT('Ctrl Pts',(171.727149007618,170.401751065594,84.421649316638));
#2636=CARTESIAN_POINT('Ctrl Pts',(171.727069422128,170.413908991911,84.4236732884054));
#2637=CARTESIAN_POINT('Ctrl Pts',(171.735212578884,170.458525301108,84.4346961404847));
#2638=CARTESIAN_POINT('Ctrl Pts',(171.783114510773,170.530892976624,84.4511833845811));
#2639=CARTESIAN_POINT('Ctrl Pts',(171.871768504843,170.599450233776,84.46783134737));
#2640=CARTESIAN_POINT('Ctrl Pts',(172.03564012394,170.691981259329,84.4924539702863));
#2641=CARTESIAN_POINT('Ctrl Pts',(172.256105418054,170.743873258957,84.514222129715));
#2642=CARTESIAN_POINT('Ctrl Pts',(172.567482464266,170.757657844094,84.5389784680648));
#2643=CARTESIAN_POINT('Ctrl Pts',(172.729864664002,170.745042170585,84.5496468646671));
#2644=CARTESIAN_POINT('Ctrl Pts',(172.850826629644,170.725273445085,84.556860178468));
#2645=CARTESIAN_POINT('Ctrl Pts',(171.541328435128,170.395737436159,84.5697062180796));
#2646=CARTESIAN_POINT('Ctrl Pts',(171.541328435128,170.421050119007,84.5697062180796));
#2647=CARTESIAN_POINT('Ctrl Pts',(171.548085217852,170.471664343927,84.5699799235773));
#2648=CARTESIAN_POINT('Ctrl Pts',(171.59063847671,170.575733747101,84.5714203309771));
#2649=CARTESIAN_POINT('Ctrl Pts',(171.680737178775,170.675006573896,84.5735885520563));
#2650=CARTESIAN_POINT('Ctrl Pts',(171.803120324342,170.752952747764,84.5757670230163));
#2651=CARTESIAN_POINT('Ctrl Pts',(172.010479193206,170.847618705036,84.5789923792897));
#2652=CARTESIAN_POINT('Ctrl Pts',(172.256175419203,170.884551785024,84.5818770344377));
#2653=CARTESIAN_POINT('Ctrl Pts',(172.588493168829,170.875185580121,84.5851165878959));
#2654=CARTESIAN_POINT('Ctrl Pts',(172.756591515391,170.848899457911,84.5865632381224));
#2655=CARTESIAN_POINT('Ctrl Pts',(172.88031612047,170.818484683113,84.5875056945222));
#2656=CARTESIAN_POINT('Ctrl Pts',(171.406457634783,170.395737436159,84.5921132112973));
#2657=CARTESIAN_POINT('Ctrl Pts',(171.406457634783,170.435065702487,84.5921132112973));
#2658=CARTESIAN_POINT('Ctrl Pts',(171.418541071421,170.513602064543,84.5921039732935));
#2659=CARTESIAN_POINT('Ctrl Pts',(171.487687557094,170.659706279373,84.592131095688));
#2660=CARTESIAN_POINT('Ctrl Pts',(171.609431684635,170.775904728835,84.5921464535034));
#2661=CARTESIAN_POINT('Ctrl Pts',(171.756193092179,170.858244070405,84.5921739713229));
#2662=CARTESIAN_POINT('Ctrl Pts',(171.994256075177,170.951276380917,84.5922051547983));
#2663=CARTESIAN_POINT('Ctrl Pts',(172.256360383923,170.975868546696,84.5921704522756));
#2664=CARTESIAN_POINT('Ctrl Pts',(172.601932480849,170.949555805235,84.5921860669041));
#2665=CARTESIAN_POINT('Ctrl Pts',(172.773340752268,170.913886141104,84.5921101643379));
#2666=CARTESIAN_POINT('Ctrl Pts',(172.898646685011,170.876424463243,84.5921132112973));
#2667=CARTESIAN_POINT('Ctrl Pts',(171.361544670882,170.395737436159,84.5921132112973));
#2668=CARTESIAN_POINT('Ctrl Pts',(171.361544670882,170.439726217815,84.5921132112973));
#2669=CARTESIAN_POINT('Ctrl Pts',(171.375400300994,170.527547455367,84.5921132112973));
#2670=CARTESIAN_POINT('Ctrl Pts',(171.453375341836,170.687640639921,84.5921132112973));
#2671=CARTESIAN_POINT('Ctrl Pts',(171.585643305269,170.809489590467,84.5921132112972));
#2672=CARTESIAN_POINT('Ctrl Pts',(171.740516242652,170.89330566753,84.5921132112972));
#2673=CARTESIAN_POINT('Ctrl Pts',(171.988802737434,170.985811747217,84.5921132112972));
#2674=CARTESIAN_POINT('Ctrl Pts',(172.256395117239,171.006299897725,84.5921132112972));
#2675=CARTESIAN_POINT('Ctrl Pts',(172.606386059089,170.97434388459,84.5921132112972));
#2676=CARTESIAN_POINT('Ctrl Pts',(172.778923640678,170.935547606645,84.5921132112973));
#2677=CARTESIAN_POINT('Ctrl Pts',(172.904756782352,170.89573743616,84.5921132112973));
#2678=CARTESIAN_POINT('',(171.361544670882,170.395737436159,84.5921132112973));
#2679=CARTESIAN_POINT('Ctrl Pts',(172.904756782352,170.89573743616,84.5921132112973));
#2680=CARTESIAN_POINT('Ctrl Pts',(172.778923640678,170.935547606645,84.5921132112973));
#2681=CARTESIAN_POINT('Ctrl Pts',(172.606386059089,170.97434388459,84.5921132112972));
#2682=CARTESIAN_POINT('Ctrl Pts',(172.256395117239,171.006299897725,84.5921132112972));
#2683=CARTESIAN_POINT('Ctrl Pts',(171.988802737434,170.985811747217,84.5921132112972));
#2684=CARTESIAN_POINT('Ctrl Pts',(171.740516242652,170.89330566753,84.5921132112972));
#2685=CARTESIAN_POINT('Ctrl Pts',(171.585643305269,170.809489590467,84.5921132112972));
#2686=CARTESIAN_POINT('Ctrl Pts',(171.453375341836,170.687640639921,84.5921132112973));
#2687=CARTESIAN_POINT('Ctrl Pts',(171.375400300994,170.527547455367,84.5921132112973));
#2688=CARTESIAN_POINT('Ctrl Pts',(171.361544670882,170.439726217815,84.5921132112973));
#2689=CARTESIAN_POINT('Ctrl Pts',(171.361544670882,170.395737436159,84.5921132112973));
#2690=CARTESIAN_POINT('',(171.643895909984,170.395737436159,83.9087798779639));
#2691=CARTESIAN_POINT('Origin',(171.361544670882,170.395737436159,84.1921132112973));
#2692=CARTESIAN_POINT('Ctrl Pts',(171.643895909984,170.395737436159,83.9087798779639));
#2693=CARTESIAN_POINT('Ctrl Pts',(171.643895909984,170.410400363378,83.9087798779639));
#2694=CARTESIAN_POINT('Ctrl Pts',(171.652561887363,170.439674109229,83.9128193178528));
#2695=CARTESIAN_POINT('Ctrl Pts',(171.701683831909,170.49303850408,83.935658822643));
#2696=CARTESIAN_POINT('Ctrl Pts',(171.786807151862,170.533654820929,83.9749799365062));
#2697=CARTESIAN_POINT('Ctrl Pts',(171.890599695261,170.561593513283,84.0220918546549));
#2698=CARTESIAN_POINT('Ctrl Pts',(172.039070226668,170.588401657073,84.0885416898576));
#2699=CARTESIAN_POINT('Ctrl Pts',(172.174945542724,170.595844764501,84.1472383252784));
#2700=CARTESIAN_POINT('Ctrl Pts',(172.284037036591,170.595792002137,84.192120057816));
#2701=CARTESIAN_POINT('Origin',(177.249759540102,163.795737436159,84.5921132112973));
#2702=CARTESIAN_POINT('',(170.744641553265,168.50796098237,84.5921132112973));
#2703=CARTESIAN_POINT('',(170.744641553265,171.295737436159,84.5921132112973));
#2704=CARTESIAN_POINT('',(171.361544670882,169.624164560906,84.5921132112973));
#2705=CARTESIAN_POINT('Ctrl Pts',(171.361544670882,169.624164560906,84.5921132112973));
#2706=CARTESIAN_POINT('Ctrl Pts',(171.361544670882,169.435549451086,84.5921132112973));
#2707=CARTESIAN_POINT('Ctrl Pts',(171.24449982861,168.999100273502,84.5921132112973));
#2708=CARTESIAN_POINT('Ctrl Pts',(170.942615547334,168.662960504792,84.5921132112973));
#2709=CARTESIAN_POINT('Ctrl Pts',(170.744641553265,168.50796098237,84.5921132112973));
#2710=CARTESIAN_POINT('',(171.361544670883,197.72202877683,84.5921132112973));
#2711=CARTESIAN_POINT('Origin',(178.849759540102,210.69573743616,79.5421132112977));
#2712=CARTESIAN_POINT('Origin',(186.149759540102,170.89573743616,73.5921132112972));
#2713=CARTESIAN_POINT('',(182.406666018935,170.895737436159,72.9369407975041));
#2714=CARTESIAN_POINT('Ctrl Pts',(182.702173402185,170.59573743616,72.9886649354352));
#2715=CARTESIAN_POINT('Ctrl Pts',(182.71307721952,170.59573743616,72.9263698705538));
#2716=CARTESIAN_POINT('Ctrl Pts',(182.721679206928,170.595635407701,72.8620926273102));
#2717=CARTESIAN_POINT('Ctrl Pts',(182.732047777871,170.596424126731,72.7389129450129));
#2718=CARTESIAN_POINT('Ctrl Pts',(182.734411032031,170.597246890776,72.6745758272085));
#2719=CARTESIAN_POINT('Ctrl Pts',(182.728986251641,170.603707143318,72.5686220905335));
#2720=CARTESIAN_POINT('Ctrl Pts',(182.722419497045,170.608924025982,72.508764728963));
#2721=CARTESIAN_POINT('Ctrl Pts',(182.699169676784,170.628384633206,72.4435339075463));
#2722=CARTESIAN_POINT('Ctrl Pts',(182.690911309111,170.635392512273,72.4262102038475));
#2723=CARTESIAN_POINT('Ctrl Pts',(182.673417270332,170.651023340549,72.403549734069));
#2724=CARTESIAN_POINT('Ctrl Pts',(182.665567596839,170.658207172946,72.3962808091643));
#2725=CARTESIAN_POINT('Ctrl Pts',(182.649089349208,170.673813611067,72.3873338791612));
#2726=CARTESIAN_POINT('Ctrl Pts',(182.641097929135,170.681582587714,72.3853643879485));
#2727=CARTESIAN_POINT('Ctrl Pts',(182.623725029568,170.698897706667,72.3855630719319));
#2728=CARTESIAN_POINT('Ctrl Pts',(182.614736922439,170.70811182584,72.3883668403366));
#2729=CARTESIAN_POINT('Ctrl Pts',(182.593376834109,170.730429616471,72.3998201280011));
#2730=CARTESIAN_POINT('Ctrl Pts',(182.581539933184,170.743196852285,72.4108126628433));
#2731=CARTESIAN_POINT('Ctrl Pts',(182.553569485081,170.773703069773,72.4440719387674));
#2732=CARTESIAN_POINT('Ctrl Pts',(182.5364036008,170.792893362147,72.4731263511513));
#2733=CARTESIAN_POINT('Ctrl Pts',(182.497673630835,170.834998018263,72.5595633654655));
#2734=CARTESIAN_POINT('Ctrl Pts',(182.4773431189,170.856088646649,72.6216478862522));
#2735=CARTESIAN_POINT('Ctrl Pts',(182.443954111392,170.883043272575,72.749437489036));
#2736=CARTESIAN_POINT('Ctrl Pts',(182.431169211126,170.890434557995,72.8076747007584));
#2737=CARTESIAN_POINT('Ctrl Pts',(182.41525191886,170.895064459006,72.8892250297202));
#2738=CARTESIAN_POINT('Ctrl Pts',(182.410844878235,170.895737436159,72.9130663778208));
#2739=CARTESIAN_POINT('Ctrl Pts',(182.406666018935,170.895737436159,72.9369407975041));
#2740=CARTESIAN_POINT('Origin',(186.149759540102,170.89573743616,73.5921132112972));
#2741=CARTESIAN_POINT('Origin',(186.149759540102,163.795737436159,73.5921132112972));
#2742=CARTESIAN_POINT('',(182.406666018935,178.495737436159,72.9369407975041));
#2743=CARTESIAN_POINT('',(182.406666018935,170.895737436159,72.9369407975041));
#2744=CARTESIAN_POINT('Origin',(186.149759540102,178.495737436159,73.5921132112972));
#2745=CARTESIAN_POINT('Origin',(189.649759540102,182.795737436159,78.5421132112977));
#2746=CARTESIAN_POINT('Origin',(189.649759540102,178.495737436159,78.5421132112977));
#2747=CARTESIAN_POINT('Origin',(189.649759540102,178.495737436159,83.0546132112975));
#2748=CARTESIAN_POINT('Origin',(189.649759540102,178.495737436159,73.5921132112972));
#2749=CARTESIAN_POINT('Origin',(186.149759540102,178.495737436159,73.5921132112972));
#2750=CARTESIAN_POINT('Ctrl Pts',(182.406666018935,178.495737436159,72.9369407975041));
#2751=CARTESIAN_POINT('Ctrl Pts',(182.412057785528,178.495737436159,72.9061368653193));
#2752=CARTESIAN_POINT('Ctrl Pts',(182.417824393874,178.496858338041,72.8754077691395));
#2753=CARTESIAN_POINT('Ctrl Pts',(182.435815495222,178.50342445724,72.7860551226665));
#2754=CARTESIAN_POINT('Ctrl Pts',(182.449251288667,178.512079974472,72.7269438469784));
#2755=CARTESIAN_POINT('Ctrl Pts',(182.484729375353,178.542527696554,72.5975174235406));
#2756=CARTESIAN_POINT('Ctrl Pts',(182.506374841922,178.565743094386,72.536130265852));
#2757=CARTESIAN_POINT('Ctrl Pts',(182.546876125505,178.610208614101,72.4545650530504));
#2758=CARTESIAN_POINT('Ctrl Pts',(182.564506463453,178.629845901657,72.4285420413503));
#2759=CARTESIAN_POINT('Ctrl Pts',(182.593038837879,178.66062974304,72.400551727564));
#2760=CARTESIAN_POINT('Ctrl Pts',(182.605137236004,178.673476780506,72.3919242168619));
#2761=CARTESIAN_POINT('Ctrl Pts',(182.626871439828,178.695747082703,72.3851574776643));
#2762=CARTESIAN_POINT('Ctrl Pts',(182.63590702399,178.704794347187,72.38459327186));
#2763=CARTESIAN_POINT('Ctrl Pts',(182.653135004114,178.721548481016,72.3889145705424));
#2764=CARTESIAN_POINT('Ctrl Pts',(182.660848397141,178.72883869352,72.3931633859666));
#2765=CARTESIAN_POINT('Ctrl Pts',(182.676327146467,178.743111365224,72.4065096609411));
#2766=CARTESIAN_POINT('Ctrl Pts',(182.68351000148,178.749502220275,72.4159119608385));
#2767=CARTESIAN_POINT('Ctrl Pts',(182.699421851809,178.763373205984,72.4431596296268));
#2768=CARTESIAN_POINT('Ctrl Pts',(182.706790065365,178.769487726545,72.4630525700042));
#2769=CARTESIAN_POINT('Ctrl Pts',(182.724107655512,178.783803756001,72.525243995451));
#2770=CARTESIAN_POINT('Ctrl Pts',(182.729519722198,178.788267527715,72.5747390416848));
#2771=CARTESIAN_POINT('Ctrl Pts',(182.734365117107,178.794374946215,72.6800837127042));
#2772=CARTESIAN_POINT('Ctrl Pts',(182.731750692185,178.79511956778,72.7445245878726));
#2773=CARTESIAN_POINT('Ctrl Pts',(182.721158822737,178.795828253623,72.8659879852333));
#2774=CARTESIAN_POINT('Ctrl Pts',(182.7127411265,178.795737436159,72.928290017958));
#2775=CARTESIAN_POINT('Ctrl Pts',(182.702173402185,178.795737436159,72.9886649354352));
#2776=CARTESIAN_POINT('Origin',(180.436616797268,178.795737436159,72.5921132112972));
#2777=CARTESIAN_POINT('',(180.436616797268,178.495737436159,74.5921132112972));
#2778=CARTESIAN_POINT('Origin',(180.436616797268,178.495737436159,72.5921132112972));
#2779=CARTESIAN_POINT('',(180.436616797268,178.495737436159,74.5921132112972));
#2780=CARTESIAN_POINT('Origin',(180.436616797268,170.595737436159,72.5921132112972));
#2781=CARTESIAN_POINT('',(180.436616797268,170.895737436159,74.5921132112972));
#2782=CARTESIAN_POINT('',(180.436616797268,170.595737436159,74.8921132112972));
#2783=CARTESIAN_POINT('Origin',(180.436616797268,170.895737436159,72.5921132112972));
#2784=CARTESIAN_POINT('Ctrl Pts',(170.963118508298,168.228910087736,84.0066451053504));
#2785=CARTESIAN_POINT('Ctrl Pts',(171.185333787993,168.422659490764,83.9768986076871));
#2786=CARTESIAN_POINT('Ctrl Pts',(171.517760345552,168.842834201652,83.9284897984345));
#2787=CARTESIAN_POINT('Ctrl Pts',(171.643895909984,169.388395673631,83.9087798779639));
#2788=CARTESIAN_POINT('Ctrl Pts',(171.643895909984,169.624164560906,83.9087798779639));
#2789=CARTESIAN_POINT('Ctrl Pts',(170.985472858996,168.200357870134,84.0759369777843));
#2790=CARTESIAN_POINT('Ctrl Pts',(171.215670617076,168.391071676651,84.045943830844));
#2791=CARTESIAN_POINT('Ctrl Pts',(171.567376830268,168.809863894924,83.9947961320822));
#2792=CARTESIAN_POINT('Ctrl Pts',(171.707522608844,169.377742720032,83.9721860330095));
#2793=CARTESIAN_POINT('Ctrl Pts',(171.707522608844,169.624164560906,83.9721860330095));
#2794=CARTESIAN_POINT('Ctrl Pts',(171.004275231585,168.176342436142,84.2363038255729));
#2795=CARTESIAN_POINT('Ctrl Pts',(171.245321492435,168.359194564619,84.2112630545006));
#2796=CARTESIAN_POINT('Ctrl Pts',(171.626303292274,168.768370362388,84.1656805103886));
#2797=CARTESIAN_POINT('Ctrl Pts',(171.790004330468,169.36396400526,84.1434136964109));
#2798=CARTESIAN_POINT('Ctrl Pts',(171.790004330468,169.624164560906,84.1434136964109));
#2799=CARTESIAN_POINT('Ctrl Pts',(170.945912346261,168.250886753004,84.4622260473767));
#2800=CARTESIAN_POINT('Ctrl Pts',(171.182002377428,168.421432546771,84.4517470295477));
#2801=CARTESIAN_POINT('Ctrl Pts',(171.560236242089,168.80440705944,84.4319397236492));
#2802=CARTESIAN_POINT('Ctrl Pts',(171.727149022215,169.37448825062,84.4216492899871));
#2803=CARTESIAN_POINT('Ctrl Pts',(171.727149022215,169.624164560906,84.4216492899871));
#2804=CARTESIAN_POINT('Ctrl Pts',(170.841098651381,168.384760622318,84.5750657094057));
#2805=CARTESIAN_POINT('Ctrl Pts',(171.057966528121,168.54640905474,84.5736969795251));
#2806=CARTESIAN_POINT('Ctrl Pts',(171.398460560564,168.903636683586,84.5710704028424));
#2807=CARTESIAN_POINT('Ctrl Pts',(171.54132844743,169.405519683026,84.5697061958336));
#2808=CARTESIAN_POINT('Ctrl Pts',(171.54132844743,169.624164560906,84.5697061958336));
#2809=CARTESIAN_POINT('Ctrl Pts',(170.768747423742,168.477171626479,84.5921132112973));
#2810=CARTESIAN_POINT('Ctrl Pts',(170.971436243022,168.633837769496,84.5920920449247));
#2811=CARTESIAN_POINT('Ctrl Pts',(171.282970954981,168.975268433737,84.5921089924947));
#2812=CARTESIAN_POINT('Ctrl Pts',(171.406457634783,169.428055691507,84.5921132112973));
#2813=CARTESIAN_POINT('Ctrl Pts',(171.406457634783,169.624164560906,84.5921132112973));
#2814=CARTESIAN_POINT('Ctrl Pts',(170.744641553265,168.50796098237,84.5921132112973));
#2815=CARTESIAN_POINT('Ctrl Pts',(170.942615547334,168.662960504792,84.5921132112973));
#2816=CARTESIAN_POINT('Ctrl Pts',(171.24449982861,168.999100273502,84.5921132112973));
#2817=CARTESIAN_POINT('Ctrl Pts',(171.361544670882,169.435549451086,84.5921132112973));
#2818=CARTESIAN_POINT('Ctrl Pts',(171.361544670882,169.624164560906,84.5921132112973));
#2819=CARTESIAN_POINT('',(170.963118508298,168.228910087736,84.0066451053504));
#2820=CARTESIAN_POINT('Origin',(170.744641553265,168.50796098237,84.1921132112973));
#2821=CARTESIAN_POINT('',(171.643895909984,169.624164560906,83.9087798779639));
#2822=CARTESIAN_POINT('Ctrl Pts',(170.963118508298,168.228910087736,84.0066451053504));
#2823=CARTESIAN_POINT('Ctrl Pts',(171.185333787993,168.422659490764,83.9768986076871));
#2824=CARTESIAN_POINT('Ctrl Pts',(171.517760345552,168.842834201652,83.9284897984345));
#2825=CARTESIAN_POINT('Ctrl Pts',(171.643895909984,169.388395673631,83.9087798779639));
#2826=CARTESIAN_POINT('Ctrl Pts',(171.643895909984,169.624164560906,83.9087798779639));
#2827=CARTESIAN_POINT('Origin',(171.361544670882,169.624164560906,84.1921132112973));
#2828=CARTESIAN_POINT('Origin',(171.361544670883,197.72202877683,84.1921132112973));
#2829=CARTESIAN_POINT('',(171.643895909984,197.72202877683,83.9087798779639));
#2830=CARTESIAN_POINT('Ctrl Pts',(170.941094204871,168.209950998532,84.0095865625209));
#2831=CARTESIAN_POINT('Ctrl Pts',(170.948472876923,168.216222079348,84.0086033757565));
#2832=CARTESIAN_POINT('Ctrl Pts',(170.95581456456,168.222541782456,84.0076228362502));
#2833=CARTESIAN_POINT('Ctrl Pts',(170.963118508298,168.228910087736,84.0066451053504));
#2834=CARTESIAN_POINT('Ctrl Pts',(170.962670589127,168.181706132016,84.0788956367053));
#2835=CARTESIAN_POINT('Ctrl Pts',(170.970307101633,168.187872045528,84.0779073913944));
#2836=CARTESIAN_POINT('Ctrl Pts',(170.977906329914,168.194089436868,84.0769221585503));
#2837=CARTESIAN_POINT('Ctrl Pts',(170.985472858996,168.200357870134,84.0759369777843));
#2838=CARTESIAN_POINT('Ctrl Pts',(170.980340690855,168.158574839084,84.2382225259592));
#2839=CARTESIAN_POINT('Ctrl Pts',(170.988324092931,168.164476465013,84.2373986676783));
#2840=CARTESIAN_POINT('Ctrl Pts',(170.996272855933,168.170433927464,84.2365691532989));
#2841=CARTESIAN_POINT('Ctrl Pts',(171.004195607315,168.17644413668,84.2357450726529));
#2842=CARTESIAN_POINT('Ctrl Pts',(170.912905268021,168.246852119179,84.5008102757452));
#2843=CARTESIAN_POINT('Ctrl Pts',(170.92069194307,168.252287532445,84.5005482637563));
#2844=CARTESIAN_POINT('Ctrl Pts',(170.928450694225,168.257774296114,84.500286359313));
#2845=CARTESIAN_POINT('Ctrl Pts',(170.936184041474,168.263312283898,84.5000233853991));
#2846=CARTESIAN_POINT('Ctrl Pts',(170.79595504895,168.399947433363,84.5921132112973));
#2847=CARTESIAN_POINT('Ctrl Pts',(170.802988200351,168.405117728473,84.5921199398569));
#2848=CARTESIAN_POINT('Ctrl Pts',(170.809983433363,168.41033545074,84.5921064122696));
#2849=CARTESIAN_POINT('Ctrl Pts',(170.816959164696,168.415592914697,84.5921132112973));
#2850=CARTESIAN_POINT('Ctrl Pts',(170.725029347741,168.492793711007,84.5921132112973));
#2851=CARTESIAN_POINT('Ctrl Pts',(170.731596744333,168.497810575659,84.5921132112973));
#2852=CARTESIAN_POINT('Ctrl Pts',(170.738134390858,168.502866338146,84.5921132112973));
#2853=CARTESIAN_POINT('Ctrl Pts',(170.744641553265,168.50796098237,84.5921132112973));
#2854=CARTESIAN_POINT('',(170.743652903601,168.468414285656,84.5909349845077));
#2855=CARTESIAN_POINT('Ctrl Pts',(170.744641553265,168.50796098237,84.5921132112973));
#2856=CARTESIAN_POINT('Ctrl Pts',(170.744641553265,168.494971808175,84.5921132112973));
#2857=CARTESIAN_POINT('Ctrl Pts',(170.744305946675,168.481783581067,84.5916951049457));
#2858=CARTESIAN_POINT('Ctrl Pts',(170.743637667749,168.468434230361,84.5908652509679));
#2859=CARTESIAN_POINT('',(170.941094204871,168.209950998532,84.0095865625208));
#2860=CARTESIAN_POINT('Origin',(170.725029347741,168.492793711007,84.1921132112973));
#2861=CARTESIAN_POINT('Ctrl Pts',(170.941094204871,168.209950998532,84.0095865625209));
#2862=CARTESIAN_POINT('Ctrl Pts',(170.948472876923,168.216222079348,84.0086033757565));
#2863=CARTESIAN_POINT('Ctrl Pts',(170.95581456456,168.222541782456,84.0076228362502));
#2864=CARTESIAN_POINT('Ctrl Pts',(170.963118508298,168.228910087736,84.0066451053504));
#2865=CARTESIAN_POINT('Ctrl Pts',(170.270070812624,167.670419385587,84.0265418261986));
#2866=CARTESIAN_POINT('Ctrl Pts',(170.491934497286,167.853349473723,84.0213270965613));
#2867=CARTESIAN_POINT('Ctrl Pts',(170.715406508063,168.033604578071,84.0156959166305));
#2868=CARTESIAN_POINT('Ctrl Pts',(170.941094204871,168.209950998532,84.0095865625209));
#2869=CARTESIAN_POINT('Ctrl Pts',(170.298709493899,167.635095988758,84.1265487882598));
#2870=CARTESIAN_POINT('Ctrl Pts',(170.521408293855,167.816402878438,84.1213838228229));
#2871=CARTESIAN_POINT('Ctrl Pts',(170.745710198259,167.994930560578,84.1158190165974));
#2872=CARTESIAN_POINT('Ctrl Pts',(170.972243553829,168.169174509157,84.1096465406933));
#2873=CARTESIAN_POINT('Ctrl Pts',(170.300092641069,167.633389993433,84.3250073183654));
#2874=CARTESIAN_POINT('Ctrl Pts',(170.524189409706,167.812957179201,84.3214759756538));
#2875=CARTESIAN_POINT('Ctrl Pts',(170.750042126335,167.989425733437,84.3176000380172));
#2876=CARTESIAN_POINT('Ctrl Pts',(170.978205290375,168.161370214844,84.3133019419317));
#2877=CARTESIAN_POINT('Ctrl Pts',(170.195312852034,167.762627021922,84.5333911709177));
#2878=CARTESIAN_POINT('Ctrl Pts',(170.420480340283,167.942991693196,84.5325388062346));
#2879=CARTESIAN_POINT('Ctrl Pts',(170.647600416968,168.12038208732,84.5316122045925));
#2880=CARTESIAN_POINT('Ctrl Pts',(170.877382788005,168.293353316713,84.5305653973003));
#2881=CARTESIAN_POINT('Ctrl Pts',(170.10562625462,167.873247872104,84.5855003937331));
#2882=CARTESIAN_POINT('Ctrl Pts',(170.331075927753,168.055084362136,84.5854082520151));
#2883=CARTESIAN_POINT('Ctrl Pts',(170.558608686467,168.23410928154,84.5852982339558));
#2884=CARTESIAN_POINT('Ctrl Pts',(170.789027240879,168.40901637707,84.5851852523283));
#2885=CARTESIAN_POINT('Ctrl Pts',(170.059630926999,167.929979227652,84.5909886009828));
#2886=CARTESIAN_POINT('Ctrl Pts',(170.28520782603,168.112591085138,84.5909724829899));
#2887=CARTESIAN_POINT('Ctrl Pts',(170.512929049358,168.292486722733,84.5909547569996));
#2888=CARTESIAN_POINT('Ctrl Pts',(170.743652903601,168.468414285656,84.5909349845077));
#2889=CARTESIAN_POINT('',(170.270070812624,167.670419385587,84.0265418261986));
#2890=CARTESIAN_POINT('Ctrl Pts',(170.743652903601,168.468414285656,84.5909349845077));
#2891=CARTESIAN_POINT('Ctrl Pts',(170.742233803002,168.439663675441,84.5892437662705));
#2892=CARTESIAN_POINT('Ctrl Pts',(170.739276202981,168.410052311682,84.5856990133485));
#2893=CARTESIAN_POINT('Ctrl Pts',(170.734853107432,168.379864238617,84.5804260539684));
#2894=CARTESIAN_POINT('Ctrl Pts',(170.730394563908,168.349434229545,84.5751108355568));
#2895=CARTESIAN_POINT('Ctrl Pts',(170.724447770415,168.31841716933,84.5680392537123));
#2896=CARTESIAN_POINT('Ctrl Pts',(170.717077663566,168.287106342755,84.5592888743421));
#2897=CARTESIAN_POINT('Ctrl Pts',(170.713869917099,168.273478698628,84.5554803815914));
#2898=CARTESIAN_POINT('Ctrl Pts',(170.710392350395,168.259795531273,84.5513532559325));
#2899=CARTESIAN_POINT('Ctrl Pts',(170.706649121749,168.246081956425,84.5469111776294));
#2900=CARTESIAN_POINT('Ctrl Pts',(170.698589431366,168.216554727986,84.5373467670178));
#2901=CARTESIAN_POINT('Ctrl Pts',(170.689381609905,168.187174817232,84.5264167182416));
#2902=CARTESIAN_POINT('Ctrl Pts',(170.679130100059,168.158208506193,84.5142159540445));
#2903=CARTESIAN_POINT('Ctrl Pts',(170.668284233459,168.127562801304,84.5013078202298));
#2904=CARTESIAN_POINT('Ctrl Pts',(170.656270980056,168.09737884393,84.4869776343358));
#2905=CARTESIAN_POINT('Ctrl Pts',(170.643240925378,168.067930681946,84.4714296829171));
#2906=CARTESIAN_POINT('Ctrl Pts',(170.630266963958,168.038609291754,84.4559486640849));
#2907=CARTESIAN_POINT('Ctrl Pts',(170.616285425851,168.010016676737,84.4392593688571));
#2908=CARTESIAN_POINT('Ctrl Pts',(170.601420513976,167.982449691547,84.4215278954078));
#2909=CARTESIAN_POINT('Ctrl Pts',(170.593937325616,167.968572115654,84.4126016429801));
#2910=CARTESIAN_POINT('Ctrl Pts',(170.586229837529,167.954954940021,84.4034108054343));
#2911=CARTESIAN_POINT('Ctrl Pts',(170.578310918126,167.941639445836,84.3939743312419));
#2912=CARTESIAN_POINT('Ctrl Pts',(170.564544816438,167.918492039269,84.377570140632));
#2913=CARTESIAN_POINT('Ctrl Pts',(170.550262657449,167.896456994591,84.3605654093719));
#2914=CARTESIAN_POINT('Ctrl Pts',(170.535549025573,167.875714031429,84.3430791002272));
#2915=CARTESIAN_POINT('Ctrl Pts',(170.519110169127,167.852538883611,84.32354246045));
#2916=CARTESIAN_POINT('Ctrl Pts',(170.502133594981,167.830975193485,84.3034041371675));
#2917=CARTESIAN_POINT('Ctrl Pts',(170.484828297236,167.81116099172,84.2828597724933));
#2918=CARTESIAN_POINT('Ctrl Pts',(170.467298473656,167.791089712598,84.2620488570378));
#2919=CARTESIAN_POINT('Ctrl Pts',(170.44943140107,167.772813558428,84.240820101809));
#2920=CARTESIAN_POINT('Ctrl Pts',(170.431413843373,167.756518010252,84.2193695483092));
#2921=CARTESIAN_POINT('Ctrl Pts',(170.429555142687,167.75483695297,84.2171566979784));
#2922=CARTESIAN_POINT('Ctrl Pts',(170.427694813607,167.753177010366,84.2149414904282));
#2923=CARTESIAN_POINT('Ctrl Pts',(170.425833042577,167.751538411517,84.2127241446269));
#2924=CARTESIAN_POINT('Ctrl Pts',(170.412133777196,167.739481289497,84.1964084924487));
#2925=CARTESIAN_POINT('Ctrl Pts',(170.398021099239,167.728282940961,84.1795842902958));
#2926=CARTESIAN_POINT('Ctrl Pts',(170.38360941062,167.718258330467,84.1623653283816));
#2927=CARTESIAN_POINT('Ctrl Pts',(170.37135115903,167.709731626845,84.1477192745524));
#2928=CARTESIAN_POINT('Ctrl Pts',(170.358876371844,167.702054331491,84.1327880270705));
#2929=CARTESIAN_POINT('Ctrl Pts',(170.346247028846,167.695430681307,84.1176682519417));
#2930=CARTESIAN_POINT('Ctrl Pts',(170.333766959802,167.688885320109,84.1027271867123));
#2931=CARTESIAN_POINT('Ctrl Pts',(170.321009343668,167.683301415268,84.0874507434452));
#2932=CARTESIAN_POINT('Ctrl Pts',(170.308086205038,167.679001763308,84.0719798325589));
#2933=CARTESIAN_POINT('Ctrl Pts',(170.295539786482,167.674827449723,84.0569599113932));
#2934=CARTESIAN_POINT('Ctrl Pts',(170.282837330257,167.671863586806,84.0417563694523));
#2935=CARTESIAN_POINT('Ctrl Pts',(170.270070812624,167.670419385587,84.0265418261986));
#2936=CARTESIAN_POINT('Ctrl Pts',(170.270070812624,167.670419385587,84.0265418261986));
#2937=CARTESIAN_POINT('Ctrl Pts',(170.491934497286,167.853349473723,84.0213270965613));
#2938=CARTESIAN_POINT('Ctrl Pts',(170.715406508063,168.033604578071,84.0156959166305));
#2939=CARTESIAN_POINT('Ctrl Pts',(170.941094204871,168.209950998532,84.0095865625209));
#2940=CARTESIAN_POINT('Origin',(174.749759540102,170.395737436159,80.7921132112972));
#2941=CARTESIAN_POINT('',(170.5003266083,170.395737436159,79.6509209583799));
#2942=CARTESIAN_POINT('Origin',(174.749759540102,170.395737436159,80.7921132112972));
#2943=CARTESIAN_POINT('Ctrl Pts',(170.5003266083,170.395737436159,79.6509209583799));
#2944=CARTESIAN_POINT('Ctrl Pts',(170.500327121212,170.403404736503,79.6509203971245));
#2945=CARTESIAN_POINT('Ctrl Pts',(170.500926050248,170.411010903494,79.6503854984779));
#2946=CARTESIAN_POINT('Ctrl Pts',(170.502695893139,170.422315868467,79.6488002274372));
#2947=CARTESIAN_POINT('Ctrl Pts',(170.503433742164,170.426074018799,79.6481388679943));
#2948=CARTESIAN_POINT('Ctrl Pts',(170.505198739238,170.433546528211,79.6465543327015));
#2949=CARTESIAN_POINT('Ctrl Pts',(170.506232508552,170.437280366945,79.6456251838367));
#2950=CARTESIAN_POINT('Ctrl Pts',(170.509741208942,170.448314588245,79.6424652491281));
#2951=CARTESIAN_POINT('Ctrl Pts',(170.512608352271,170.455436501683,79.639875807113));
#2952=CARTESIAN_POINT('Ctrl Pts',(170.51935141815,170.469285134104,79.6337499563964));
#2953=CARTESIAN_POINT('Ctrl Pts',(170.523226454806,170.476006051655,79.6302143112609));
#2954=CARTESIAN_POINT('Ctrl Pts',(170.529773210983,170.4857840179,79.6241979908502));
#2955=CARTESIAN_POINT('Ctrl Pts',(170.53208181814,170.488996820777,79.622069992274));
#2956=CARTESIAN_POINT('Ctrl Pts',(170.536939749443,170.495314509654,79.6175755777655));
#2957=CARTESIAN_POINT('Ctrl Pts',(170.539501597207,170.498433508228,79.6151974741977));
#2958=CARTESIAN_POINT('Ctrl Pts',(170.547502198215,170.50756969985,79.6077411905233));
#2959=CARTESIAN_POINT('Ctrl Pts',(170.553200657589,170.513314677975,79.6023928638402));
#2960=CARTESIAN_POINT('Ctrl Pts',(170.565323247982,170.524219835828,79.5909142644605));
#2961=CARTESIAN_POINT('Ctrl Pts',(170.571741539728,170.52937201898,79.5847893996305));
#2962=CARTESIAN_POINT('Ctrl Pts',(170.585259615052,170.539103995512,79.5717684438362));
#2963=CARTESIAN_POINT('Ctrl Pts',(170.592380584237,170.543695583347,79.5648515955704));
#2964=CARTESIAN_POINT('Ctrl Pts',(170.607234816047,170.552284421803,79.5502827926835));
#2965=CARTESIAN_POINT('Ctrl Pts',(170.614863375072,170.556225288004,79.5427338689296));
#2966=CARTESIAN_POINT('Ctrl Pts',(170.630550682739,170.563495691382,79.5270627214321));
#2967=CARTESIAN_POINT('Ctrl Pts',(170.638600915521,170.566819925383,79.5189488828018));
#2968=CARTESIAN_POINT('Ctrl Pts',(170.655101551989,170.572892471961,79.5021620863666));
#2969=CARTESIAN_POINT('Ctrl Pts',(170.663557163842,170.575641432114,79.4934836237926));
#2970=CARTESIAN_POINT('Ctrl Pts',(170.680844554767,170.580590864085,79.4755791799948));
#2971=CARTESIAN_POINT('Ctrl Pts',(170.689729728232,170.582800861564,79.4662964718297));
#2972=CARTESIAN_POINT('Ctrl Pts',(170.707617988916,170.586640660756,79.4474447575112));
#2973=CARTESIAN_POINT('Ctrl Pts',(170.716660761635,170.588284468486,79.4378353743467));
#2974=CARTESIAN_POINT('Ctrl Pts',(170.73492616248,170.591061062583,79.4182680346215));
#2975=CARTESIAN_POINT('Ctrl Pts',(170.744151878949,170.592194686427,79.4083069671568));
#2976=CARTESIAN_POINT('Ctrl Pts',(170.772112634364,170.594886523622,79.3778898992133));
#2977=CARTESIAN_POINT('Ctrl Pts',(170.791130995507,170.595736435549,79.3569000341344));
#2978=CARTESIAN_POINT('Ctrl Pts',(170.810549968266,170.595737436159,79.3351890714887));
#2979=CARTESIAN_POINT('Origin',(174.749759540102,197.72202877683,80.7921132112973));
#2980=CARTESIAN_POINT('',(170.5003266083,169.624164560906,79.6509209583799));
#2981=CARTESIAN_POINT('Origin',(174.749759540102,169.624164560906,80.7921132112972));
#2982=CARTESIAN_POINT('',(170.5003266083,170.395737436159,79.6509209583799));
#2983=CARTESIAN_POINT('Origin',(165.249752017251,174.995725879564,79.6865546779231));
#2984=CARTESIAN_POINT('',(163.599752017251,174.995725879564,79.8365546779231));
#2985=CARTESIAN_POINT('Origin',(165.249752017251,174.995725879564,79.8365546779231));
#2986=CARTESIAN_POINT('',(163.299752017251,174.995725879564,79.5365546779231));
#2987=CARTESIAN_POINT('',(163.449752017251,174.995725879564,79.6865546779231));
#2988=CARTESIAN_POINT('Origin',(165.249752017251,174.995725879564,79.5365546779231));
#2989=CARTESIAN_POINT('Origin',(171.163177215762,163.795737436159,79.536554677923));
#2990=CARTESIAN_POINT('',(159.049759540102,178.495737436159,79.5365546779231));
#2991=CARTESIAN_POINT('',(159.049759540102,164.095737436159,79.5365546779231));
#2992=CARTESIAN_POINT('',(159.049759540102,161.730208630388,79.5365546779231));
#2993=CARTESIAN_POINT('',(168.560414870791,178.495737436159,79.5365546779231));
#2994=CARTESIAN_POINT('',(158.849759540102,178.495737436159,79.5365546779231));
#2995=CARTESIAN_POINT('',(168.560414870791,167.35732799061,79.5365546779231));
#2996=CARTESIAN_POINT('',(168.560414870791,178.495737436159,79.5365546779231));
#2997=CARTESIAN_POINT('',(165.774135733319,164.593655908142,79.5365546779231));
#2998=CARTESIAN_POINT('Ctrl Pts',(168.560414870791,167.35732799061,79.5365546779231));
#2999=CARTESIAN_POINT('Ctrl Pts',(167.630028951498,166.437743472422,79.5365546779231));
#3000=CARTESIAN_POINT('Ctrl Pts',(166.701773212921,165.516011348474,79.5365546779231));
#3001=CARTESIAN_POINT('Ctrl Pts',(165.774135733319,164.593655908142,79.5365546779231));
#3002=CARTESIAN_POINT('',(164.566065252883,164.095737436159,79.5365546779231));
#3003=CARTESIAN_POINT('Origin',(164.569403459493,165.792528041548,79.5365546779231));
#3004=CARTESIAN_POINT('',(164.566065252883,164.095737436159,79.5365546779231));
#3005=CARTESIAN_POINT('',(161.061436312451,168.054860509438,79.5365546779231));
#3006=CARTESIAN_POINT('Origin',(163.011436312451,168.054860509438,79.5365546779231));
#3007=CARTESIAN_POINT('Origin',(165.249752017251,174.995725879564,87.1921132112973));
#3008=CARTESIAN_POINT('',(163.599752017251,174.995725879564,82.21470540531));
#3009=CARTESIAN_POINT('Origin',(165.249752017251,174.995725879564,82.21470540531));
#3010=CARTESIAN_POINT('',(163.599752017251,174.995725879564,87.1921132112973));
#3011=CARTESIAN_POINT('Origin',(163.011436312451,168.054860509438,79.6865546779231));
#3012=CARTESIAN_POINT('',(161.361436312451,168.054860509438,79.8365546779231));
#3013=CARTESIAN_POINT('Origin',(163.011436312451,168.054860509438,79.8365546779231));
#3014=CARTESIAN_POINT('',(161.211436312451,168.054860509438,79.6865546779231));
#3015=CARTESIAN_POINT('Origin',(163.011436312451,168.054860509438,87.1921132112973));
#3016=CARTESIAN_POINT('',(161.361436312451,168.054860509438,82.2147054053101));
#3017=CARTESIAN_POINT('Origin',(163.011436312451,168.054860509438,82.21470540531));
#3018=CARTESIAN_POINT('',(161.361436312451,168.054860509438,87.1921132112973));
#3019=CARTESIAN_POINT('Origin',(158.899759540102,163.945737436159,88.0793639302761));
#3020=CARTESIAN_POINT('',(159.049759540102,163.795737436159,79.8365546779231));
#3021=CARTESIAN_POINT('',(159.049759540102,163.795737436159,82.2147054053101));
#3022=CARTESIAN_POINT('',(159.049759540102,163.795737436159,88.0793639302761));
#3023=CARTESIAN_POINT('',(158.749759540102,164.095737436159,82.2147054053101));
#3024=CARTESIAN_POINT('',(155.149759540102,167.695737436159,82.2147054053101));
#3025=CARTESIAN_POINT('',(158.749759540102,164.095737436159,79.960818746635));
#3026=CARTESIAN_POINT('',(158.749759540102,164.095737436159,88.0793639302761));
#3027=CARTESIAN_POINT('',(158.749759540102,164.095737436159,79.960818746635));
#3028=CARTESIAN_POINT('Origin',(158.899759540102,161.730208630388,79.6865546779231));
#3029=CARTESIAN_POINT('',(158.749759540102,164.220001504871,79.8365546779231));
#3030=CARTESIAN_POINT('',(158.749759540102,178.371473367447,79.8365546779231));
#3031=CARTESIAN_POINT('',(158.749759540102,161.730208630388,79.8365546779231));
#3032=CARTESIAN_POINT('',(158.749759540102,178.371473367447,79.8365546779231));
#3033=CARTESIAN_POINT('',(159.049759540102,164.095737436159,79.5365546779231));
#3034=CARTESIAN_POINT('Origin',(158.899759540102,178.645737436159,88.0793639302761));
#3035=CARTESIAN_POINT('',(158.749759540102,178.495737436159,79.960818746635));
#3036=CARTESIAN_POINT('',(158.749759540102,178.495737436159,82.2147054053101));
#3037=CARTESIAN_POINT('',(158.749759540102,178.495737436159,88.0793639302761));
#3038=CARTESIAN_POINT('',(158.899759540102,178.645737436159,82.2147054053101));
#3039=CARTESIAN_POINT('',(159.049759540102,178.795737436159,79.8365546779231));
#3040=CARTESIAN_POINT('Origin',(158.899759540102,176.195672008928,77.4486212850482));
#3041=CARTESIAN_POINT('',(158.749759540102,176.08960599175,77.5546873022261));
#3042=CARTESIAN_POINT('',(159.049759540102,176.301738026106,77.3425552678702));
#3043=CARTESIAN_POINT('Origin',(158.899759540102,160.430274057618,83.41415009082));
#3044=CARTESIAN_POINT('',(158.749759540102,160.536340074796,83.520216107998));
#3045=CARTESIAN_POINT('',(159.049759540102,160.32420804044,83.308084073642));
#3046=CARTESIAN_POINT('Origin',(158.849759540102,163.795737436159,79.8365546779231));
#3047=CARTESIAN_POINT('',(164.566065252883,163.795737436159,79.8365546779231));
#3048=CARTESIAN_POINT('',(164.566065252883,163.795737436159,79.8365546779231));
#3049=CARTESIAN_POINT('',(158.849759540102,163.795737436159,79.8365546779231));
#3050=CARTESIAN_POINT('Origin',(171.163177215762,178.495737436159,79.536554677923));
#3051=CARTESIAN_POINT('',(168.560414870791,178.495737436159,79.5365546779231));
#3052=CARTESIAN_POINT('Origin',(158.849759540102,163.795737436159,86.5671132112973));
#3053=CARTESIAN_POINT('',(164.620744143935,163.795737436159,82.21470540531));
#3054=CARTESIAN_POINT('Origin',(174.749759540102,163.795737436159,80.7921132112973));
#3055=CARTESIAN_POINT('',(158.799759540102,163.795737436159,82.2147054053101));
#3056=CARTESIAN_POINT('Origin',(158.749759540102,159.664679824616,89.591614649255));
#3057=CARTESIAN_POINT('',(158.749759540102,169.230208630388,82.2147054053101));
#3058=CARTESIAN_POINT('Origin',(158.749759540102,178.795737436159,82.2147054053101));
#3059=CARTESIAN_POINT('',(166.051104921561,164.381523873786,82.21470540531));
#3060=CARTESIAN_POINT('Ctrl Pts',(166.051104921561,164.381523873786,82.21470540531));
#3061=CARTESIAN_POINT('Ctrl Pts',(165.87430199204,164.207038923023,82.21470540531));
#3062=CARTESIAN_POINT('Ctrl Pts',(165.626319562885,164.043425539018,82.21470540531));
#3063=CARTESIAN_POINT('Ctrl Pts',(165.165644788783,163.853958948016,82.21470540531));
#3064=CARTESIAN_POINT('Ctrl Pts',(164.871016018955,163.795737436159,82.21470540531));
#3065=CARTESIAN_POINT('Ctrl Pts',(164.620744143935,163.795737436159,82.21470540531));
#3066=CARTESIAN_POINT('',(168.749759540102,167.029395850546,82.21470540531));
#3067=CARTESIAN_POINT('Ctrl Pts',(168.749759540102,167.029395850546,82.21470540531));
#3068=CARTESIAN_POINT('Ctrl Pts',(167.63893113387,165.948532855063,82.21470540531));
#3069=CARTESIAN_POINT('Ctrl Pts',(166.051104921561,164.381523873786,82.21470540531));
#3070=CARTESIAN_POINT('',(168.749759540102,178.795737436159,82.21470540531));
#3071=CARTESIAN_POINT('Origin',(168.749759540102,178.795737436159,82.21470540531));
#3072=CARTESIAN_POINT('Ctrl Pts',(170.270070812624,167.670419385587,84.0265418261986));
#3073=CARTESIAN_POINT('Ctrl Pts',(169.551592548807,167.589142155997,83.1702927740935));
#3074=CARTESIAN_POINT('Ctrl Pts',(168.749759540102,167.029395850546,82.21470540531));
#3075=CARTESIAN_POINT('Origin',(174.749759540102,165.795737436159,80.7921132112973));
#3076=CARTESIAN_POINT('',(165.98507573305,164.381523873786,79.8590116704522));
#3077=CARTESIAN_POINT('Ctrl Pts',(164.566065252883,163.795737436159,79.8365546779231));
#3078=CARTESIAN_POINT('Ctrl Pts',(164.632245939874,163.795739238373,79.8374792410724));
#3079=CARTESIAN_POINT('Ctrl Pts',(164.69787142629,163.798993880068,79.8384112163347));
#3080=CARTESIAN_POINT('Ctrl Pts',(164.828048949821,163.811791093991,79.8402904925715));
#3081=CARTESIAN_POINT('Ctrl Pts',(164.892601138786,163.821332769736,79.8412377990826));
#3082=CARTESIAN_POINT('Ctrl Pts',(165.020639304156,163.846661056196,79.8431478285846));
#3083=CARTESIAN_POINT('Ctrl Pts',(165.084144065105,163.862458087711,79.8441108692161));
#3084=CARTESIAN_POINT('Ctrl Pts',(165.178527434218,163.890910221881,79.8455657433572));
#3085=CARTESIAN_POINT('Ctrl Pts',(165.209894278406,163.901212916326,79.846053253593));
#3086=CARTESIAN_POINT('Ctrl Pts',(165.27222426585,163.923404742938,79.847029934088));
#3087=CARTESIAN_POINT('Ctrl Pts',(165.302956828464,163.935211280464,79.8475154882033));
#3088=CARTESIAN_POINT('Ctrl Pts',(165.363669892408,163.960251042875,79.848482378011));
#3089=CARTESIAN_POINT('Ctrl Pts',(165.393634276506,163.973478528821,79.8489634611934));
#3090=CARTESIAN_POINT('Ctrl Pts',(165.452788938594,164.001330392386,79.8499206524738));
#3091=CARTESIAN_POINT('Ctrl Pts',(165.481979183039,164.015954830454,79.8503967606315));
#3092=CARTESIAN_POINT('Ctrl Pts',(165.568395563588,164.061911329305,79.8518171085356));
#3093=CARTESIAN_POINT('Ctrl Pts',(165.624472505402,164.095323951504,79.852753468985));
#3094=CARTESIAN_POINT('Ctrl Pts',(165.706252419842,164.149638183889,79.8541390594692));
#3095=CARTESIAN_POINT('Ctrl Pts',(165.733129913017,164.168449240791,79.8545978832634));
#3096=CARTESIAN_POINT('Ctrl Pts',(165.786078438131,164.207483320067,79.8555082884083));
#3097=CARTESIAN_POINT('Ctrl Pts',(165.812190698193,164.227740040748,79.8559605899832));
#3098=CARTESIAN_POINT('Ctrl Pts',(165.863471033194,164.269601165423,79.8568550927345));
#3099=CARTESIAN_POINT('Ctrl Pts',(165.888544975941,164.291124772609,79.857295638103));
#3100=CARTESIAN_POINT('Ctrl Pts',(165.937627078759,164.335408619851,79.858163812435));
#3101=CARTESIAN_POINT('Ctrl Pts',(165.961624485772,164.358160052798,79.8585912535265));
#3102=CARTESIAN_POINT('Ctrl Pts',(165.985075733051,164.381523873787,79.8590116704522));
#3103=CARTESIAN_POINT('Origin',(174.749759540102,164.381523873786,80.7921132112973));
#3104=CARTESIAN_POINT('Origin',(174.749759540102,163.795737436159,80.7921132112973));
#3105=CARTESIAN_POINT('',(172.077087978354,170.895737436159,78.0908492991585));
#3106=CARTESIAN_POINT('',(172.077087978354,178.495737436159,78.0908492991585));
#3107=CARTESIAN_POINT('',(172.077087978354,170.895737436159,78.0908492991585));
#3108=CARTESIAN_POINT('',(174.457836261157,178.495737436159,77.0033428567878));
#3109=CARTESIAN_POINT('Origin',(174.749759540102,178.495737436159,80.7921132112972));
#3110=CARTESIAN_POINT('',(174.457836261157,170.895737436159,77.0033428567878));
#3111=CARTESIAN_POINT('',(174.457836261157,170.895737436159,77.0033428567878));
#3112=CARTESIAN_POINT('Origin',(174.749759540102,170.895737436159,80.7921132112972));
#3113=CARTESIAN_POINT('Origin',(175.13062474477,163.795737436159,77.0112480066287));
#3114=CARTESIAN_POINT('',(175.718405992507,170.895737436159,76.4234667588927));
#3115=CARTESIAN_POINT('',(175.718405992507,178.495737436159,76.4234667588927));
#3116=CARTESIAN_POINT('',(175.718405992507,178.495737436159,76.4234667588927));
#3117=CARTESIAN_POINT('',(176.963973102475,178.495737436159,75.1778996489242));
#3118=CARTESIAN_POINT('',(175.718405992507,178.495737436159,76.4234667588927));
#3119=CARTESIAN_POINT('',(176.963973102475,170.895737436159,75.1778996489242));
#3120=CARTESIAN_POINT('',(176.963973102475,170.895737436159,75.1778996489242));
#3121=CARTESIAN_POINT('',(176.963973102475,170.895737436159,75.1778996489242));
#3122=CARTESIAN_POINT('Origin',(182.349759540102,163.795737436159,74.5921132112972));
#3123=CARTESIAN_POINT('',(178.378186664848,170.895737436159,74.5921132112973));
#3124=CARTESIAN_POINT('',(178.378186664848,178.495737436159,74.5921132112973));
#3125=CARTESIAN_POINT('',(178.378186664848,170.895737436159,74.5921132112973));
#3126=CARTESIAN_POINT('',(178.378186664848,178.495737436159,74.5921132112973));
#3127=CARTESIAN_POINT('',(180.436616797268,178.495737436159,74.5921132112972));
#3128=CARTESIAN_POINT('',(180.436616797268,170.895737436159,74.5921132112972));
#3129=CARTESIAN_POINT('Origin',(174.304192430133,163.795737436159,75.0092531965196));
#3130=CARTESIAN_POINT('Origin',(174.304192430133,178.495737436159,75.0092531965196));
#3131=CARTESIAN_POINT('Origin',(174.304192430133,170.895737436159,75.0092531965196));
#3132=CARTESIAN_POINT('Origin',(180.436616797268,163.795737436159,72.5921132112972));
#3133=CARTESIAN_POINT('Origin',(178.378186664848,163.795737436159,76.5921132112972));
#3134=CARTESIAN_POINT('Origin',(178.378186664848,178.495737436159,76.5921132112972));
#3135=CARTESIAN_POINT('Origin',(178.378186664848,170.895737436159,76.5921132112972));
#3136=CARTESIAN_POINT('Origin',(168.560414870791,163.795737436159,74.5365546779231));
#3137=CARTESIAN_POINT('Origin',(168.560414870791,178.495737436159,74.5365546779231));
#3138=CARTESIAN_POINT('',(170.683183830673,170.895737436159,79.0635682567585));
#3139=CARTESIAN_POINT('Origin',(168.560414870791,170.895737436159,74.5365546779231));
#3140=CARTESIAN_POINT('',(170.117186261336,170.395737436159,79.2880242229777));
#3141=CARTESIAN_POINT('Ctrl Pts',(170.683183830673,170.895737436159,79.0635682567584));
#3142=CARTESIAN_POINT('Ctrl Pts',(170.650686516441,170.895734934634,79.0788066227875));
#3143=CARTESIAN_POINT('Ctrl Pts',(170.61828524897,170.893610154826,79.0935729186273));
#3144=CARTESIAN_POINT('Ctrl Pts',(170.586016290396,170.88912375949,79.1078716532481));
#3145=CARTESIAN_POINT('Ctrl Pts',(170.569881811109,170.886880561822,79.1150210205585));
#3146=CARTESIAN_POINT('Ctrl Pts',(170.553780472829,170.884046502219,79.1220534924411));
#3147=CARTESIAN_POINT('Ctrl Pts',(170.537718801083,170.880575759598,79.1289689849355));
#3148=CARTESIAN_POINT('Ctrl Pts',(170.521657129336,170.877105016977,79.1358844774299));
#3149=CARTESIAN_POINT('Ctrl Pts',(170.505629473763,170.872995497655,79.1426853480785));
#3150=CARTESIAN_POINT('Ctrl Pts',(170.489660832218,170.868195748661,79.1493640193457));
#3151=CARTESIAN_POINT('Ctrl Pts',(170.473692190674,170.863395999668,79.1560426906128));
#3152=CARTESIAN_POINT('Ctrl Pts',(170.457709872595,170.857871005978,79.1626283015525));
#3153=CARTESIAN_POINT('Ctrl Pts',(170.442055401001,170.851684216009,79.168986967236));
#3154=CARTESIAN_POINT('Ctrl Pts',(170.426400929408,170.84549742604,79.1753456329194));
#3155=CARTESIAN_POINT('Ctrl Pts',(170.410979467391,170.838625025664,79.1815170719498));
#3156=CARTESIAN_POINT('Ctrl Pts',(170.395838022236,170.831034342441,79.1874924172548));
#3157=CARTESIAN_POINT('Ctrl Pts',(170.38069657708,170.823443659217,79.1934677625599));
#3158=CARTESIAN_POINT('Ctrl Pts',(170.365825811742,170.815133074217,79.1992507806127));
#3159=CARTESIAN_POINT('Ctrl Pts',(170.351253226673,170.806045069994,79.2048410854928));
#3160=CARTESIAN_POINT('Ctrl Pts',(170.336680641604,170.796957065772,79.2104313903728));
#3161=CARTESIAN_POINT('Ctrl Pts',(170.322422200017,170.78710490027,79.215823000409));
#3162=CARTESIAN_POINT('Ctrl Pts',(170.308467113882,170.776368852199,79.2210304602732));
#3163=CARTESIAN_POINT('Ctrl Pts',(170.294512027746,170.765632804128,79.2262379201374));
#3164=CARTESIAN_POINT('Ctrl Pts',(170.281056711411,170.75415383454,79.2311875704391));
#3165=CARTESIAN_POINT('Ctrl Pts',(170.268227060456,170.741988863876,79.2358501064772));
#3166=CARTESIAN_POINT('Ctrl Pts',(170.255397409502,170.729823893212,79.2405126425153));
#3167=CARTESIAN_POINT('Ctrl Pts',(170.243153528393,170.716943435329,79.2449028286879));
#3168=CARTESIAN_POINT('Ctrl Pts',(170.231545221305,170.703311988014,79.2490193570047));
#3169=CARTESIAN_POINT('Ctrl Pts',(170.219936914216,170.689680540699,79.2531358853216));
#3170=CARTESIAN_POINT('Ctrl Pts',(170.208975448758,170.675318095385,79.2569748639202));
#3171=CARTESIAN_POINT('Ctrl Pts',(170.198681415903,170.660091109349,79.2605448056824));
#3172=CARTESIAN_POINT('Ctrl Pts',(170.193534399475,170.652477616332,79.2623297765636));
#3173=CARTESIAN_POINT('Ctrl Pts',(170.188580864979,170.644680119894,79.2640381764259));
#3174=CARTESIAN_POINT('Ctrl Pts',(170.183877064241,170.636783008799,79.2656529541737));
#3175=CARTESIAN_POINT('Ctrl Pts',(170.179173263503,170.628885897704,79.2672677319216));
#3176=CARTESIAN_POINT('Ctrl Pts',(170.174695023054,170.620853890509,79.2687972368435));
#3177=CARTESIAN_POINT('Ctrl Pts',(170.170456173478,170.612705585306,79.2702389728081));
#3178=CARTESIAN_POINT('Ctrl Pts',(170.161978474326,170.5964089749,79.2731224447373));
#3179=CARTESIAN_POINT('Ctrl Pts',(170.15442765571,170.579606680998,79.2756655035888));
#3180=CARTESIAN_POINT('Ctrl Pts',(170.147845834945,170.562295890494,79.2778691511514));
#3181=CARTESIAN_POINT('Ctrl Pts',(170.14126401418,170.54498509999,79.2800727987141));
#3182=CARTESIAN_POINT('Ctrl Pts',(170.135652907718,170.527180316372,79.2819364782788));
#3183=CARTESIAN_POINT('Ctrl Pts',(170.131069839209,170.508789947539,79.2834529252191));
#3184=CARTESIAN_POINT('Ctrl Pts',(170.128778304955,170.499594763123,79.2842111486893));
#3185=CARTESIAN_POINT('Ctrl Pts',(170.126751163154,170.490260166278,79.2848800608438));
#3186=CARTESIAN_POINT('Ctrl Pts',(170.125019837394,170.480919529523,79.2854504757354));
#3187=CARTESIAN_POINT('Ctrl Pts',(170.123288511635,170.471578892769,79.286020890627));
#3188=CARTESIAN_POINT('Ctrl Pts',(170.121840030925,170.462183516911,79.2864970940058));
#3189=CARTESIAN_POINT('Ctrl Pts',(170.120681574533,170.452762712785,79.2868775946513));
#3190=CARTESIAN_POINT('Ctrl Pts',(170.118364661749,170.433921104532,79.2876385959423));
#3191=CARTESIAN_POINT('Ctrl Pts',(170.117187207742,170.414905687018,79.2880239128972));
#3192=CARTESIAN_POINT('Ctrl Pts',(170.117186261336,170.395737436159,79.2880242229777));
#3193=CARTESIAN_POINT('',(170.117186261336,169.624164560906,79.2880242229778));
#3194=CARTESIAN_POINT('',(170.117186261336,169.624164560906,79.2880242229778));
#3195=CARTESIAN_POINT('',(169.601066297105,168.422083032888,79.4270602355225));
#3196=CARTESIAN_POINT('Ctrl Pts',(170.117186261336,169.624164560906,79.2880242229777));
#3197=CARTESIAN_POINT('Ctrl Pts',(170.11718476164,169.566651575096,79.2880240399998));
#3198=CARTESIAN_POINT('Ctrl Pts',(170.11406719796,169.509772799693,79.2890492800374));
#3199=CARTESIAN_POINT('Ctrl Pts',(170.101919861521,169.397216094607,79.2930032966645));
#3200=CARTESIAN_POINT('Ctrl Pts',(170.092890863819,169.341538024307,79.295932109206));
#3201=CARTESIAN_POINT('Ctrl Pts',(170.075044569272,169.25889010259,79.3016292584259));
#3202=CARTESIAN_POINT('Ctrl Pts',(170.068377624201,169.231485843958,79.3037454877773));
#3203=CARTESIAN_POINT('Ctrl Pts',(170.053614823677,169.17696475336,79.3083901501551));
#3204=CARTESIAN_POINT('Ctrl Pts',(170.045524866385,169.149866016347,79.3109167631914));
#3205=CARTESIAN_POINT('Ctrl Pts',(170.027890727753,169.095882553678,79.3163663812814));
#3206=CARTESIAN_POINT('Ctrl Pts',(170.018409543629,169.06920055445,79.3192696456684));
#3207=CARTESIAN_POINT('Ctrl Pts',(169.998254231742,169.016663179801,79.325367553148));
#3208=CARTESIAN_POINT('Ctrl Pts',(169.987564082168,168.990758917586,79.3285671389094));
#3209=CARTESIAN_POINT('Ctrl Pts',(169.953734994496,168.914136679596,79.3385554991423));
#3210=CARTESIAN_POINT('Ctrl Pts',(169.928832316396,168.864477615068,79.3457363435529));
#3211=CARTESIAN_POINT('Ctrl Pts',(169.888108053158,168.79201272994,79.3570763510817));
#3212=CARTESIAN_POINT('Ctrl Pts',(169.873970024989,168.768195274985,79.3609514794188));
#3213=CARTESIAN_POINT('Ctrl Pts',(169.844576448035,168.721224816818,79.3688585440048));
#3214=CARTESIAN_POINT('Ctrl Pts',(169.829327048122,168.698080915446,79.3728888995924));
#3215=CARTESIAN_POINT('Ctrl Pts',(169.797685037253,168.6524165691,79.3810804417954));
#3216=CARTESIAN_POINT('Ctrl Pts',(169.781337094024,168.629965793855,79.3852295859283));
#3217=CARTESIAN_POINT('Ctrl Pts',(169.747765842747,168.586029697794,79.3935595615314));
#3218=CARTESIAN_POINT('Ctrl Pts',(169.730510004391,168.56449727892,79.3977488669676));
#3219=CARTESIAN_POINT('Ctrl Pts',(169.677386874765,168.501233995812,79.4103311738949));
#3220=CARTESIAN_POINT('Ctrl Pts',(169.640140021093,168.460796765979,79.4187455495255));
#3221=CARTESIAN_POINT('Ctrl Pts',(169.601066297105,168.422083032888,79.4270602355224));
#3222=CARTESIAN_POINT('Ctrl Pts',(169.601066297105,168.422083032889,79.4270602355224));
#3223=CARTESIAN_POINT('Ctrl Pts',(169.426079994324,168.248682947867,79.4642955976807));
#3224=CARTESIAN_POINT('Ctrl Pts',(169.251558965595,168.07204221549,79.491618574599));
#3225=CARTESIAN_POINT('Ctrl Pts',(168.905020543691,167.716766461705,79.5277072692647));
#3226=CARTESIAN_POINT('Ctrl Pts',(168.732185108308,167.537252156475,79.5365546779231));
#3227=CARTESIAN_POINT('Ctrl Pts',(168.560414870791,167.35732799061,79.5365546779231));
#3228=CARTESIAN_POINT('Origin',(168.560414870791,178.795737436159,74.5365546779231));
#3229=CARTESIAN_POINT('',(172.077087978354,178.495737436159,78.0908492991585));
#3230=CARTESIAN_POINT('Origin',(174.749759540102,178.495737436159,80.7921132112972));
#3231=CARTESIAN_POINT('',(174.457836261157,178.495737436159,77.0033428567878));
#3232=CARTESIAN_POINT('Origin',(174.304192430133,178.795737436159,75.0092531965196));
#3233=CARTESIAN_POINT('',(175.718405992507,178.495737436159,76.4234667588927));
#3234=CARTESIAN_POINT('Origin',(175.130624744771,178.495737436159,77.0112480066287));
#3235=CARTESIAN_POINT('',(176.963973102475,178.495737436159,75.1778996489242));
#3236=CARTESIAN_POINT('Origin',(178.378186664848,178.795737436159,76.5921132112972));
#3237=CARTESIAN_POINT('',(178.378186664848,178.495737436159,74.5921132112973));
#3238=CARTESIAN_POINT('Origin',(182.349759540102,178.495737436159,74.5921132112972));
#3239=CARTESIAN_POINT('Ctrl Pts',(165.774135733319,164.593655908142,79.5365546779231));
#3240=CARTESIAN_POINT('Ctrl Pts',(165.754164128633,164.573796660303,79.5365546779231));
#3241=CARTESIAN_POINT('Ctrl Pts',(165.733727779579,164.554457942297,79.5365546779231));
#3242=CARTESIAN_POINT('Ctrl Pts',(165.691929962077,164.516816672141,79.5365546779231));
#3243=CARTESIAN_POINT('Ctrl Pts',(165.670577650519,164.498521606033,79.5365546779231));
#3244=CARTESIAN_POINT('Ctrl Pts',(165.626909535365,164.46293965006,79.5365546779231));
#3245=CARTESIAN_POINT('Ctrl Pts',(165.604673892507,164.445721437481,79.5365546779231));
#3246=CARTESIAN_POINT('Ctrl Pts',(165.559586987048,164.412542470096,79.5365546779231));
#3247=CARTESIAN_POINT('Ctrl Pts',(165.536700616209,164.39655307173,79.5365546779231));
#3248=CARTESIAN_POINT('Ctrl Pts',(165.46706584218,164.350385974203,79.5365546779231));
#3249=CARTESIAN_POINT('Ctrl Pts',(165.419318712555,164.321985245333,79.5365546779231));
#3250=CARTESIAN_POINT('Ctrl Pts',(165.345741792934,164.28292222131,79.5365546779231));
#3251=CARTESIAN_POINT('Ctrl Pts',(165.320889017013,164.270491448952,79.5365546779231));
#3252=CARTESIAN_POINT('Ctrl Pts',(165.270525319191,164.246817364922,79.5365546779231));
#3253=CARTESIAN_POINT('Ctrl Pts',(165.245014425776,164.235574001868,79.5365546779231));
#3254=CARTESIAN_POINT('Ctrl Pts',(165.193325920243,164.214290203818,79.5365546779231));
#3255=CARTESIAN_POINT('Ctrl Pts',(165.167162029112,164.204254646921,79.5365546779231));
#3256=CARTESIAN_POINT('Ctrl Pts',(165.114098984511,164.185391594301,79.5365546779231));
#3257=CARTESIAN_POINT('Ctrl Pts',(165.08739613032,164.176634304023,79.5365546779231));
#3258=CARTESIAN_POINT('Ctrl Pts',(165.007048308516,164.152449989979,79.5365546779231));
#3259=CARTESIAN_POINT('Ctrl Pts',(164.952989205279,164.139022513191,79.5365546779231));
#3260=CARTESIAN_POINT('Ctrl Pts',(164.843999285148,164.117493469699,79.5365546779231));
#3261=CARTESIAN_POINT('Ctrl Pts',(164.789052473536,164.109383045316,79.5365546779231));
#3262=CARTESIAN_POINT('Ctrl Pts',(164.678249184575,164.098505413482,79.5365546779231));
#3263=CARTESIAN_POINT('Ctrl Pts',(164.622392577592,164.095738968041,79.5365546779231));
#3264=CARTESIAN_POINT('Ctrl Pts',(164.566065252883,164.095737436159,79.5365546779231));
#3265=CARTESIAN_POINT('Ctrl Pts',(165.985075733051,164.381523873787,79.8590116704522));
#3266=CARTESIAN_POINT('Ctrl Pts',(165.961624485772,164.358160052798,79.8585912535265));
#3267=CARTESIAN_POINT('Ctrl Pts',(165.937627078759,164.335408619851,79.858163812435));
#3268=CARTESIAN_POINT('Ctrl Pts',(165.888544975941,164.291124772609,79.857295638103));
#3269=CARTESIAN_POINT('Ctrl Pts',(165.863471033194,164.269601165423,79.8568550927345));
#3270=CARTESIAN_POINT('Ctrl Pts',(165.812190698193,164.227740040748,79.8559605899832));
#3271=CARTESIAN_POINT('Ctrl Pts',(165.786078438131,164.207483320067,79.8555082884083));
#3272=CARTESIAN_POINT('Ctrl Pts',(165.733129913017,164.168449240791,79.8545978832634));
#3273=CARTESIAN_POINT('Ctrl Pts',(165.706252419842,164.149638183889,79.8541390594692));
#3274=CARTESIAN_POINT('Ctrl Pts',(165.624472505402,164.095323951504,79.852753468985));
#3275=CARTESIAN_POINT('Ctrl Pts',(165.568395563588,164.061911329305,79.8518171085356));
#3276=CARTESIAN_POINT('Ctrl Pts',(165.481979183039,164.015954830454,79.8503967606315));
#3277=CARTESIAN_POINT('Ctrl Pts',(165.452788938594,164.001330392386,79.8499206524738));
#3278=CARTESIAN_POINT('Ctrl Pts',(165.393634276506,163.973478528821,79.8489634611934));
#3279=CARTESIAN_POINT('Ctrl Pts',(165.363669892408,163.960251042875,79.848482378011));
#3280=CARTESIAN_POINT('Ctrl Pts',(165.302956828464,163.935211280464,79.8475154882033));
#3281=CARTESIAN_POINT('Ctrl Pts',(165.27222426585,163.923404742938,79.847029934088));
#3282=CARTESIAN_POINT('Ctrl Pts',(165.209894278406,163.901212916326,79.846053253593));
#3283=CARTESIAN_POINT('Ctrl Pts',(165.178527434218,163.890910221881,79.8455657433572));
#3284=CARTESIAN_POINT('Ctrl Pts',(165.084144065105,163.862458087711,79.8441108692161));
#3285=CARTESIAN_POINT('Ctrl Pts',(165.020639304156,163.846661056196,79.8431478285846));
#3286=CARTESIAN_POINT('Ctrl Pts',(164.892601138786,163.821332769736,79.8412377990826));
#3287=CARTESIAN_POINT('Ctrl Pts',(164.828048949821,163.811791093991,79.8402904925715));
#3288=CARTESIAN_POINT('Ctrl Pts',(164.69787142629,163.798993880068,79.8384112163347));
#3289=CARTESIAN_POINT('Ctrl Pts',(164.632245939874,163.795739238373,79.8374792410724));
#3290=CARTESIAN_POINT('Ctrl Pts',(164.566065252883,163.795737436159,79.8365546779231));
#3291=CARTESIAN_POINT('',(165.98507573305,164.381523873786,79.8590116704522));
#3292=CARTESIAN_POINT('Ctrl Pts',(168.560414870791,167.35732799061,79.5365546779231));
#3293=CARTESIAN_POINT('Ctrl Pts',(167.630028951498,166.437743472422,79.5365546779231));
#3294=CARTESIAN_POINT('Ctrl Pts',(166.701773212921,165.516011348474,79.5365546779231));
#3295=CARTESIAN_POINT('Ctrl Pts',(165.774135733319,164.593655908142,79.5365546779231));
#3296=CARTESIAN_POINT('Ctrl Pts',(168.770064169072,167.145194852486,79.8689235066171));
#3297=CARTESIAN_POINT('Ctrl Pts',(167.840398734632,166.225610334298,79.864209663164));
#3298=CARTESIAN_POINT('Ctrl Pts',(166.912460615973,165.30387821035,79.861337313028));
#3299=CARTESIAN_POINT('Ctrl Pts',(165.985076830616,164.381522770019,79.859013348264));
#3300=CARTESIAN_POINT('',(168.770063078228,167.145195956254,79.8689217772409));
#3301=CARTESIAN_POINT('',(168.770063078228,167.145195956254,79.8689217772409));
#3302=CARTESIAN_POINT('Ctrl Pts',(165.98507573305,164.381523873786,79.8590116704522));
#3303=CARTESIAN_POINT('Ctrl Pts',(166.435717878622,164.829750980244,79.8601192934197));
#3304=CARTESIAN_POINT('Ctrl Pts',(166.913048454304,165.304170556852,79.8614742379372));
#3305=CARTESIAN_POINT('Ctrl Pts',(167.84013619676,166.22438414982,79.8646676714352));
#3306=CARTESIAN_POINT('Ctrl Pts',(168.311445145867,166.691588594713,79.8665667628611));
#3307=CARTESIAN_POINT('Ctrl Pts',(168.770063078228,167.145195956254,79.8689217772409));
#3308=CARTESIAN_POINT('Ctrl Pts',(168.770064527235,167.14519449008,79.8689240744327));
#3309=CARTESIAN_POINT('Ctrl Pts',(168.952721723333,167.325845558271,79.8698505458862));
#3310=CARTESIAN_POINT('Ctrl Pts',(169.135578718772,167.505200009612,79.8617643355458));
#3311=CARTESIAN_POINT('Ctrl Pts',(169.502300220357,167.860504622104,79.8271445561257));
#3312=CARTESIAN_POINT('Ctrl Pts',(169.686148934908,168.036477384501,79.8006336073899));
#3313=CARTESIAN_POINT('Ctrl Pts',(169.871082155579,168.209949532359,79.7642268463674));
#3314=CARTESIAN_POINT('Ctrl Pts',(168.560413564354,167.357329312525,79.5365526067545));
#3315=CARTESIAN_POINT('Ctrl Pts',(168.73286813778,167.537980380716,79.5365448913815));
#3316=CARTESIAN_POINT('Ctrl Pts',(168.905570335388,167.71733483201,79.5276689648656));
#3317=CARTESIAN_POINT('Ctrl Pts',(169.252140550662,168.072639444597,79.4915345123879));
#3318=CARTESIAN_POINT('Ctrl Pts',(169.425990495565,168.248612206946,79.4642998467243));
#3319=CARTESIAN_POINT('Ctrl Pts',(169.601064614494,168.422084354804,79.4270581344598));
#3320=CARTESIAN_POINT('',(169.871080289347,168.209950998532,79.7642245160194));
#3321=CARTESIAN_POINT('',(169.871080289347,168.209950998532,79.7642245160193));
#3322=CARTESIAN_POINT('Ctrl Pts',(168.770063078228,167.145195956254,79.8689217772409));
#3323=CARTESIAN_POINT('Ctrl Pts',(168.952249278722,167.32538902317,79.8698397312473));
#3324=CARTESIAN_POINT('Ctrl Pts',(169.134616885262,167.504262225611,79.8618307288693));
#3325=CARTESIAN_POINT('Ctrl Pts',(169.501573141422,167.859812162807,79.8272325552505));
#3326=CARTESIAN_POINT('Ctrl Pts',(169.685729596725,168.036102209778,79.8007008827849));
#3327=CARTESIAN_POINT('Ctrl Pts',(169.871080289347,168.209950998532,79.7642245160194));
#3328=CARTESIAN_POINT('Ctrl Pts',(169.871080289347,168.209950998532,79.7642245160193));
#3329=CARTESIAN_POINT('Ctrl Pts',(169.919038728288,168.255496566874,79.7575046863834));
#3330=CARTESIAN_POINT('Ctrl Pts',(169.964696670102,168.303069778442,79.7506757235724));
#3331=CARTESIAN_POINT('Ctrl Pts',(170.029737870713,168.377497170334,79.7404422250864));
#3332=CARTESIAN_POINT('Ctrl Pts',(170.050851303103,168.402829427834,79.7370312326973));
#3333=CARTESIAN_POINT('Ctrl Pts',(170.091901986801,168.454518952611,79.730243933459));
#3334=CARTESIAN_POINT('Ctrl Pts',(170.111878956591,168.48093162937,79.7268607100413));
#3335=CARTESIAN_POINT('Ctrl Pts',(170.150520983323,168.534654389777,79.7201783375873));
#3336=CARTESIAN_POINT('Ctrl Pts',(170.169131559283,168.561882509038,79.7168890221475));
#3337=CARTESIAN_POINT('Ctrl Pts',(170.204982056263,168.617141871588,79.7104343291562));
#3338=CARTESIAN_POINT('Ctrl Pts',(170.22221447111,168.645162406829,79.7072702334829));
#3339=CARTESIAN_POINT('Ctrl Pts',(170.271822674626,168.730415212862,79.6980103406123));
#3340=CARTESIAN_POINT('Ctrl Pts',(170.302116986079,168.788837641717,79.692145941902));
#3341=CARTESIAN_POINT('Ctrl Pts',(170.343228282696,168.878981451118,79.6839907851944));
#3342=CARTESIAN_POINT('Ctrl Pts',(170.356211913046,168.909457053724,79.6813787543732));
#3343=CARTESIAN_POINT('Ctrl Pts',(170.380679260921,168.971265729782,79.6764014350872));
#3344=CARTESIAN_POINT('Ctrl Pts',(170.392182413824,169.002656317108,79.6740321091601));
#3345=CARTESIAN_POINT('Ctrl Pts',(170.413567715049,169.066166273189,79.6695855279354));
#3346=CARTESIAN_POINT('Ctrl Pts',(170.423373519613,169.098047140264,79.6675243732595));
#3347=CARTESIAN_POINT('Ctrl Pts',(170.441260776828,169.16218959979,79.6637360162522));
#3348=CARTESIAN_POINT('Ctrl Pts',(170.449335083841,169.194429904063,79.6620102931837));
#3349=CARTESIAN_POINT('Ctrl Pts',(170.470942146864,169.291662753145,79.6573651522475));
#3350=CARTESIAN_POINT('Ctrl Pts',(170.481864520388,169.357166365255,79.6549781672559));
#3351=CARTESIAN_POINT('Ctrl Pts',(170.496556236858,169.489586018307,79.6517560389795));
#3352=CARTESIAN_POINT('Ctrl Pts',(170.500324656596,169.55650222466,79.6509208256359));
#3353=CARTESIAN_POINT('Ctrl Pts',(170.5003266083,169.624164560906,79.6509209583799));
#3354=CARTESIAN_POINT('Ctrl Pts',(169.601066297105,168.422083032888,79.4270602355224));
#3355=CARTESIAN_POINT('Ctrl Pts',(169.640140021093,168.460796765979,79.4187455495255));
#3356=CARTESIAN_POINT('Ctrl Pts',(169.677386874765,168.501233995812,79.4103311738949));
#3357=CARTESIAN_POINT('Ctrl Pts',(169.730510004391,168.56449727892,79.3977488669676));
#3358=CARTESIAN_POINT('Ctrl Pts',(169.747765842747,168.586029697794,79.3935595615314));
#3359=CARTESIAN_POINT('Ctrl Pts',(169.781337094024,168.629965793855,79.3852295859283));
#3360=CARTESIAN_POINT('Ctrl Pts',(169.797685037253,168.6524165691,79.3810804417954));
#3361=CARTESIAN_POINT('Ctrl Pts',(169.829327048122,168.698080915446,79.3728888995924));
#3362=CARTESIAN_POINT('Ctrl Pts',(169.844576448035,168.721224816818,79.3688585440048));
#3363=CARTESIAN_POINT('Ctrl Pts',(169.873970024989,168.768195274985,79.3609514794188));
#3364=CARTESIAN_POINT('Ctrl Pts',(169.888108053158,168.79201272994,79.3570763510817));
#3365=CARTESIAN_POINT('Ctrl Pts',(169.928832316396,168.864477615068,79.3457363435529));
#3366=CARTESIAN_POINT('Ctrl Pts',(169.953734994496,168.914136679596,79.3385554991423));
#3367=CARTESIAN_POINT('Ctrl Pts',(169.987564082168,168.990758917586,79.3285671389094));
#3368=CARTESIAN_POINT('Ctrl Pts',(169.998254231742,169.016663179801,79.325367553148));
#3369=CARTESIAN_POINT('Ctrl Pts',(170.018409543629,169.06920055445,79.3192696456684));
#3370=CARTESIAN_POINT('Ctrl Pts',(170.027890727753,169.095882553678,79.3163663812814));
#3371=CARTESIAN_POINT('Ctrl Pts',(170.045524866385,169.149866016347,79.3109167631914));
#3372=CARTESIAN_POINT('Ctrl Pts',(170.053614823677,169.17696475336,79.3083901501551));
#3373=CARTESIAN_POINT('Ctrl Pts',(170.068377624201,169.231485843958,79.3037454877773));
#3374=CARTESIAN_POINT('Ctrl Pts',(170.075044569272,169.25889010259,79.3016292584259));
#3375=CARTESIAN_POINT('Ctrl Pts',(170.092890863819,169.341538024307,79.295932109206));
#3376=CARTESIAN_POINT('Ctrl Pts',(170.101919861521,169.397216094607,79.2930032966645));
#3377=CARTESIAN_POINT('Ctrl Pts',(170.11406719796,169.509772799693,79.2890492800374));
#3378=CARTESIAN_POINT('Ctrl Pts',(170.11718476164,169.566651575096,79.2880240399998));
#3379=CARTESIAN_POINT('Ctrl Pts',(170.117186261336,169.624164560906,79.2880242229777));
#3380=CARTESIAN_POINT('',(170.5003266083,169.624164560906,79.6509209583799));
#3381=CARTESIAN_POINT('Ctrl Pts',(169.871080289347,168.209950998532,79.7642245160193));
#3382=CARTESIAN_POINT('Ctrl Pts',(169.911234299238,168.248082544667,79.7585986254431));
#3383=CARTESIAN_POINT('Ctrl Pts',(169.949772701068,168.2876384307,79.7528952814495));
#3384=CARTESIAN_POINT('Ctrl Pts',(169.986702923174,168.328623489924,79.7471844456543));
#3385=CARTESIAN_POINT('Ctrl Pts',(169.993882021207,168.336590833234,79.7460742803836));
#3386=CARTESIAN_POINT('Ctrl Pts',(170.001000239079,168.344612289675,79.7449637819938));
#3387=CARTESIAN_POINT('Ctrl Pts',(170.008057470509,168.352688039703,79.7438533912484));
#3388=CARTESIAN_POINT('Ctrl Pts',(170.029737748382,168.377497273518,79.7404421980424));
#3389=CARTESIAN_POINT('Ctrl Pts',(170.050851532916,168.402829252152,79.737031284692));
#3390=CARTESIAN_POINT('Ctrl Pts',(170.071376644952,168.428674190222,79.7336375830782));
#3391=CARTESIAN_POINT('Ctrl Pts',(170.091901756989,168.454519128293,79.7302438814644));
#3392=CARTESIAN_POINT('Ctrl Pts',(170.111878811727,168.4809317294,79.7268606765242));
#3393=CARTESIAN_POINT('Ctrl Pts',(170.131199969957,168.507793009573,79.7235195238143));
#3394=CARTESIAN_POINT('Ctrl Pts',(170.150521128187,168.534654289746,79.7201783711044));
#3395=CARTESIAN_POINT('Ctrl Pts',(170.169131559612,168.561882508834,79.7168890222251));
#3396=CARTESIAN_POINT('Ctrl Pts',(170.187056807773,168.589512190313,79.7136616756519));
#3397=CARTESIAN_POINT('Ctrl Pts',(170.204982055935,168.617141871792,79.7104343290786));
#3398=CARTESIAN_POINT('Ctrl Pts',(170.222214493267,168.645162394516,79.7072702388266));
#3399=CARTESIAN_POINT('Ctrl Pts',(170.238750538949,168.67358000884,79.704183602526));
#3400=CARTESIAN_POINT('Ctrl Pts',(170.26582859149,168.720114329595,79.699129183741));
#3401=CARTESIAN_POINT('Ctrl Pts',(170.291042606803,168.767713200673,79.694281288024));
#3402=CARTESIAN_POINT('Ctrl Pts',(170.314337957958,168.816422458069,79.6897065516474));
#3403=CARTESIAN_POINT('Ctrl Pts',(170.319494652258,168.827204813238,79.6886938810575));
#3404=CARTESIAN_POINT('Ctrl Pts',(170.324557143985,168.838041637307,79.6876945427927));
#3405=CARTESIAN_POINT('Ctrl Pts',(170.329524517157,168.848933514651,79.6867091707636));
#3406=CARTESIAN_POINT('Ctrl Pts',(170.343228250505,168.878981465071,79.6839907771442));
#3407=CARTESIAN_POINT('Ctrl Pts',(170.356212105577,168.90945698145,79.6813788032922));
#3408=CARTESIAN_POINT('Ctrl Pts',(170.368445586984,168.940361391753,79.6788900947302));
#3409=CARTESIAN_POINT('Ctrl Pts',(170.38067906839,168.971265802055,79.6764013861681));
#3410=CARTESIAN_POINT('Ctrl Pts',(170.392182323015,169.002656346048,79.6740320857562));
#3411=CARTESIAN_POINT('Ctrl Pts',(170.402875064437,169.034411295149,79.6718088185477));
#3412=CARTESIAN_POINT('Ctrl Pts',(170.413567805858,169.06616624425,79.6695855513393));
#3413=CARTESIAN_POINT('Ctrl Pts',(170.423373522112,169.098047139606,79.6675243739116));
#3414=CARTESIAN_POINT('Ctrl Pts',(170.43231714822,169.130118370027,79.6656301947558));
#3415=CARTESIAN_POINT('Ctrl Pts',(170.441260774329,169.162189600449,79.6637360156));
#3416=CARTESIAN_POINT('Ctrl Pts',(170.449335127359,169.194429894941,79.6620103046545));
#3417=CARTESIAN_POINT('Ctrl Pts',(170.456537438182,169.226840853757,79.6604619128716));
#3418=CARTESIAN_POINT('Ctrl Pts',(170.468686333492,169.281511827455,79.6578500775687));
#3419=CARTESIAN_POINT('Ctrl Pts',(170.478356455357,169.336667738114,79.6557433321643));
#3420=CARTESIAN_POINT('Ctrl Pts',(170.485496114533,169.392323203196,79.6541808375235));
#3421=CARTESIAN_POINT('Ctrl Pts',(170.486821759114,169.402656940964,79.6538907238777));
#3422=CARTESIAN_POINT('Ctrl Pts',(170.488060023303,169.413007906276,79.6536193881024));
#3423=CARTESIAN_POINT('Ctrl Pts',(170.489210378623,169.423376191781,79.6533671031177));
#3424=CARTESIAN_POINT('Ctrl Pts',(170.495173857164,169.477125713364,79.6520592497384));
#3425=CARTESIAN_POINT('Ctrl Pts',(170.498778644581,169.531340218389,79.6512633037599));
#3426=CARTESIAN_POINT('Ctrl Pts',(170.499926596236,169.586042441624,79.6510095250013));
#3427=CARTESIAN_POINT('Ctrl Pts',(170.500192716144,169.598723594649,79.6509506936215));
#3428=CARTESIAN_POINT('Ctrl Pts',(170.50032658985,169.61143090926,79.6509210270822));
#3429=CARTESIAN_POINT('Ctrl Pts',(170.5003266083,169.624164560906,79.6509209583799));
#3430=CARTESIAN_POINT('Origin',(170.5003266083,163.795737436159,79.6509209583799));
#3431=CARTESIAN_POINT('',(170.5003266083,170.395737436159,79.6509209583799));
#3432=CARTESIAN_POINT('Ctrl Pts',(170.683183830673,170.895737436159,79.0635682567585));
#3433=CARTESIAN_POINT('Ctrl Pts',(170.650686529732,170.895734934634,79.0788066511337));
#3434=CARTESIAN_POINT('Ctrl Pts',(170.618285242893,170.893610154826,79.0935729049119));
#3435=CARTESIAN_POINT('Ctrl Pts',(170.569881814147,170.886880561822,79.1150210274162));
#3436=CARTESIAN_POINT('Ctrl Pts',(170.553780472528,170.884046502219,79.1220534917423));
#3437=CARTESIAN_POINT('Ctrl Pts',(170.521657129637,170.877105016977,79.1358844781289));
#3438=CARTESIAN_POINT('Ctrl Pts',(170.505629417915,170.872995497655,79.1426852145475));
#3439=CARTESIAN_POINT('Ctrl Pts',(170.473692246521,170.863395999668,79.1560428241441));
#3440=CARTESIAN_POINT('Ctrl Pts',(170.457709929541,170.857871005978,79.1626284417485));
#3441=CARTESIAN_POINT('Ctrl Pts',(170.426400872462,170.84549742604,79.1753454927235));
#3442=CARTESIAN_POINT('Ctrl Pts',(170.410979466519,170.838625025664,79.1815170697399));
#3443=CARTESIAN_POINT('Ctrl Pts',(170.380696577952,170.823443659217,79.1934677647699));
#3444=CARTESIAN_POINT('Ctrl Pts',(170.365825810624,170.815133074217,79.1992507776978));
#3445=CARTESIAN_POINT('Ctrl Pts',(170.336680642723,170.796957065772,79.2104313932879));
#3446=CARTESIAN_POINT('Ctrl Pts',(170.322422199898,170.78710490027,79.2158230000896));
#3447=CARTESIAN_POINT('Ctrl Pts',(170.294512027866,170.765632804128,79.226237920457));
#3448=CARTESIAN_POINT('Ctrl Pts',(170.281056718762,170.75415383454,79.2311875906657));
#3449=CARTESIAN_POINT('Ctrl Pts',(170.255397402151,170.729823893212,79.2405126222888));
#3450=CARTESIAN_POINT('Ctrl Pts',(170.243153527013,170.716943435329,79.2449028247972));
#3451=CARTESIAN_POINT('Ctrl Pts',(170.219936915596,170.689680540699,79.2531358892127));
#3452=CARTESIAN_POINT('Ctrl Pts',(170.20897544976,170.675318095385,79.2569748668093));
#3453=CARTESIAN_POINT('Ctrl Pts',(170.193534398974,170.652477616332,79.2623297751191));
#3454=CARTESIAN_POINT('Ctrl Pts',(170.188580868182,170.644680119894,79.2640381857552));
#3455=CARTESIAN_POINT('Ctrl Pts',(170.179173260301,170.628885897704,79.2672677225924));
#3456=CARTESIAN_POINT('Ctrl Pts',(170.17469502485,170.620853890509,79.268797242125));
#3457=CARTESIAN_POINT('Ctrl Pts',(170.161978470735,170.5964089749,79.273122434178));
#3458=CARTESIAN_POINT('Ctrl Pts',(170.15442765505,170.579606680998,79.2756655016179));
#3459=CARTESIAN_POINT('Ctrl Pts',(170.14126401484,170.54498509999,79.280072800685));
#3460=CARTESIAN_POINT('Ctrl Pts',(170.135652911253,170.527180316372,79.281936488964));
#3461=CARTESIAN_POINT('Ctrl Pts',(170.128778303187,170.499594763123,79.2842111433468));
#3462=CARTESIAN_POINT('Ctrl Pts',(170.126751163871,170.490260166278,79.2848800630206));
#3463=CARTESIAN_POINT('Ctrl Pts',(170.123288510918,170.471578892769,79.2860208884504));
#3464=CARTESIAN_POINT('Ctrl Pts',(170.121840030874,170.462183516911,79.2864970938499));
#3465=CARTESIAN_POINT('Ctrl Pts',(170.118364661851,170.433921104532,79.2876385962544));
#3466=CARTESIAN_POINT('Ctrl Pts',(170.117187178275,170.414905687018,79.2880238229595));
#3467=CARTESIAN_POINT('Ctrl Pts',(170.117186261336,170.395737436159,79.2880242229777));
#3468=CARTESIAN_POINT('Ctrl Pts',(170.810549968266,170.595737436159,79.3351890714887));
#3469=CARTESIAN_POINT('Ctrl Pts',(170.791130995507,170.595736435549,79.3569000341344));
#3470=CARTESIAN_POINT('Ctrl Pts',(170.772112634364,170.594886523622,79.3778898992133));
#3471=CARTESIAN_POINT('Ctrl Pts',(170.744151878949,170.592194686427,79.4083069671568));
#3472=CARTESIAN_POINT('Ctrl Pts',(170.73492616248,170.591061062583,79.4182680346215));
#3473=CARTESIAN_POINT('Ctrl Pts',(170.716660761635,170.588284468486,79.4378353743467));
#3474=CARTESIAN_POINT('Ctrl Pts',(170.707617988916,170.586640660756,79.4474447575112));
#3475=CARTESIAN_POINT('Ctrl Pts',(170.689729728232,170.582800861564,79.4662964718297));
#3476=CARTESIAN_POINT('Ctrl Pts',(170.680844554767,170.580590864085,79.4755791799948));
#3477=CARTESIAN_POINT('Ctrl Pts',(170.663557163842,170.575641432114,79.4934836237926));
#3478=CARTESIAN_POINT('Ctrl Pts',(170.655101551989,170.572892471961,79.5021620863666));
#3479=CARTESIAN_POINT('Ctrl Pts',(170.638600915521,170.566819925383,79.5189488828018));
#3480=CARTESIAN_POINT('Ctrl Pts',(170.630550682739,170.563495691382,79.5270627214321));
#3481=CARTESIAN_POINT('Ctrl Pts',(170.614863375072,170.556225288004,79.5427338689296));
#3482=CARTESIAN_POINT('Ctrl Pts',(170.607234816047,170.552284421803,79.5502827926835));
#3483=CARTESIAN_POINT('Ctrl Pts',(170.592380584237,170.543695583347,79.5648515955704));
#3484=CARTESIAN_POINT('Ctrl Pts',(170.585259615052,170.539103995512,79.5717684438362));
#3485=CARTESIAN_POINT('Ctrl Pts',(170.571741539728,170.52937201898,79.5847893996305));
#3486=CARTESIAN_POINT('Ctrl Pts',(170.565323247982,170.524219835828,79.5909142644605));
#3487=CARTESIAN_POINT('Ctrl Pts',(170.553200657589,170.513314677975,79.6023928638402));
#3488=CARTESIAN_POINT('Ctrl Pts',(170.547502198215,170.50756969985,79.6077411905233));
#3489=CARTESIAN_POINT('Ctrl Pts',(170.539501597207,170.498433508228,79.6151974741977));
#3490=CARTESIAN_POINT('Ctrl Pts',(170.536939749443,170.495314509654,79.6175755777655));
#3491=CARTESIAN_POINT('Ctrl Pts',(170.53208181814,170.488996820777,79.622069992274));
#3492=CARTESIAN_POINT('Ctrl Pts',(170.529773210983,170.4857840179,79.6241979908502));
#3493=CARTESIAN_POINT('Ctrl Pts',(170.523226454806,170.476006051655,79.6302143112609));
#3494=CARTESIAN_POINT('Ctrl Pts',(170.51935141815,170.469285134104,79.6337499563964));
#3495=CARTESIAN_POINT('Ctrl Pts',(170.512608352271,170.455436501683,79.639875807113));
#3496=CARTESIAN_POINT('Ctrl Pts',(170.509741208942,170.448314588245,79.6424652491281));
#3497=CARTESIAN_POINT('Ctrl Pts',(170.506232508552,170.437280366945,79.6456251838367));
#3498=CARTESIAN_POINT('Ctrl Pts',(170.505198739238,170.433546528211,79.6465543327015));
#3499=CARTESIAN_POINT('Ctrl Pts',(170.503433742164,170.426074018799,79.6481388679943));
#3500=CARTESIAN_POINT('Ctrl Pts',(170.502695893139,170.422315868467,79.6488002274372));
#3501=CARTESIAN_POINT('Ctrl Pts',(170.500926050248,170.411010903494,79.6503854984779));
#3502=CARTESIAN_POINT('Ctrl Pts',(170.500327121212,170.403404736503,79.6509203971245));
#3503=CARTESIAN_POINT('Ctrl Pts',(170.5003266083,170.395737436159,79.6509209583799));
#3504=CARTESIAN_POINT('',(170.810549968266,170.595737436159,79.3351890714887));
#3505=CARTESIAN_POINT('Origin',(168.560414870791,170.595737436159,74.5365546779231));
#3506=CARTESIAN_POINT('',(172.288088364808,170.595737436159,78.3041069764326));
#3507=CARTESIAN_POINT('Origin',(174.749759540102,170.895737436159,80.7921132112972));
#3508=CARTESIAN_POINT('',(174.480882835811,170.595737436159,77.3024563058279));
#3509=CARTESIAN_POINT('Origin',(174.304192430133,170.595737436159,75.0092531965196));
#3510=CARTESIAN_POINT('',(175.930538026862,170.595737436159,76.6355987932486));
#3511=CARTESIAN_POINT('Origin',(175.13062474477,170.895737436159,77.0112480066287));
#3512=CARTESIAN_POINT('',(177.176105136831,170.595737436159,75.3900316832802));
#3513=CARTESIAN_POINT('Origin',(178.378186664848,170.595737436159,76.5921132112972));
#3514=CARTESIAN_POINT('',(178.378186664848,170.595737436159,74.8921132112972));
#3515=CARTESIAN_POINT('Origin',(182.349759540102,170.895737436159,74.5921132112972));
#3516=CARTESIAN_POINT('Origin',(174.749759540102,168.795737436159,80.7921132112972));
#3517=CARTESIAN_POINT('Origin',(174.749759540102,168.209950998532,80.7921132112972));
#3518=CARTESIAN_POINT('Origin',(174.749759540102,169.624164560906,80.7921132112972));
#3519=CARTESIAN_POINT('Origin',(184.399759540102,210.59573743616,84.5421132112976));
#3520=CARTESIAN_POINT('Origin',(186.449759540102,174.09573743616,89.5421132112977));
#3521=CARTESIAN_POINT('',(186.449759540102,172.09573743616,88.3421132112977));
#3522=CARTESIAN_POINT('',(188.449759540102,174.09573743616,88.3421132112977));
#3523=CARTESIAN_POINT('Origin',(186.449759540102,174.09573743616,88.3421132112977));
#3524=CARTESIAN_POINT('',(186.449759540102,172.09573743616,89.5421132112977));
#3525=CARTESIAN_POINT('',(188.449759540102,174.09573743616,89.5421132112977));
#3526=CARTESIAN_POINT('Origin',(184.399759540102,190.64573743616,88.3421132112977));
#3527=CARTESIAN_POINT('',(188.449759540102,207.19573743616,88.3421132112977));
#3528=CARTESIAN_POINT('',(188.449759540102,181.37073743616,88.3421132112977));
#3529=CARTESIAN_POINT('',(186.449759540102,209.19573743616,88.3421132112977));
#3530=CARTESIAN_POINT('Origin',(186.449759540102,207.19573743616,88.3421132112977));
#3531=CARTESIAN_POINT('',(180.349759540102,209.19573743616,88.3421132112977));
#3532=CARTESIAN_POINT('',(186.424759540102,209.19573743616,88.3421132112977));
#3533=CARTESIAN_POINT('',(180.349759540102,172.09573743616,88.3421132112977));
#3534=CARTESIAN_POINT('',(180.349759540102,199.92073743616,88.3421132112977));
#3535=CARTESIAN_POINT('',(182.374759540102,172.09573743616,88.3421132112977));
#3536=CARTESIAN_POINT('Origin',(188.449759540102,209.19573743616,89.5421132112977));
#3537=CARTESIAN_POINT('',(188.449759540102,207.19573743616,89.5421132112977));
#3538=CARTESIAN_POINT('Origin',(186.449759540102,207.19573743616,89.5421132112977));
#3539=CARTESIAN_POINT('',(186.449759540102,209.19573743616,89.5421132112977));
#3540=CARTESIAN_POINT('Origin',(180.349759540102,209.19573743616,89.5421132112977));
#3541=CARTESIAN_POINT('',(180.349759540102,209.19573743616,89.5421132112977));
#3542=CARTESIAN_POINT('Origin',(180.349759540102,172.09573743616,89.5421132112977));
#3543=CARTESIAN_POINT('',(180.349759540102,172.09573743616,89.5421132112977));
#3544=CARTESIAN_POINT('Origin',(188.449759540102,172.09573743616,89.5421132112977));
#3545=CARTESIAN_POINT('',(186.000000000005,232.,96.5005000000045));
#3546=CARTESIAN_POINT('',(0.499999999999936,0.258014850593362,6.95));
#3547=CARTESIAN_POINT('Origin',(0.,0.,0.));
#3548=UNCERTAINTY_MEASURE_WITH_UNIT(LENGTH_MEASURE(0.01),#3558,
'DISTANCE_ACCURACY_VALUE',
'Maximum model space distance between geometric entities at asserted c
onnectivities');
#3549=UNCERTAINTY_MEASURE_WITH_UNIT(LENGTH_MEASURE(0.01),#3558,
'DISTANCE_ACCURACY_VALUE',
'Maximum model space distance between geometric entities at asserted c
onnectivities');
#3550=UNCERTAINTY_MEASURE_WITH_UNIT(LENGTH_MEASURE(0.01),#3558,
'DISTANCE_ACCURACY_VALUE',
'Maximum model space distance between geometric entities at asserted c
onnectivities');
#3551=UNCERTAINTY_MEASURE_WITH_UNIT(LENGTH_MEASURE(0.01),#3558,
'DISTANCE_ACCURACY_VALUE',
'Maximum model space distance between geometric entities at asserted c
onnectivities');
#3552=UNCERTAINTY_MEASURE_WITH_UNIT(LENGTH_MEASURE(0.01),#3558,
'DISTANCE_ACCURACY_VALUE',
'Maximum model space distance between geometric entities at asserted c
onnectivities');
#3553=(
GEOMETRIC_REPRESENTATION_CONTEXT(3)
GLOBAL_UNCERTAINTY_ASSIGNED_CONTEXT((#3548))
GLOBAL_UNIT_ASSIGNED_CONTEXT((#3558,#3560,#3561))
REPRESENTATION_CONTEXT('','3D')
);
#3554=(
GEOMETRIC_REPRESENTATION_CONTEXT(3)
GLOBAL_UNCERTAINTY_ASSIGNED_CONTEXT((#3549))
GLOBAL_UNIT_ASSIGNED_CONTEXT((#3558,#3560,#3561))
REPRESENTATION_CONTEXT('','3D')
);
#3555=(
GEOMETRIC_REPRESENTATION_CONTEXT(3)
GLOBAL_UNCERTAINTY_ASSIGNED_CONTEXT((#3550))
GLOBAL_UNIT_ASSIGNED_CONTEXT((#3558,#3560,#3561))
REPRESENTATION_CONTEXT('','3D')
);
#3556=(
GEOMETRIC_REPRESENTATION_CONTEXT(3)
GLOBAL_UNCERTAINTY_ASSIGNED_CONTEXT((#3551))
GLOBAL_UNIT_ASSIGNED_CONTEXT((#3558,#3560,#3561))
REPRESENTATION_CONTEXT('','3D')
);
#3557=(
GEOMETRIC_REPRESENTATION_CONTEXT(3)
GLOBAL_UNCERTAINTY_ASSIGNED_CONTEXT((#3552))
GLOBAL_UNIT_ASSIGNED_CONTEXT((#3558,#3560,#3561))
REPRESENTATION_CONTEXT('','3D')
);
#3558=(
LENGTH_UNIT()
NAMED_UNIT(*)
SI_UNIT(.MILLI.,.METRE.)
);
#3559=(
LENGTH_UNIT()
NAMED_UNIT(*)
SI_UNIT($,.METRE.)
);
#3560=(
NAMED_UNIT(*)
PLANE_ANGLE_UNIT()
SI_UNIT($,.RADIAN.)
);
#3561=(
NAMED_UNIT(*)
SI_UNIT($,.STERADIAN.)
SOLID_ANGLE_UNIT()
);
#3562=SHAPE_DEFINITION_REPRESENTATION(#3566,#3573);
#3563=SHAPE_DEFINITION_REPRESENTATION(#3567,#3574);
#3564=SHAPE_DEFINITION_REPRESENTATION(#3568,#3575);
#3565=SHAPE_DEFINITION_REPRESENTATION(#3570,#3576);
#3566=PRODUCT_DEFINITION_SHAPE('',$,#3578);
#3567=PRODUCT_DEFINITION_SHAPE('',$,#3579);
#3568=PRODUCT_DEFINITION_SHAPE('',$,#3580);
#3569=PRODUCT_DEFINITION_SHAPE($,$,#1597);
#3570=PRODUCT_DEFINITION_SHAPE('',$,#3581);
#3571=PRODUCT_DEFINITION_SHAPE($,$,#1598);
#3572=PRODUCT_DEFINITION_SHAPE($,$,#1599);
#3573=SHAPE_REPRESENTATION('',(#1623,#1798,#1799),#3553);
#3574=SHAPE_REPRESENTATION('',(#1624,#1626),#3554);
#3575=SHAPE_REPRESENTATION('',(#1625),#3555);
#3576=SHAPE_REPRESENTATION('',(#1627),#3556);
#3577=PRODUCT_DEFINITION_CONTEXT('part definition',#3591,'design');
#3578=PRODUCT_DEFINITION('Oh God What Did I Create',
'Oh God What Did I Create v1',#3582,#3577);
#3579=PRODUCT_DEFINITION(
'K3 Sherpa Mini Toolhead(stationary parts only)',
'K3 Sherpa Mini Toolhead(stationary parts only)',#3583,#3577);
#3580=PRODUCT_DEFINITION('Nozzle Wiper Arm^K3 Sherpa Mini Toolhead (2)',
'Nozzle Wiper Arm^K3 Sherpa Mini Toolhead (2)',#3584,#3577);
#3581=PRODUCT_DEFINITION('Nozzle_brush v1','Nozzle_brush v1',#3585,#3577);
#3582=PRODUCT_DEFINITION_FORMATION('',$,#3593);
#3583=PRODUCT_DEFINITION_FORMATION('',$,#3594);
#3584=PRODUCT_DEFINITION_FORMATION('',$,#3595);
#3585=PRODUCT_DEFINITION_FORMATION('',$,#3596);
#3586=PRODUCT_RELATED_PRODUCT_CATEGORY('Oh God What Did I Create v1',
'Oh God What Did I Create v1',(#3593));
#3587=PRODUCT_RELATED_PRODUCT_CATEGORY(
'K3 Sherpa Mini Toolhead(stationary parts only)',
'K3 Sherpa Mini Toolhead(stationary parts only)',(#3594));
#3588=PRODUCT_RELATED_PRODUCT_CATEGORY(
'Nozzle Wiper Arm^K3 Sherpa Mini Toolhead (2)',
'Nozzle Wiper Arm^K3 Sherpa Mini Toolhead (2)',(#3595));
#3589=PRODUCT_RELATED_PRODUCT_CATEGORY('Nozzle_brush v1',
'Nozzle_brush v1',(#3596));
#3590=APPLICATION_PROTOCOL_DEFINITION('international standard',
'automotive_design',2009,#3591);
#3591=APPLICATION_CONTEXT(
'Core Data for Automotive Mechanical Design Process');
#3592=PRODUCT_CONTEXT('part definition',#3591,'mechanical');
#3593=PRODUCT('Oh God What Did I Create','Oh God What Did I Create v1',
$,(#3592));
#3594=PRODUCT('K3 Sherpa Mini Toolhead(stationary parts only)',
'K3 Sherpa Mini Toolhead(stationary parts only)',$,(#3592));
#3595=PRODUCT('Nozzle Wiper Arm^K3 Sherpa Mini Toolhead (2)',
'Nozzle Wiper Arm^K3 Sherpa Mini Toolhead (2)',$,(#3592));
#3596=PRODUCT('Nozzle_brush v1','Nozzle_brush v1',$,(#3592));
#3597=PRESENTATION_STYLE_ASSIGNMENT((#3601));
#3598=PRESENTATION_STYLE_ASSIGNMENT((#3602));
#3599=PRESENTATION_STYLE_ASSIGNMENT((#3603));
#3600=PRESENTATION_STYLE_ASSIGNMENT((NULL_STYLE(.NULL.)));
#3601=SURFACE_STYLE_USAGE(.BOTH.,#3604);
#3602=SURFACE_STYLE_USAGE(.BOTH.,#3605);
#3603=SURFACE_STYLE_USAGE(.BOTH.,#3606);
#3604=SURFACE_SIDE_STYLE('',(#3607));
#3605=SURFACE_SIDE_STYLE('',(#3608));
#3606=SURFACE_SIDE_STYLE('',(#3609));
#3607=SURFACE_STYLE_FILL_AREA(#3610);
#3608=SURFACE_STYLE_FILL_AREA(#3611);
#3609=SURFACE_STYLE_FILL_AREA(#3612);
#3610=FILL_AREA_STYLE('Steel - Satin',(#3613));
#3611=FILL_AREA_STYLE('Steel - Satin',(#3614));
#3612=FILL_AREA_STYLE('Opaque(160,160,160)',(#3615));
#3613=FILL_AREA_STYLE_COLOUR('Steel - Satin',#3616);
#3614=FILL_AREA_STYLE_COLOUR('Steel - Satin',#3617);
#3615=FILL_AREA_STYLE_COLOUR('Opaque(160,160,160)',#3618);
#3616=COLOUR_RGB('Steel - Satin',0.627450980392157,0.627450980392157,0.627450980392157);
#3617=COLOUR_RGB('Steel - Satin',0.47843137254902,0.180392156862745,0.180392156862745);
#3618=COLOUR_RGB('Opaque(160,160,160)',0.627450980392157,0.627450980392157,
0.627450980392157);
ENDSEC;
END-ISO-10303-21;
