# Created by FreeCAD <http://www.freecadweb.org>
v 30.000000 -22.500000 5.000000
v 26.345766 -2.176553 5.000000
v 26.234358 -2.290774 5.000000
v 26.117395 -2.399300 5.000000
v 26.451342 -2.056920 5.000000
v 25.995167 -2.501861 5.000000
v 26.550823 -1.932174 5.000000
v 25.867979 -2.598202 5.000000
v 26.643965 -1.802624 5.000000
v 25.736149 -2.688083 5.000000
v 26.730532 -1.668593 5.000000
v 25.600000 -2.771281 5.000000
v 26.810308 -1.530413 5.000000
v 25.459873 -2.847590 5.000000
v 26.883101 -1.388428 5.000000
v 25.316118 -2.916819 5.000000
v 26.948725 -1.242991 5.000000
v 25.169092 -2.978796 5.000000
v 27.007017 -1.094464 5.000000
v 25.019157 -3.033367 5.000000
v 27.057833 -0.943217 5.000000
v 24.866690 -3.080398 5.000000
v 19.000000 -18.500000 5.000000
v 27.101048 -0.789624 5.000000
v 24.712067 -3.119769 5.000000
v 27.136553 -0.634068 5.000000
v 24.555674 -3.151385 5.000000
v 27.164259 -0.476935 5.000000
v 24.397900 -3.175165 5.000000
v 27.184099 -0.318617 5.000000
v 24.239136 -3.191052 5.000000
v 27.196022 -0.159507 5.000000
v 24.079779 -3.199005 5.000000
v 23.920221 -3.199005 5.000000
v 23.760864 -3.191052 5.000000
v 23.602100 -3.175165 5.000000
v 23.444326 -3.151385 5.000000
v 23.287933 -3.119769 5.000000
v 23.133310 -3.080398 5.000000
v 22.980843 -3.033367 5.000000
v 22.830908 -2.978796 5.000000
v 22.683882 -2.916819 5.000000
v 22.540127 -2.847590 5.000000
v 22.400000 -2.771281 5.000000
v 22.263851 -2.688083 5.000000
v 22.132021 -2.598202 5.000000
v 22.004833 -2.501861 5.000000
v 21.882605 -2.399300 5.000000
v 21.765642 -2.290774 5.000000
v 21.654234 -2.176553 5.000000
v 21.548658 -2.056920 5.000000
v 21.449177 -1.932174 5.000000
v 21.356035 -1.802624 5.000000
v 21.269468 -1.668593 5.000000
v 21.189692 -1.530413 5.000000
v 21.116899 -1.388428 5.000000
v 21.051275 -1.242991 5.000000
v 20.992983 -1.094464 5.000000
v 20.942167 -0.943217 5.000000
v 27.200001 0.000000 5.000000
v 30.000000 22.500000 5.000000
v 27.196022 0.159507 5.000000
v 27.184099 0.318617 5.000000
v 27.164259 0.476935 5.000000
v 27.136553 0.634068 5.000000
v 27.101048 0.789624 5.000000
v 27.057833 0.943217 5.000000
v 27.007017 1.094464 5.000000
v 26.948725 1.242991 5.000000
v 26.883101 1.388428 5.000000
v 26.810308 1.530413 5.000000
v 26.730532 1.668593 5.000000
v 26.643965 1.802624 5.000000
v 26.550823 1.932174 5.000000
v 26.451342 2.056920 5.000000
v 26.345766 2.176553 5.000000
v 26.234358 2.290774 5.000000
v 26.117395 2.399300 5.000000
v 25.995167 2.501861 5.000000
v 25.867979 2.598202 5.000000
v 25.736149 2.688083 5.000000
v 25.600000 2.771281 5.000000
v 25.459873 2.847590 5.000000
v 25.316118 2.916819 5.000000
v 25.169092 2.978796 5.000000
v 25.019157 3.033367 5.000000
v 24.866690 3.080398 5.000000
v 19.000000 18.500000 5.000000
v 24.712067 3.119769 5.000000
v 24.555674 3.151385 5.000000
v 24.397900 3.175165 5.000000
v 24.239136 3.191052 5.000000
v 24.079779 3.199005 5.000000
v 23.920221 3.199005 5.000000
v 23.760864 3.191052 5.000000
v 23.602100 3.175165 5.000000
v 23.444326 3.151385 5.000000
v 23.287933 3.119769 5.000000
v 23.133310 3.080398 5.000000
v 22.980843 3.033367 5.000000
v 22.830908 2.978796 5.000000
v 22.683882 2.916819 5.000000
v 22.540127 2.847590 5.000000
v 22.400000 2.771281 5.000000
v 22.263851 2.688083 5.000000
v 22.132021 2.598202 5.000000
v 22.004833 2.501861 5.000000
v 21.882605 2.399300 5.000000
v 21.765642 2.290774 5.000000
v 21.654234 2.176553 5.000000
v 21.548658 2.056920 5.000000
v 21.449177 1.932174 5.000000
v 21.356035 1.802624 5.000000
v 21.269468 1.668593 5.000000
v 21.189692 1.530413 5.000000
v 21.116899 1.388428 5.000000
v 21.051275 1.242991 5.000000
v 20.992983 1.094464 5.000000
v 20.942167 0.943217 5.000000
v -19.000000 -18.500000 5.000000
v -30.000000 -22.500000 5.000000
v -21.654234 -2.176553 5.000000
v -21.765642 -2.290774 5.000000
v -21.882605 -2.399300 5.000000
v -21.548658 -2.056920 5.000000
v -22.004833 -2.501861 5.000000
v -21.449177 -1.932174 5.000000
v -22.132021 -2.598202 5.000000
v -21.356035 -1.802624 5.000000
v -22.263851 -2.688083 5.000000
v -21.269468 -1.668593 5.000000
v -22.400000 -2.771281 5.000000
v -21.189692 -1.530413 5.000000
v -22.540127 -2.847590 5.000000
v -21.116899 -1.388428 5.000000
v -22.683882 -2.916819 5.000000
v -21.051275 -1.242991 5.000000
v -22.830908 -2.978796 5.000000
v -20.992983 -1.094464 5.000000
v -22.980843 -3.033367 5.000000
v -20.942167 -0.943217 5.000000
v -23.133310 -3.080398 5.000000
v -23.287933 -3.119769 5.000000
v -23.444326 -3.151385 5.000000
v -23.602100 -3.175165 5.000000
v -23.760864 -3.191052 5.000000
v -23.920221 -3.199005 5.000000
v -24.079779 -3.199005 5.000000
v -24.239136 -3.191052 5.000000
v -24.397900 -3.175165 5.000000
v -24.555674 -3.151385 5.000000
v -24.712067 -3.119769 5.000000
v -24.866690 -3.080398 5.000000
v -25.019157 -3.033367 5.000000
v -25.169092 -2.978796 5.000000
v -25.316118 -2.916819 5.000000
v -25.459873 -2.847590 5.000000
v -25.600000 -2.771281 5.000000
v -25.736149 -2.688083 5.000000
v -25.867979 -2.598202 5.000000
v -25.995167 -2.501861 5.000000
v -26.117395 -2.399300 5.000000
v -26.234358 -2.290774 5.000000
v -26.345766 -2.176553 5.000000
v -26.451342 -2.056920 5.000000
v -26.550823 -1.932174 5.000000
v -26.643965 -1.802624 5.000000
v -26.730532 -1.668593 5.000000
v -26.810308 -1.530413 5.000000
v -26.883101 -1.388428 5.000000
v -26.948725 -1.242991 5.000000
v -27.007017 -1.094464 5.000000
v -27.057833 -0.943217 5.000000
v -27.101048 -0.789624 5.000000
v -27.136553 -0.634068 5.000000
v -27.164259 -0.476935 5.000000
v -27.184099 -0.318617 5.000000
v -27.196022 -0.159507 5.000000
v -20.942167 0.943217 5.000000
v -19.000000 18.500000 5.000000
v -20.992983 1.094464 5.000000
v -21.051275 1.242991 5.000000
v -21.116899 1.388428 5.000000
v -21.189692 1.530413 5.000000
v -21.269468 1.668593 5.000000
v -21.356035 1.802624 5.000000
v -21.449177 1.932174 5.000000
v -21.548658 2.056920 5.000000
v -21.654234 2.176553 5.000000
v -21.765642 2.290774 5.000000
v -21.882605 2.399300 5.000000
v -22.004833 2.501861 5.000000
v -22.132021 2.598202 5.000000
v -22.263851 2.688083 5.000000
v -22.400000 2.771281 5.000000
v -22.540127 2.847590 5.000000
v -22.683882 2.916819 5.000000
v -22.830908 2.978796 5.000000
v -22.980843 3.033367 5.000000
v -23.133310 3.080398 5.000000
v -23.287933 3.119769 5.000000
v -23.444326 3.151385 5.000000
v -23.602100 3.175165 5.000000
v -23.760864 3.191052 5.000000
v -23.920221 3.199005 5.000000
v -24.079779 3.199005 5.000000
v -24.239136 3.191052 5.000000
v -24.397900 3.175165 5.000000
v -24.555674 3.151385 5.000000
v -24.712067 3.119769 5.000000
v -24.866690 3.080398 5.000000
v -30.000000 22.500000 5.000000
v -25.019157 3.033367 5.000000
v -25.169092 2.978796 5.000000
v -25.316118 2.916819 5.000000
v -25.459873 2.847590 5.000000
v -25.600000 2.771281 5.000000
v -25.736149 2.688083 5.000000
v -25.867979 2.598202 5.000000
v -25.995167 2.501861 5.000000
v -26.117395 2.399300 5.000000
v -26.234358 2.290774 5.000000
v -26.345766 2.176553 5.000000
v -26.451342 2.056920 5.000000
v -26.550823 1.932174 5.000000
v -26.643965 1.802624 5.000000
v -26.730532 1.668593 5.000000
v -26.810308 1.530413 5.000000
v -26.883101 1.388428 5.000000
v -26.948725 1.242991 5.000000
v -27.007017 1.094464 5.000000
v -27.057833 0.943217 5.000000
v -27.101048 0.789624 5.000000
v -27.136553 0.634068 5.000000
v -27.164259 0.476935 5.000000
v -27.184099 0.318617 5.000000
v -27.196022 0.159507 5.000000
v -27.200001 -0.000000 5.000000
v -20.799999 0.000000 5.000000
v -20.803978 -0.159507 5.000000
v -20.815901 -0.318617 5.000000
v -20.835741 -0.476935 5.000000
v -20.863447 -0.634068 5.000000
v -20.898952 -0.789624 5.000000
v -20.803978 0.159507 5.000000
v -20.815901 0.318617 5.000000
v -20.835741 0.476935 5.000000
v -20.863447 0.634068 5.000000
v -20.898952 0.789624 5.000000
v 20.799999 -0.000000 5.000000
v 20.803978 0.159507 5.000000
v 20.815901 0.318617 5.000000
v 20.835741 0.476935 5.000000
v 20.863447 0.634068 5.000000
v 20.898952 0.789624 5.000000
v 20.803978 -0.159507 5.000000
v 20.815901 -0.318617 5.000000
v 20.835741 -0.476935 5.000000
v 20.863447 -0.634068 5.000000
v 20.898952 -0.789624 5.000000
v 21.768028 1.690652 4.600000
v 21.947454 1.904484 4.600000
v 21.800844 2.040518 4.800000
v 22.094065 1.768449 4.400000
v 22.147280 2.099387 4.600000
v 22.279617 1.949431 4.400000
v 22.411955 1.799475 4.200000
v 22.482267 2.111039 4.400000
v 22.599014 1.948651 4.200000
v 22.544291 1.649519 4.000000
v 22.628323 1.720029 4.000000
v 22.463879 1.574907 4.000000
v 21.297094 1.301651 4.800000
v 21.440126 1.564306 4.800000
v 27.000000 0.000000 4.800000
v 21.610786 1.460019 4.600000
v 21.608603 1.811413 4.800000
v 21.927456 1.569891 4.400000
v 22.240675 1.632415 4.200000
v 22.387285 1.496380 4.000000
v 22.314703 1.414133 4.000000
v 21.180922 1.026060 4.800000
v 21.477287 1.214875 4.600000
v 21.781445 1.355731 4.400000
v 26.197266 0.109661 4.000000
v 26.200001 0.000000 4.000000
v 26.400000 0.000000 4.200000
v 22.086882 1.449131 4.200000
v 22.246309 1.328370 4.000000
v 22.182274 1.239304 4.000000
v 21.092768 0.740272 4.800000
v 21.368860 0.957656 4.600000
v 21.657480 1.128098 4.400000
v 21.952103 1.251444 4.200000
v 22.122761 1.147157 4.000000
v 22.067913 1.052159 4.000000
v 21.033508 0.447127 4.800000
v 21.286583 0.690921 4.600000
v 21.556799 0.889252 4.400000
v 21.837675 1.041321 4.200000
v 22.017868 0.954544 4.000000
v 21.972752 0.854557 4.000000
v 21.003729 0.149538 4.800000
v 21.231274 0.417318 4.600000
v 21.480398 0.641569 4.400000
v 21.744738 0.820848 4.200000
v 21.932676 0.752444 4.000000
v 21.897739 0.648461 4.000000
v 21.003729 -0.149538 4.800000
v 21.203480 0.139568 4.600000
v 21.429039 0.387510 4.400000
v 21.674215 0.592218 4.200000
v 21.868031 0.542866 4.000000
v 21.843620 0.435922 4.000000
v 21.033508 -0.447127 4.800000
v 21.203480 -0.139568 4.600000
v 21.403233 0.129599 4.400000
v 21.626806 0.357701 4.200000
v 21.824572 0.327893 4.000000
v 21.810932 0.219049 4.000000
v 21.092768 -0.740272 4.800000
v 21.231274 -0.417318 4.600000
v 21.403233 -0.129599 4.400000
v 21.602983 0.119630 4.200000
v 21.802734 0.109661 4.000000
v 21.799999 -0.000000 4.000000
v 21.180922 -1.026060 4.800000
v 21.286583 -0.690921 4.600000
v 21.429039 -0.387510 4.400000
v 21.602983 -0.119630 4.200000
v 21.802734 -0.109661 4.000000
v 21.810932 -0.219049 4.000000
v 21.297094 -1.301651 4.800000
v 21.368860 -0.957656 4.600000
v 21.480398 -0.641569 4.400000
v 21.626806 -0.357701 4.200000
v 21.824572 -0.327893 4.000000
v 21.843620 -0.435922 4.000000
v 21.440126 -1.564306 4.800000
v 21.477287 -1.214875 4.600000
v 21.556799 -0.889252 4.400000
v 21.674215 -0.592218 4.200000
v 21.868031 -0.542866 4.000000
v 21.897739 -0.648461 4.000000
v 21.608603 -1.811413 4.800000
v 21.610786 -1.460019 4.600000
v 21.657480 -1.128098 4.400000
v 21.744738 -0.820848 4.200000
v 21.932676 -0.752444 4.000000
v 21.972752 -0.854557 4.000000
v 21.800844 -2.040518 4.800000
v 21.768028 -1.690652 4.600000
v 21.781445 -1.355731 4.400000
v 21.837675 -1.041321 4.200000
v 22.017868 -0.954544 4.000000
v 22.067913 -1.052159 4.000000
v 22.014942 -2.249344 4.800000
v 21.947454 -1.904484 4.600000
v 21.927456 -1.569891 4.400000
v 21.952103 -1.251444 4.200000
v 22.122761 -1.147157 4.000000
v 22.182274 -1.239304 4.000000
v 22.248770 -2.435814 4.800000
v 22.147280 -2.099387 4.600000
v 22.094065 -1.768449 4.400000
v 22.086882 -1.449131 4.200000
v 22.246309 -1.328370 4.000000
v 22.314703 -1.414133 4.000000
v 22.500000 -2.598076 4.800000
v 22.365519 -2.273427 4.600000
v 22.279617 -1.949431 4.400000
v 22.240675 -1.632415 4.200000
v 22.387285 -1.496380 4.000000
v 22.463879 -1.574907 4.000000
v 22.766138 -2.734518 4.800000
v 22.600000 -2.424871 4.600000
v 22.482267 -2.111039 4.400000
v 22.411955 -1.799475 4.200000
v 22.544291 -1.649519 4.000000
v 22.628323 -1.720029 4.000000
v 23.044540 -2.843782 4.800000
v 22.848396 -2.552216 4.600000
v 22.700001 -2.251666 4.400000
v 22.599014 -1.948651 4.200000
v 22.715763 -1.786264 4.000000
v 22.806398 -1.848057 4.000000
v 23.332438 -2.924784 4.800000
v 23.108238 -2.654197 4.600000
v 22.930653 -2.369915 4.400000
v 22.799999 -2.078461 4.200000
v 22.900000 -1.905256 4.000000
v 22.996336 -1.957718 4.000000
v 23.626968 -2.976718 4.800000
v 23.376942 -2.729798 4.600000
v 23.171934 -2.464611 4.400000
v 23.012911 -2.187614 4.200000
v 23.095169 -2.005313 4.000000
v 23.196249 -2.047922 4.000000
v 23.925207 -2.999068 4.800000
v 23.651838 -2.778270 4.600000
v 23.421446 -2.534813 4.400000
v 23.235632 -2.275026 4.200000
v 23.299330 -2.085440 4.000000
v 23.404152 -2.117773 4.000000
v 24.224190 -2.991611 4.800000
v 23.930195 -2.799130 4.600000
v 23.676706 -2.579822 4.400000
v 23.465950 -2.339827 4.200000
v 23.510454 -2.144841 4.000000
v 23.617973 -2.166577 4.000000
v 24.520945 -2.954423 4.800000
v 24.209244 -2.792171 4.600000
v 23.935181 -2.599192 4.400000
v 23.701574 -2.381374 4.200000
v 23.726444 -2.182926 4.000000
v 23.835594 -2.193848 4.000000
v 24.812521 -2.887873 4.800000
v 24.486216 -2.757462 4.600000
v 24.194298 -2.592730 4.400000
v 23.940166 -2.399254 4.200000
v 23.945152 -2.199316 4.000000
v 24.054848 -2.199316 4.000000
v 25.096024 -2.792621 4.800000
v 24.758354 -2.695348 4.600000
v 24.451485 -2.560500 4.400000
v 24.179352 -2.393289 4.200000
v 24.164406 -2.193848 4.000000
v 24.273556 -2.182926 4.000000
v 25.368631 -2.669616 4.800000
v 25.022955 -2.606447 4.600000
v 24.704185 -2.502823 4.400000
v 24.416756 -2.363539 4.200000
v 24.382027 -2.166577 4.000000
v 24.489546 -2.144841 4.000000
v 25.627638 -2.520078 4.800000
v 25.277390 -2.491641 4.600000
v 24.949886 -2.420272 4.400000
v 24.650017 -2.310298 4.200000
v 24.595848 -2.117773 4.000000
v 24.700670 -2.085440 4.000000
v 25.870470 -2.345495 4.800000
v 25.519129 -2.352072 4.600000
v 25.186148 -2.313667 4.400000
v 24.876818 -2.234097 4.200000
v 24.803751 -2.047922 4.000000
v 24.904831 -2.005313 4.000000
v 26.094711 -2.147601 4.800000
v 25.745771 -2.189128 4.600000
v 25.410620 -2.184067 4.400000
v 25.094906 -2.135692 4.200000
v 25.003664 -1.957718 4.000000
v 25.100000 -1.905256 4.000000
v 26.298134 -1.928363 4.800000
v 25.955063 -2.004427 4.600000
v 25.621073 -2.032762 4.400000
v 25.302111 -2.016062 4.200000
v 25.193602 -1.848057 4.000000
v 25.284237 -1.786264 4.000000
v 26.478716 -1.689960 4.800000
v 26.144924 -1.799805 4.600000
v 25.815416 -1.861254 4.400000
v 25.496376 -1.876396 4.200000
v 25.371677 -1.720029 4.000000
v 25.455709 -1.649519 4.000000
v 26.634665 -1.434762 4.800000
v 26.313469 -1.577296 4.600000
v 25.991716 -1.671248 4.400000
v 25.675768 -1.718080 4.200000
v 25.536121 -1.574907 4.000000
v 25.612715 -1.496380 4.000000
v 26.764429 -1.165304 4.800000
v 26.459021 -1.339111 4.600000
v 26.148220 -1.464632 4.400000
v 25.838507 -1.542690 4.200000
v 25.685297 -1.414133 4.000000
v 25.753691 -1.328370 4.000000
v 26.866718 -0.884266 4.800000
v 26.580133 -1.087617 4.600000
v 26.283377 -1.243460 4.400000
v 25.982973 -1.351968 4.200000
v 25.817726 -1.239304 4.000000
v 25.877239 -1.147157 4.000000
v 26.940517 -0.594438 4.800000
v 26.675604 -0.825314 4.600000
v 26.395838 -1.009930 4.400000
v 26.107731 -1.147810 4.200000
v 25.932087 -1.052159 4.000000
v 25.982132 -0.954544 4.000000
v 26.985092 -0.298704 4.800000
v 26.744482 -0.554809 4.600000
v 26.484489 -0.766363 4.400000
v 26.211542 -0.932244 4.200000
v 26.027248 -0.854557 4.000000
v 26.067324 -0.752444 4.000000
v 26.786087 -0.278790 4.600000
v 26.799999 0.000000 4.600000
v 26.548449 -0.515180 4.400000
v 26.293375 -0.707412 4.200000
v 26.102261 -0.648461 4.000000
v 26.131969 -0.542866 4.000000
v 26.587080 -0.258876 4.400000
v 26.600000 0.000000 4.400000
v 26.352413 -0.475551 4.200000
v 26.156380 -0.435922 4.000000
v 26.175428 -0.327893 4.000000
v 26.388073 -0.238963 4.200000
v 26.189068 -0.219049 4.000000
v 26.197266 -0.109661 4.000000
v 26.985092 0.298704 4.800000
v 26.940517 0.594438 4.800000
v 26.786087 0.278790 4.600000
v 26.866718 0.884266 4.800000
v 26.744482 0.554809 4.600000
v 26.587080 0.258876 4.400000
v 26.764429 1.165304 4.800000
v 26.675604 0.825314 4.600000
v 26.548449 0.515180 4.400000
v 26.388073 0.238963 4.200000
v 26.189068 0.219049 4.000000
v 26.175428 0.327893 4.000000
v 26.634665 1.434762 4.800000
v 26.580133 1.087617 4.600000
v 26.484489 0.766363 4.400000
v 26.352413 0.475551 4.200000
v 26.156380 0.435922 4.000000
v 26.131969 0.542866 4.000000
v 26.478716 1.689960 4.800000
v 26.459021 1.339111 4.600000
v 26.395838 1.009930 4.400000
v 26.293375 0.707412 4.200000
v 26.102261 0.648461 4.000000
v 26.067324 0.752444 4.000000
v 26.298134 1.928363 4.800000
v 26.313469 1.577296 4.600000
v 26.283377 1.243460 4.400000
v 26.211542 0.932244 4.200000
v 26.027248 0.854557 4.000000
v 25.982132 0.954544 4.000000
v 26.094711 2.147601 4.800000
v 26.144924 1.799805 4.600000
v 26.148220 1.464632 4.400000
v 26.107731 1.147810 4.200000
v 25.932087 1.052159 4.000000
v 25.877239 1.147157 4.000000
v 25.870470 2.345495 4.800000
v 25.955063 2.004427 4.600000
v 25.991716 1.671248 4.400000
v 25.982973 1.351968 4.200000
v 25.817726 1.239304 4.000000
v 25.753691 1.328370 4.000000
v 25.627638 2.520078 4.800000
v 25.745771 2.189128 4.600000
v 25.815416 1.861254 4.400000
v 25.838507 1.542690 4.200000
v 25.685297 1.414133 4.000000
v 25.612715 1.496380 4.000000
v 25.368631 2.669616 4.800000
v 25.519129 2.352072 4.600000
v 25.621073 2.032762 4.400000
v 25.675768 1.718080 4.200000
v 25.536121 1.574907 4.000000
v 25.455709 1.649519 4.000000
v 25.096024 2.792621 4.800000
v 25.277390 2.491641 4.600000
v 25.410620 2.184067 4.400000
v 25.496376 1.876396 4.200000
v 25.371677 1.720029 4.000000
v 25.284237 1.786264 4.000000
v 24.812521 2.887873 4.800000
v 25.022955 2.606447 4.600000
v 25.186148 2.313667 4.400000
v 25.302111 2.016062 4.200000
v 25.193602 1.848057 4.000000
v 25.100000 1.905256 4.000000
v 24.520945 2.954423 4.800000
v 24.758354 2.695348 4.600000
v 24.949886 2.420272 4.400000
v 25.094906 2.135692 4.200000
v 25.003664 1.957718 4.000000
v 24.904831 2.005313 4.000000
v 24.224190 2.991611 4.800000
v 24.486216 2.757462 4.600000
v 24.704185 2.502823 4.400000
v 24.876818 2.234097 4.200000
v 24.803751 2.047922 4.000000
v 24.700670 2.085440 4.000000
v 23.925207 2.999068 4.800000
v 24.209244 2.792171 4.600000
v 24.451485 2.560500 4.400000
v 24.650017 2.310298 4.200000
v 24.595848 2.117773 4.000000
v 24.489546 2.144841 4.000000
v 23.626968 2.976718 4.800000
v 23.930195 2.799130 4.600000
v 24.194298 2.592730 4.400000
v 24.416756 2.363539 4.200000
v 24.382027 2.166577 4.000000
v 24.273556 2.182926 4.000000
v 23.332438 2.924784 4.800000
v 23.651838 2.778270 4.600000
v 23.935181 2.599192 4.400000
v 24.179352 2.393289 4.200000
v 24.164406 2.193848 4.000000
v 24.054848 2.199316 4.000000
v 23.044540 2.843782 4.800000
v 23.376942 2.729798 4.600000
v 23.676706 2.579822 4.400000
v 23.940166 2.399254 4.200000
v 23.945152 2.199316 4.000000
v 23.835594 2.193848 4.000000
v 22.766138 2.734518 4.800000
v 23.108238 2.654197 4.600000
v 23.421446 2.534813 4.400000
v 23.701574 2.381374 4.200000
v 23.726444 2.182926 4.000000
v 23.617973 2.166577 4.000000
v 22.500000 2.598076 4.800000
v 22.848396 2.552216 4.600000
v 23.171934 2.464611 4.400000
v 23.465950 2.339827 4.200000
v 23.510454 2.144841 4.000000
v 23.404152 2.117773 4.000000
v 22.248770 2.435814 4.800000
v 22.600000 2.424871 4.600000
v 22.930653 2.369915 4.400000
v 23.235632 2.275026 4.200000
v 23.299330 2.085440 4.000000
v 23.196249 2.047922 4.000000
v 22.014942 2.249344 4.800000
v 22.365519 2.273427 4.600000
v 22.700001 2.251666 4.400000
v 23.012911 2.187614 4.200000
v 23.095169 2.005313 4.000000
v 22.996336 1.957718 4.000000
v 22.799999 2.078461 4.200000
v 22.900000 1.905256 4.000000
v 22.806398 1.848057 4.000000
v 22.715763 1.786264 4.000000
v -17.000000 -16.500000 3.000000
v -17.000000 16.500000 3.000000
v 17.000000 -16.500000 3.000000
v 17.000000 16.500000 3.000000
v 30.000000 22.500000 0.000000
v -30.000000 22.500000 0.000000
v 30.000000 -22.500000 0.000000
v -30.000000 -22.500000 0.000000
v -30.000000 -35.000000 5.000000
v -35.000000 -35.000000 5.000000
v -30.000000 35.000000 5.000000
v -35.000000 35.000000 5.000000
v -26.231972 1.690652 4.600000
v -26.052546 1.904484 4.600000
v -26.199156 2.040518 4.800000
v -25.905935 1.768449 4.400000
v -25.852720 2.099387 4.600000
v -25.720383 1.949431 4.400000
v -25.588045 1.799475 4.200000
v -25.517733 2.111039 4.400000
v -25.400986 1.948651 4.200000
v -25.455709 1.649519 4.000000
v -25.371677 1.720029 4.000000
v -25.536121 1.574907 4.000000
v -26.702906 1.301651 4.800000
v -26.559874 1.564306 4.800000
v -21.000000 0.000000 4.800000
v -26.389214 1.460019 4.600000
v -26.391397 1.811413 4.800000
v -26.072544 1.569891 4.400000
v -25.759325 1.632415 4.200000
v -25.612715 1.496380 4.000000
v -25.685297 1.414133 4.000000
v -26.819078 1.026060 4.800000
v -26.522713 1.214875 4.600000
v -26.218555 1.355731 4.400000
v -21.802734 0.109661 4.000000
v -21.799999 0.000000 4.000000
v -21.600000 0.000000 4.200000
v -25.913118 1.449131 4.200000
v -25.753691 1.328370 4.000000
v -25.817726 1.239304 4.000000
v -26.907232 0.740272 4.800000
v -26.631140 0.957656 4.600000
v -26.342520 1.128098 4.400000
v -26.047897 1.251444 4.200000
v -25.877239 1.147157 4.000000
v -25.932087 1.052159 4.000000
v -26.966492 0.447127 4.800000
v -26.713417 0.690921 4.600000
v -26.443201 0.889252 4.400000
v -26.162325 1.041321 4.200000
v -25.982132 0.954544 4.000000
v -26.027248 0.854557 4.000000
v -26.996271 0.149538 4.800000
v -26.768726 0.417318 4.600000
v -26.519602 0.641569 4.400000
v -26.255262 0.820848 4.200000
v -26.067324 0.752444 4.000000
v -26.102261 0.648461 4.000000
v -26.996271 -0.149538 4.800000
v -26.796520 0.139568 4.600000
v -26.570961 0.387510 4.400000
v -26.325785 0.592218 4.200000
v -26.131969 0.542866 4.000000
v -26.156380 0.435922 4.000000
v -26.966492 -0.447127 4.800000
v -26.796520 -0.139568 4.600000
v -26.596767 0.129599 4.400000
v -26.373194 0.357701 4.200000
v -26.175428 0.327893 4.000000
v -26.189068 0.219049 4.000000
v -26.907232 -0.740272 4.800000
v -26.768726 -0.417318 4.600000
v -26.596767 -0.129599 4.400000
v -26.397017 0.119630 4.200000
v -26.197266 0.109661 4.000000
v -26.200001 -0.000000 4.000000
v -26.819078 -1.026060 4.800000
v -26.713417 -0.690921 4.600000
v -26.570961 -0.387510 4.400000
v -26.397017 -0.119630 4.200000
v -26.197266 -0.109661 4.000000
v -26.189068 -0.219049 4.000000
v -26.702906 -1.301651 4.800000
v -26.631140 -0.957656 4.600000
v -26.519602 -0.641569 4.400000
v -26.373194 -0.357701 4.200000
v -26.175428 -0.327893 4.000000
v -26.156380 -0.435922 4.000000
v -26.559874 -1.564306 4.800000
v -26.522713 -1.214875 4.600000
v -26.443201 -0.889252 4.400000
v -26.325785 -0.592218 4.200000
v -26.131969 -0.542866 4.000000
v -26.102261 -0.648461 4.000000
v -26.391397 -1.811413 4.800000
v -26.389214 -1.460019 4.600000
v -26.342520 -1.128098 4.400000
v -26.255262 -0.820848 4.200000
v -26.067324 -0.752444 4.000000
v -26.027248 -0.854557 4.000000
v -26.199156 -2.040518 4.800000
v -26.231972 -1.690652 4.600000
v -26.218555 -1.355731 4.400000
v -26.162325 -1.041321 4.200000
v -25.982132 -0.954544 4.000000
v -25.932087 -1.052159 4.000000
v -25.985058 -2.249344 4.800000
v -26.052546 -1.904484 4.600000
v -26.072544 -1.569891 4.400000
v -26.047897 -1.251444 4.200000
v -25.877239 -1.147157 4.000000
v -25.817726 -1.239304 4.000000
v -25.751230 -2.435814 4.800000
v -25.852720 -2.099387 4.600000
v -25.905935 -1.768449 4.400000
v -25.913118 -1.449131 4.200000
v -25.753691 -1.328370 4.000000
v -25.685297 -1.414133 4.000000
v -25.500000 -2.598076 4.800000
v -25.634481 -2.273427 4.600000
v -25.720383 -1.949431 4.400000
v -25.759325 -1.632415 4.200000
v -25.612715 -1.496380 4.000000
v -25.536121 -1.574907 4.000000
v -25.233862 -2.734518 4.800000
v -25.400000 -2.424871 4.600000
v -25.517733 -2.111039 4.400000
v -25.588045 -1.799475 4.200000
v -25.455709 -1.649519 4.000000
v -25.371677 -1.720029 4.000000
v -24.955460 -2.843782 4.800000
v -25.151604 -2.552216 4.600000
v -25.299999 -2.251666 4.400000
v -25.400986 -1.948651 4.200000
v -25.284237 -1.786264 4.000000
v -25.193602 -1.848057 4.000000
v -24.667562 -2.924784 4.800000
v -24.891762 -2.654197 4.600000
v -25.069347 -2.369915 4.400000
v -25.200001 -2.078461 4.200000
v -25.100000 -1.905256 4.000000
v -25.003664 -1.957718 4.000000
v -24.373032 -2.976718 4.800000
v -24.623058 -2.729798 4.600000
v -24.828066 -2.464611 4.400000
v -24.987089 -2.187614 4.200000
v -24.904831 -2.005313 4.000000
v -24.803751 -2.047922 4.000000
v -24.074793 -2.999068 4.800000
v -24.348162 -2.778270 4.600000
v -24.578554 -2.534813 4.400000
v -24.764368 -2.275026 4.200000
v -24.700670 -2.085440 4.000000
v -24.595848 -2.117773 4.000000
v -23.775810 -2.991611 4.800000
v -24.069805 -2.799130 4.600000
v -24.323294 -2.579822 4.400000
v -24.534050 -2.339827 4.200000
v -24.489546 -2.144841 4.000000
v -24.382027 -2.166577 4.000000
v -23.479055 -2.954423 4.800000
v -23.790756 -2.792171 4.600000
v -24.064819 -2.599192 4.400000
v -24.298426 -2.381374 4.200000
v -24.273556 -2.182926 4.000000
v -24.164406 -2.193848 4.000000
v -23.187479 -2.887873 4.800000
v -23.513784 -2.757462 4.600000
v -23.805702 -2.592730 4.400000
v -24.059834 -2.399254 4.200000
v -24.054848 -2.199316 4.000000
v -23.945152 -2.199316 4.000000
v -22.903976 -2.792621 4.800000
v -23.241646 -2.695348 4.600000
v -23.548515 -2.560500 4.400000
v -23.820648 -2.393289 4.200000
v -23.835594 -2.193848 4.000000
v -23.726444 -2.182926 4.000000
v -22.631369 -2.669616 4.800000
v -22.977045 -2.606447 4.600000
v -23.295815 -2.502823 4.400000
v -23.583244 -2.363539 4.200000
v -23.617973 -2.166577 4.000000
v -23.510454 -2.144841 4.000000
v -22.372362 -2.520078 4.800000
v -22.722610 -2.491641 4.600000
v -23.050114 -2.420272 4.400000
v -23.349983 -2.310298 4.200000
v -23.404152 -2.117773 4.000000
v -23.299330 -2.085440 4.000000
v -22.129530 -2.345495 4.800000
v -22.480871 -2.352072 4.600000
v -22.813852 -2.313667 4.400000
v -23.123182 -2.234097 4.200000
v -23.196249 -2.047922 4.000000
v -23.095169 -2.005313 4.000000
v -21.905289 -2.147601 4.800000
v -22.254229 -2.189128 4.600000
v -22.589380 -2.184067 4.400000
v -22.905094 -2.135692 4.200000
v -22.996336 -1.957718 4.000000
v -22.900000 -1.905256 4.000000
v -21.701866 -1.928363 4.800000
v -22.044937 -2.004427 4.600000
v -22.378927 -2.032762 4.400000
v -22.697889 -2.016062 4.200000
v -22.806398 -1.848057 4.000000
v -22.715763 -1.786264 4.000000
v -21.521284 -1.689960 4.800000
v -21.855076 -1.799805 4.600000
v -22.184584 -1.861254 4.400000
v -22.503624 -1.876396 4.200000
v -22.628323 -1.720029 4.000000
v -22.544291 -1.649519 4.000000
v -21.365335 -1.434762 4.800000
v -21.686531 -1.577296 4.600000
v -22.008284 -1.671248 4.400000
v -22.324232 -1.718080 4.200000
v -22.463879 -1.574907 4.000000
v -22.387285 -1.496380 4.000000
v -21.235571 -1.165304 4.800000
v -21.540979 -1.339111 4.600000
v -21.851780 -1.464632 4.400000
v -22.161493 -1.542690 4.200000
v -22.314703 -1.414133 4.000000
v -22.246309 -1.328370 4.000000
v -21.133282 -0.884266 4.800000
v -21.419867 -1.087617 4.600000
v -21.716623 -1.243460 4.400000
v -22.017027 -1.351968 4.200000
v -22.182274 -1.239304 4.000000
v -22.122761 -1.147157 4.000000
v -21.059483 -0.594438 4.800000
v -21.324396 -0.825314 4.600000
v -21.604162 -1.009930 4.400000
v -21.892269 -1.147810 4.200000
v -22.067913 -1.052159 4.000000
v -22.017868 -0.954544 4.000000
v -21.014908 -0.298704 4.800000
v -21.255518 -0.554809 4.600000
v -21.515511 -0.766363 4.400000
v -21.788458 -0.932244 4.200000
v -21.972752 -0.854557 4.000000
v -21.932676 -0.752444 4.000000
v -21.213913 -0.278790 4.600000
v -21.200001 0.000000 4.600000
v -21.451551 -0.515180 4.400000
v -21.706625 -0.707412 4.200000
v -21.897739 -0.648461 4.000000
v -21.868031 -0.542866 4.000000
v -21.412920 -0.258876 4.400000
v -21.400000 0.000000 4.400000
v -21.647587 -0.475551 4.200000
v -21.843620 -0.435922 4.000000
v -21.824572 -0.327893 4.000000
v -21.611927 -0.238963 4.200000
v -21.810932 -0.219049 4.000000
v -21.802734 -0.109661 4.000000
v -21.014908 0.298704 4.800000
v -21.059483 0.594438 4.800000
v -21.213913 0.278790 4.600000
v -21.133282 0.884266 4.800000
v -21.255518 0.554809 4.600000
v -21.412920 0.258876 4.400000
v -21.235571 1.165304 4.800000
v -21.324396 0.825314 4.600000
v -21.451551 0.515180 4.400000
v -21.611927 0.238963 4.200000
v -21.810932 0.219049 4.000000
v -21.824572 0.327893 4.000000
v -21.365335 1.434762 4.800000
v -21.419867 1.087617 4.600000
v -21.515511 0.766363 4.400000
v -21.647587 0.475551 4.200000
v -21.843620 0.435922 4.000000
v -21.868031 0.542866 4.000000
v -21.521284 1.689960 4.800000
v -21.540979 1.339111 4.600000
v -21.604162 1.009930 4.400000
v -21.706625 0.707412 4.200000
v -21.897739 0.648461 4.000000
v -21.932676 0.752444 4.000000
v -21.701866 1.928363 4.800000
v -21.686531 1.577296 4.600000
v -21.716623 1.243460 4.400000
v -21.788458 0.932244 4.200000
v -21.972752 0.854557 4.000000
v -22.017868 0.954544 4.000000
v -21.905289 2.147601 4.800000
v -21.855076 1.799805 4.600000
v -21.851780 1.464632 4.400000
v -21.892269 1.147810 4.200000
v -22.067913 1.052159 4.000000
v -22.122761 1.147157 4.000000
v -22.129530 2.345495 4.800000
v -22.044937 2.004427 4.600000
v -22.008284 1.671248 4.400000
v -22.017027 1.351968 4.200000
v -22.182274 1.239304 4.000000
v -22.246309 1.328370 4.000000
v -22.372362 2.520078 4.800000
v -22.254229 2.189128 4.600000
v -22.184584 1.861254 4.400000
v -22.161493 1.542690 4.200000
v -22.314703 1.414133 4.000000
v -22.387285 1.496380 4.000000
v -22.631369 2.669616 4.800000
v -22.480871 2.352072 4.600000
v -22.378927 2.032762 4.400000
v -22.324232 1.718080 4.200000
v -22.463879 1.574907 4.000000
v -22.544291 1.649519 4.000000
v -22.903976 2.792621 4.800000
v -22.722610 2.491641 4.600000
v -22.589380 2.184067 4.400000
v -22.503624 1.876396 4.200000
v -22.628323 1.720029 4.000000
v -22.715763 1.786264 4.000000
v -23.187479 2.887873 4.800000
v -22.977045 2.606447 4.600000
v -22.813852 2.313667 4.400000
v -22.697889 2.016062 4.200000
v -22.806398 1.848057 4.000000
v -22.900000 1.905256 4.000000
v -23.479055 2.954423 4.800000
v -23.241646 2.695348 4.600000
v -23.050114 2.420272 4.400000
v -22.905094 2.135692 4.200000
v -22.996336 1.957718 4.000000
v -23.095169 2.005313 4.000000
v -23.775810 2.991611 4.800000
v -23.513784 2.757462 4.600000
v -23.295815 2.502823 4.400000
v -23.123182 2.234097 4.200000
v -23.196249 2.047922 4.000000
v -23.299330 2.085440 4.000000
v -24.074793 2.999068 4.800000
v -23.790756 2.792171 4.600000
v -23.548515 2.560500 4.400000
v -23.349983 2.310298 4.200000
v -23.404152 2.117773 4.000000
v -23.510454 2.144841 4.000000
v -24.373032 2.976718 4.800000
v -24.069805 2.799130 4.600000
v -23.805702 2.592730 4.400000
v -23.583244 2.363539 4.200000
v -23.617973 2.166577 4.000000
v -23.726444 2.182926 4.000000
v -24.667562 2.924784 4.800000
v -24.348162 2.778270 4.600000
v -24.064819 2.599192 4.400000
v -23.820648 2.393289 4.200000
v -23.835594 2.193848 4.000000
v -23.945152 2.199316 4.000000
v -24.955460 2.843782 4.800000
v -24.623058 2.729798 4.600000
v -24.323294 2.579822 4.400000
v -24.059834 2.399254 4.200000
v -24.054848 2.199316 4.000000
v -24.164406 2.193848 4.000000
v -25.233862 2.734518 4.800000
v -24.891762 2.654197 4.600000
v -24.578554 2.534813 4.400000
v -24.298426 2.381374 4.200000
v -24.273556 2.182926 4.000000
v -24.382027 2.166577 4.000000
v -25.500000 2.598076 4.800000
v -25.151604 2.552216 4.600000
v -24.828066 2.464611 4.400000
v -24.534050 2.339827 4.200000
v -24.489546 2.144841 4.000000
v -24.595848 2.117773 4.000000
v -25.751230 2.435814 4.800000
v -25.400000 2.424871 4.600000
v -25.069347 2.369915 4.400000
v -24.764368 2.275026 4.200000
v -24.700670 2.085440 4.000000
v -24.803751 2.047922 4.000000
v -25.985058 2.249344 4.800000
v -25.634481 2.273427 4.600000
v -25.299999 2.251666 4.400000
v -24.987089 2.187614 4.200000
v -24.904831 2.005313 4.000000
v -25.003664 1.957718 4.000000
v -25.200001 2.078461 4.200000
v -25.100000 1.905256 4.000000
v -25.193602 1.848057 4.000000
v -25.284237 1.786264 4.000000
v 26.197266 0.109661 0.000000
v 26.200001 0.000000 0.000000
v 26.189068 0.219049 0.000000
v 26.175428 0.327893 0.000000
v 26.156380 0.435922 0.000000
v 26.131969 0.542866 0.000000
v 26.102261 0.648461 0.000000
v 26.067324 0.752444 0.000000
v 26.027248 0.854557 0.000000
v 25.982132 0.954544 0.000000
v 25.932087 1.052159 0.000000
v 25.877239 1.147157 0.000000
v 25.817726 1.239304 0.000000
v 25.753691 1.328370 0.000000
v 25.685297 1.414133 0.000000
v 25.612715 1.496380 0.000000
v 25.536121 1.574907 0.000000
v 25.455709 1.649519 0.000000
v 25.371677 1.720029 0.000000
v 25.284237 1.786264 0.000000
v 25.193602 1.848057 0.000000
v 25.100000 1.905256 0.000000
v 25.003664 1.957718 0.000000
v 24.904831 2.005313 0.000000
v 24.803751 2.047922 0.000000
v 24.700670 2.085440 0.000000
v 24.595848 2.117773 0.000000
v 24.489546 2.144841 0.000000
v 24.382027 2.166577 0.000000
v 24.273556 2.182926 0.000000
v 24.164406 2.193848 0.000000
v 24.054848 2.199316 0.000000
v 23.945152 2.199316 0.000000
v 23.835594 2.193848 0.000000
v 23.726444 2.182926 0.000000
v 23.617973 2.166577 0.000000
v 23.510454 2.144841 0.000000
v 23.404152 2.117773 0.000000
v 23.299330 2.085440 0.000000
v 23.196249 2.047922 0.000000
v 23.095169 2.005313 0.000000
v 22.996336 1.957718 0.000000
v 22.900000 1.905256 0.000000
v 22.806398 1.848057 0.000000
v 22.715763 1.786264 0.000000
v 22.628323 1.720029 0.000000
v 22.544291 1.649519 0.000000
v 22.463879 1.574907 0.000000
v 22.387285 1.496380 0.000000
v 22.314703 1.414133 0.000000
v 22.246309 1.328370 0.000000
v 22.182274 1.239304 0.000000
v 22.122761 1.147157 0.000000
v 22.067913 1.052159 0.000000
v 22.017868 0.954544 0.000000
v 21.972752 0.854557 0.000000
v 21.932676 0.752444 0.000000
v 21.897739 0.648461 0.000000
v 21.868031 0.542866 0.000000
v 21.843620 0.435922 0.000000
v 21.824572 0.327893 0.000000
v 21.810932 0.219049 0.000000
v 21.802734 0.109661 0.000000
v 21.799999 -0.000000 0.000000
v 21.802734 -0.109661 0.000000
v 21.810932 -0.219049 0.000000
v 21.824572 -0.327893 0.000000
v 21.843620 -0.435922 0.000000
v 21.868031 -0.542866 0.000000
v 21.897739 -0.648461 0.000000
v 21.932676 -0.752444 0.000000
v 21.972752 -0.854557 0.000000
v 22.017868 -0.954544 0.000000
v 22.067913 -1.052159 0.000000
v 22.122761 -1.147157 0.000000
v 22.182274 -1.239304 0.000000
v 22.246309 -1.328370 0.000000
v 22.314703 -1.414133 0.000000
v 22.387285 -1.496380 0.000000
v 22.463879 -1.574907 0.000000
v 22.544291 -1.649519 0.000000
v 22.628323 -1.720029 0.000000
v 22.715763 -1.786264 0.000000
v 22.806398 -1.848057 0.000000
v 22.900000 -1.905256 0.000000
v 22.996336 -1.957718 0.000000
v 23.095169 -2.005313 0.000000
v 23.196249 -2.047922 0.000000
v 23.299330 -2.085440 0.000000
v 23.404152 -2.117773 0.000000
v 23.510454 -2.144841 0.000000
v 23.617973 -2.166577 0.000000
v 23.726444 -2.182926 0.000000
v 23.835594 -2.193848 0.000000
v 23.945152 -2.199316 0.000000
v 24.054848 -2.199316 0.000000
v 24.164406 -2.193848 0.000000
v 24.273556 -2.182926 0.000000
v 24.382027 -2.166577 0.000000
v 24.489546 -2.144841 0.000000
v 24.595848 -2.117773 0.000000
v 24.700670 -2.085440 0.000000
v 24.803751 -2.047922 0.000000
v 24.904831 -2.005313 0.000000
v 25.003664 -1.957718 0.000000
v 25.100000 -1.905256 0.000000
v 25.193602 -1.848057 0.000000
v 25.284237 -1.786264 0.000000
v 25.371677 -1.720029 0.000000
v 25.455709 -1.649519 0.000000
v 25.536121 -1.574907 0.000000
v 25.612715 -1.496380 0.000000
v 25.685297 -1.414133 0.000000
v 25.753691 -1.328370 0.000000
v 25.817726 -1.239304 0.000000
v 25.877239 -1.147157 0.000000
v 25.932087 -1.052159 0.000000
v 25.982132 -0.954544 0.000000
v 26.027248 -0.854557 0.000000
v 26.067324 -0.752444 0.000000
v 26.102261 -0.648461 0.000000
v 26.131969 -0.542866 0.000000
v 26.156380 -0.435922 0.000000
v 26.175428 -0.327893 0.000000
v 26.189068 -0.219049 0.000000
v 26.197266 -0.109661 0.000000
v -17.000000 -16.500000 0.000000
v -17.000000 16.500000 0.000000
v 17.000000 -16.500000 0.000000
v 17.000000 16.500000 0.000000
v -30.000000 -35.000000 -15.000000
v -30.000000 35.000000 -15.000000
v -22.387285 -1.496380 0.000000
v -22.463879 -1.574907 0.000000
v -22.544291 -1.649519 0.000000
v -22.314703 -1.414133 0.000000
v -22.628323 -1.720029 0.000000
v -22.246309 -1.328370 0.000000
v -22.715763 -1.786264 0.000000
v -22.182274 -1.239304 0.000000
v -22.806398 -1.848057 0.000000
v -22.122761 -1.147157 0.000000
v -22.900000 -1.905256 0.000000
v -22.067913 -1.052159 0.000000
v -22.996336 -1.957718 0.000000
v -22.017868 -0.954544 0.000000
v -23.095169 -2.005313 0.000000
v -21.972752 -0.854557 0.000000
v -23.196249 -2.047922 0.000000
v -21.932676 -0.752444 0.000000
v -23.299330 -2.085440 0.000000
v -21.897739 -0.648461 0.000000
v -23.404152 -2.117773 0.000000
v -21.868031 -0.542866 0.000000
v -23.510454 -2.144841 0.000000
v -21.843620 -0.435922 0.000000
v -23.617973 -2.166577 0.000000
v -21.824572 -0.327893 0.000000
v -23.726444 -2.182926 0.000000
v -21.810932 -0.219049 0.000000
v -23.835594 -2.193848 0.000000
v -23.945152 -2.199316 0.000000
v -24.054848 -2.199316 0.000000
v -24.164406 -2.193848 0.000000
v -24.273556 -2.182926 0.000000
v -24.382027 -2.166577 0.000000
v -24.489546 -2.144841 0.000000
v -24.595848 -2.117773 0.000000
v -24.700670 -2.085440 0.000000
v -24.803751 -2.047922 0.000000
v -24.904831 -2.005313 0.000000
v -25.003664 -1.957718 0.000000
v -25.100000 -1.905256 0.000000
v -25.193602 -1.848057 0.000000
v -25.284237 -1.786264 0.000000
v -25.371677 -1.720029 0.000000
v -25.455709 -1.649519 0.000000
v -25.536121 -1.574907 0.000000
v -25.612715 -1.496380 0.000000
v -25.685297 -1.414133 0.000000
v -25.753691 -1.328370 0.000000
v -25.817726 -1.239304 0.000000
v -25.877239 -1.147157 0.000000
v -25.932087 -1.052159 0.000000
v -25.982132 -0.954544 0.000000
v -26.027248 -0.854557 0.000000
v -26.067324 -0.752444 0.000000
v -26.102261 -0.648461 0.000000
v -26.131969 -0.542866 0.000000
v -26.156380 -0.435922 0.000000
v -26.175428 -0.327893 0.000000
v -26.189068 -0.219049 0.000000
v -26.197266 -0.109661 0.000000
v -26.200001 -0.000000 0.000000
v -21.810932 0.219049 0.000000
v -21.824572 0.327893 0.000000
v -21.843620 0.435922 0.000000
v -21.868031 0.542866 0.000000
v -21.897739 0.648461 0.000000
v -21.932676 0.752444 0.000000
v -21.972752 0.854557 0.000000
v -22.017868 0.954544 0.000000
v -22.067913 1.052159 0.000000
v -22.122761 1.147157 0.000000
v -22.182274 1.239304 0.000000
v -22.246309 1.328370 0.000000
v -22.314703 1.414133 0.000000
v -22.387285 1.496380 0.000000
v -22.463879 1.574907 0.000000
v -22.544291 1.649519 0.000000
v -22.628323 1.720029 0.000000
v -22.715763 1.786264 0.000000
v -22.806398 1.848057 0.000000
v -22.900000 1.905256 0.000000
v -22.996336 1.957718 0.000000
v -23.095169 2.005313 0.000000
v -23.196249 2.047922 0.000000
v -23.299330 2.085440 0.000000
v -23.404152 2.117773 0.000000
v -23.510454 2.144841 0.000000
v -23.617973 2.166577 0.000000
v -23.726444 2.182926 0.000000
v -23.835594 2.193848 0.000000
v -23.945152 2.199316 0.000000
v -24.054848 2.199316 0.000000
v -24.164406 2.193848 0.000000
v -24.273556 2.182926 0.000000
v -24.382027 2.166577 0.000000
v -24.489546 2.144841 0.000000
v -24.595848 2.117773 0.000000
v -24.700670 2.085440 0.000000
v -24.803751 2.047922 0.000000
v -24.904831 2.005313 0.000000
v -25.003664 1.957718 0.000000
v -25.100000 1.905256 0.000000
v -25.193602 1.848057 0.000000
v -25.284237 1.786264 0.000000
v -25.371677 1.720029 0.000000
v -25.455709 1.649519 0.000000
v -25.536121 1.574907 0.000000
v -25.612715 1.496380 0.000000
v -25.685297 1.414133 0.000000
v -25.753691 1.328370 0.000000
v -25.817726 1.239304 0.000000
v -25.877239 1.147157 0.000000
v -25.932087 1.052159 0.000000
v -25.982132 0.954544 0.000000
v -26.027248 0.854557 0.000000
v -26.067324 0.752444 0.000000
v -26.102261 0.648461 0.000000
v -26.131969 0.542866 0.000000
v -26.156380 0.435922 0.000000
v -26.175428 0.327893 0.000000
v -26.189068 0.219049 0.000000
v -26.197266 0.109661 0.000000
v -21.799999 0.000000 0.000000
v -21.802734 -0.109661 0.000000
v -21.802734 0.109661 0.000000
v -35.000000 35.000000 -1.000000
v -35.000000 -35.000000 -1.000000
v -35.000000 35.000000 -9.000000
v -36.000000 35.000000 -2.000000
v -36.000000 35.000000 -8.000000
v -35.000000 35.000000 -15.000000
v -35.000000 -35.000000 -9.000000
v -36.000000 -35.000000 -2.000000
v -36.000000 -35.000000 -8.000000
v -35.000000 -35.000000 -15.000000
vn 0.000000 0.000000 1.000000
vn 0.000000 0.000000 1.000000
vn 0.000000 0.000000 1.000000
vn 0.000000 0.000000 1.000000
vn 0.000000 0.000000 1.000000
vn 0.000000 0.000000 1.000000
vn 0.000000 0.000000 1.000000
vn 0.000000 0.000000 1.000000
vn 0.000000 0.000000 1.000000
vn 0.000000 0.000000 1.000000
vn 0.000000 0.000000 1.000000
vn 0.000000 0.000000 1.000000
vn 0.000000 0.000000 1.000000
vn 0.000000 0.000000 1.000000
vn 0.000000 0.000000 1.000000
vn 0.000000 0.000000 1.000000
vn 0.000000 0.000000 1.000000
vn 0.000000 0.000000 1.000000
vn 0.000000 0.000000 1.000000
vn 0.000000 0.000000 1.000000
vn 0.000000 0.000000 1.000000
vn 0.000000 0.000000 1.000000
vn 0.000000 0.000000 1.000000
vn 0.000000 0.000000 1.000000
vn 0.000000 0.000000 1.000000
vn 0.000000 0.000000 1.000000
vn 0.000000 0.000000 1.000000
vn 0.000000 0.000000 1.000000
vn 0.000000 0.000000 1.000000
vn 0.000000 0.000000 1.000000
vn 0.000000 0.000000 1.000000
vn 0.000000 0.000000 1.000000
vn 0.000000 0.000000 1.000000
vn 0.000000 0.000000 1.000000
vn 0.000000 0.000000 1.000000
vn 0.000000 0.000000 1.000000
vn 0.000000 0.000000 1.000000
vn 0.000000 0.000000 1.000000
vn 0.000000 0.000000 1.000000
vn 0.000000 0.000000 1.000000
vn 0.000000 0.000000 1.000000
vn 0.000000 0.000000 1.000000
vn 0.000000 0.000000 1.000000
vn 0.000000 0.000000 1.000000
vn 0.000000 0.000000 1.000000
vn 0.000000 0.000000 1.000000
vn 0.000000 0.000000 1.000000
vn 0.000000 0.000000 1.000000
vn 0.000000 0.000000 1.000000
vn 0.000000 0.000000 1.000000
vn 0.000000 0.000000 1.000000
vn 0.000000 0.000000 1.000000
vn 0.000000 0.000000 1.000000
vn 0.000000 0.000000 1.000000
vn 0.000000 0.000000 1.000000
vn 0.000000 0.000000 1.000000
vn 0.000000 0.000000 1.000000
vn 0.000000 -0.000000 1.000000
vn 0.000000 -0.000000 1.000000
vn 0.000000 -0.000000 1.000000
vn 0.000000 -0.000000 1.000000
vn 0.000000 -0.000000 1.000000
vn 0.000000 -0.000000 1.000000
vn 0.000000 -0.000000 1.000000
vn 0.000000 -0.000000 1.000000
vn 0.000000 -0.000000 1.000000
vn 0.000000 -0.000000 1.000000
vn 0.000000 -0.000000 1.000000
vn 0.000000 -0.000000 1.000000
vn 0.000000 -0.000000 1.000000
vn 0.000000 -0.000000 1.000000
vn 0.000000 -0.000000 1.000000
vn 0.000000 -0.000000 1.000000
vn 0.000000 -0.000000 1.000000
vn 0.000000 -0.000000 1.000000
vn 0.000000 -0.000000 1.000000
vn 0.000000 -0.000000 1.000000
vn 0.000000 -0.000000 1.000000
vn 0.000000 -0.000000 1.000000
vn 0.000000 -0.000000 1.000000
vn 0.000000 -0.000000 1.000000
vn 0.000000 -0.000000 1.000000
vn 0.000000 -0.000000 1.000000
vn 0.000000 0.000000 1.000000
vn 0.000000 0.000000 1.000000
vn 0.000000 0.000000 1.000000
vn 0.000000 0.000000 1.000000
vn 0.000000 0.000000 1.000000
vn 0.000000 0.000000 1.000000
vn 0.000000 0.000000 1.000000
vn 0.000000 0.000000 1.000000
vn 0.000000 0.000000 1.000000
vn 0.000000 0.000000 1.000000
vn 0.000000 0.000000 1.000000
vn 0.000000 0.000000 1.000000
vn 0.000000 0.000000 1.000000
vn 0.000000 0.000000 1.000000
vn 0.000000 0.000000 1.000000
vn 0.000000 0.000000 1.000000
vn 0.000000 0.000000 1.000000
vn 0.000000 0.000000 1.000000
vn 0.000000 0.000000 1.000000
vn 0.000000 0.000000 1.000000
vn 0.000000 0.000000 1.000000
vn 0.000000 0.000000 1.000000
vn 0.000000 0.000000 1.000000
vn 0.000000 0.000000 1.000000
vn 0.000000 0.000000 1.000000
vn 0.000000 0.000000 1.000000
vn 0.000000 0.000000 1.000000
vn 0.000000 0.000000 1.000000
vn 0.000000 0.000000 1.000000
vn 0.000000 0.000000 1.000000
vn 0.000000 0.000000 1.000000
vn 0.000000 0.000000 1.000000
vn -0.000000 0.000000 1.000000
vn 0.000000 0.000000 1.000000
vn 0.000000 0.000000 1.000000
vn 0.000000 0.000000 1.000000
vn 0.000000 0.000000 1.000000
vn 0.000000 0.000000 1.000000
vn 0.000000 0.000000 1.000000
vn 0.000000 0.000000 1.000000
vn 0.000000 0.000000 1.000000
vn 0.000000 0.000000 1.000000
vn 0.000000 0.000000 1.000000
vn 0.000000 0.000000 1.000000
vn 0.000000 0.000000 1.000000
vn 0.000000 0.000000 1.000000
vn 0.000000 0.000000 1.000000
vn 0.000000 0.000000 1.000000
vn 0.000000 0.000000 1.000000
vn 0.000000 0.000000 1.000000
vn 0.000000 0.000000 1.000000
vn 0.000000 0.000000 1.000000
vn 0.000000 0.000000 1.000000
vn 0.000000 0.000000 1.000000
vn 0.000000 0.000000 1.000000
vn 0.000000 0.000000 1.000000
vn 0.000000 0.000000 1.000000
vn 0.000000 0.000000 1.000000
vn 0.000000 0.000000 1.000000
vn 0.000000 0.000000 1.000000
vn 0.000000 0.000000 1.000000
vn 0.000000 0.000000 1.000000
vn 0.000000 0.000000 1.000000
vn 0.000000 0.000000 1.000000
vn 0.000000 0.000000 1.000000
vn 0.000000 0.000000 1.000000
vn 0.000000 0.000000 1.000000
vn 0.000000 0.000000 1.000000
vn 0.000000 0.000000 1.000000
vn 0.000000 0.000000 1.000000
vn 0.000000 0.000000 1.000000
vn 0.000000 0.000000 1.000000
vn 0.000000 0.000000 1.000000
vn 0.000000 0.000000 1.000000
vn 0.000000 0.000000 1.000000
vn 0.000000 0.000000 1.000000
vn 0.000000 0.000000 1.000000
vn 0.000000 0.000000 1.000000
vn 0.000000 0.000000 1.000000
vn 0.000000 0.000000 1.000000
vn 0.000000 0.000000 1.000000
vn 0.000000 0.000000 1.000000
vn 0.000000 0.000000 1.000000
vn 0.000000 0.000000 1.000000
vn 0.000000 0.000000 1.000000
vn 0.000000 0.000000 1.000000
vn 0.000000 0.000000 1.000000
vn 0.000000 0.000000 1.000000
vn 0.000000 0.000000 1.000000
vn 0.000000 0.000000 1.000000
vn 0.000000 0.000000 1.000000
vn 0.000000 -0.000000 1.000000
vn 0.000000 -0.000000 1.000000
vn 0.000000 -0.000000 1.000000
vn 0.000000 -0.000000 1.000000
vn 0.000000 -0.000000 1.000000
vn 0.000000 -0.000000 1.000000
vn 0.000000 -0.000000 1.000000
vn 0.000000 -0.000000 1.000000
vn 0.000000 -0.000000 1.000000
vn 0.000000 -0.000000 1.000000
vn 0.000000 -0.000000 1.000000
vn 0.000000 -0.000000 1.000000
vn 0.000000 -0.000000 1.000000
vn 0.000000 -0.000000 1.000000
vn 0.000000 -0.000000 1.000000
vn 0.000000 -0.000000 1.000000
vn 0.000000 -0.000000 1.000000
vn 0.000000 -0.000000 1.000000
vn 0.000000 -0.000000 1.000000
vn 0.000000 -0.000000 1.000000
vn 0.000000 -0.000000 1.000000
vn 0.000000 -0.000000 1.000000
vn 0.000000 -0.000000 1.000000
vn 0.000000 -0.000000 1.000000
vn 0.000000 -0.000000 1.000000
vn 0.000000 -0.000000 1.000000
vn 0.000000 -0.000000 1.000000
vn 0.000000 -0.000000 1.000000
vn 0.000000 -0.000000 1.000000
vn 0.000000 -0.000000 1.000000
vn 0.000000 -0.000000 1.000000
vn 0.000000 0.000000 1.000000
vn 0.000000 0.000000 1.000000
vn 0.000000 0.000000 1.000000
vn 0.000000 0.000000 1.000000
vn 0.000000 0.000000 1.000000
vn 0.000000 0.000000 1.000000
vn 0.000000 0.000000 1.000000
vn 0.000000 0.000000 1.000000
vn 0.000000 0.000000 1.000000
vn 0.000000 0.000000 1.000000
vn 0.000000 0.000000 1.000000
vn 0.000000 0.000000 1.000000
vn 0.000000 0.000000 1.000000
vn 0.000000 0.000000 1.000000
vn 0.000000 0.000000 1.000000
vn 0.000000 0.000000 1.000000
vn 0.000000 0.000000 1.000000
vn 0.000000 0.000000 1.000000
vn 0.000000 0.000000 1.000000
vn 0.000000 0.000000 1.000000
vn 0.000000 0.000000 1.000000
vn 0.000000 0.000000 1.000000
vn 0.000000 0.000000 1.000000
vn 0.000000 0.000000 1.000000
vn 0.000000 0.000000 1.000000
vn 0.000000 0.000000 1.000000
vn 0.000000 0.000000 1.000000
vn 0.000000 0.000000 1.000000
vn 0.000000 0.000000 1.000000
vn 0.000000 -0.000000 1.000000
vn 0.000000 0.000000 1.000000
vn 0.000000 0.000000 1.000000
vn 0.000000 0.000000 1.000000
vn 0.000000 -0.000000 1.000000
vn 0.000000 0.000000 1.000000
vn 0.000000 0.000000 1.000000
vn 0.000000 0.000000 1.000000
vn 0.000000 0.000000 1.000000
vn 0.000000 0.000000 1.000000
vn 0.000000 0.000000 1.000000
vn 0.000000 -0.000000 1.000000
vn 0.000000 -0.000000 1.000000
vn 0.000000 -0.000000 1.000000
vn 0.000000 -0.000000 1.000000
vn 0.000000 -0.000000 1.000000
vn 0.000000 -0.000000 1.000000
vn 0.000000 0.000000 1.000000
vn 0.000000 0.000000 1.000000
vn 0.000000 0.000000 1.000000
vn 0.000000 0.000000 1.000000
vn 0.000000 0.000000 1.000000
vn 0.000000 0.000000 1.000000
vn 0.000000 0.000000 1.000000
vn 0.000000 0.000000 1.000000
vn 0.000000 0.000000 1.000000
vn 0.000000 0.000000 1.000000
vn 0.000000 0.000000 1.000000
vn 0.000000 0.000000 1.000000
vn 0.000000 0.000000 1.000000
vn 0.542012 -0.454803 0.706666
vn 0.494034 -0.506509 0.706667
vn 0.494033 -0.506510 0.706668
vn 0.542011 -0.454803 0.706667
vn 0.441147 -0.553182 0.706667
vn 0.441152 -0.553182 0.706664
vn 0.454589 -0.541763 0.706995
vn 0.481031 -0.518427 0.706995
vn 0.444177 -0.556974 0.701774
vn 0.615236 -0.335035 0.713607
vn 0.629329 -0.322641 0.706999
vn 0.644629 -0.290871 0.706999
vn -0.706995 -0.017635 0.706998
vn 0.584606 -0.398573 0.706665
vn 0.584599 -0.398575 0.706669
vn 0.542012 -0.454800 0.706669
vn 0.497422 -0.509986 0.701773
vn 0.494034 -0.506511 0.706666
vn 0.494033 -0.506511 0.706667
vn 0.506272 -0.493805 0.706997
vn 0.530262 -0.467950 0.706997
vn 0.645533 -0.272118 0.713610
vn 0.658329 -0.258375 0.706997
vn 0.670391 -0.225235 0.706997
vn 0.621379 -0.338387 0.706669
vn 0.621386 -0.338384 0.706665
vn 0.584601 -0.398573 0.706669
vn 0.584604 -0.398572 0.706667
vn 0.621381 -0.338388 0.706667
vn -0.706998 -0.017634 0.706995
vn 0.542013 -0.454802 0.706666
vn 0.545729 -0.457920 0.701775
vn 0.552923 -0.440941 0.706999
vn 0.574209 -0.412839 0.706999
vn 0.542014 -0.454802 0.706665
vn 0.669423 -0.206489 0.713607
vn 0.680783 -0.191545 0.706997
vn 0.689485 -0.157373 0.706997
vn 0.651986 -0.274839 0.706667
vn 0.651988 -0.274837 0.706665
vn 0.621382 -0.338391 0.706666
vn 0.584605 -0.398574 0.706665
vn 0.584603 -0.398575 0.706666
vn 0.588615 -0.401308 0.701772
vn 0.594085 -0.383690 0.706997
vn 0.612467 -0.353609 0.706997
vn 0.686654 -0.138807 0.713610
vn 0.696471 -0.122804 0.706999
vn 0.701726 -0.087939 0.706999
vn 0.676112 -0.208554 0.706667
vn 0.676113 -0.208553 0.706666
vn 0.651989 -0.274835 0.706666
vn 0.651986 -0.274837 0.706667
vn 0.621380 -0.338390 0.706668
vn 0.621383 -0.338388 0.706666
vn 0.625645 -0.340709 0.701774
vn 0.629331 -0.322645 0.706996
vn 0.644632 -0.290871 0.706996
vn 0.697062 -0.069754 0.713610
vn 0.705240 -0.052847 0.706996
vn 0.706997 -0.017635 0.706996
vn 0.693520 -0.140195 0.706665
vn 0.693519 -0.140196 0.706666
vn 0.676112 -0.208554 0.706667
vn 0.676111 -0.208554 0.706667
vn 0.693518 -0.140196 0.706667
vn 0.651985 -0.274836 0.706668
vn 0.651988 -0.274835 0.706667
vn 0.656460 -0.276723 0.701772
vn 0.658331 -0.258371 0.706998
vn 0.670388 -0.225242 0.706997
vn 0.700544 -0.000000 0.713609
vn 0.706997 0.017635 0.706996
vn 0.705240 0.052847 0.706996
vn 0.704032 -0.070451 0.706665
vn 0.704032 -0.070452 0.706665
vn 0.693519 -0.140198 0.706666
vn 0.704031 -0.070451 0.706666
vn 0.676109 -0.208554 0.706669
vn 0.676113 -0.208551 0.706667
vn 0.693515 -0.140197 0.706669
vn 0.680752 -0.209982 0.701772
vn 0.680786 -0.191537 0.706997
vn 0.689484 -0.157375 0.706997
vn 0.697062 0.069754 0.713610
vn 0.701726 0.087939 0.706999
vn 0.696471 0.122804 0.706999
vn 0.707548 0.000000 0.706665
vn 0.707548 -0.000000 0.706666
vn 0.704028 -0.070445 0.706670
vn 0.693516 -0.140199 0.706668
vn 0.698276 -0.141161 0.701772
vn 0.696473 -0.122809 0.706996
vn 0.701730 -0.087935 0.706996
vn 0.689485 0.157373 0.706997
vn 0.680783 0.191545 0.706997
vn 0.686654 0.138807 0.713610
vn 0.704032 0.070451 0.706665
vn 0.704032 0.070452 0.706665
vn 0.707543 0.000000 0.706670
vn 0.707544 -0.000000 0.706670
vn 0.704029 -0.070449 0.706668
vn 0.704032 -0.070445 0.706666
vn 0.708860 -0.070933 0.701773
vn 0.705240 -0.052852 0.706996
vn 0.706997 -0.017634 0.706996
vn 0.669423 0.206489 0.713607
vn 0.670391 0.225235 0.706997
vn 0.658329 0.258375 0.706997
vn 0.693519 0.140195 0.706666
vn 0.693520 0.140196 0.706665
vn 0.693519 0.140196 0.706666
vn 0.704031 0.070451 0.706666
vn 0.704028 0.070445 0.706670
vn 0.712401 -0.000000 0.701772
vn 0.707548 -0.000000 0.706666
vn 0.707548 0.000000 0.706666
vn 0.706997 0.017634 0.706996
vn 0.705240 0.052852 0.706996
vn 0.644629 0.290871 0.706999
vn 0.629329 0.322641 0.706999
vn 0.645533 0.272118 0.713610
vn 0.676113 0.208554 0.706666
vn 0.676112 0.208553 0.706667
vn 0.693518 0.140198 0.706667
vn 0.708860 0.070933 0.701773
vn 0.701730 0.087935 0.706996
vn 0.696473 0.122809 0.706996
vn 0.704030 0.070445 0.706668
vn 0.704032 0.070449 0.706666
vn 0.612470 0.353603 0.706997
vn 0.615236 0.335035 0.713607
vn 0.594080 0.383698 0.706997
vn 0.651987 0.274839 0.706665
vn 0.651987 0.274837 0.706667
vn 0.676112 0.208555 0.706667
vn 0.676111 0.208553 0.706667
vn 0.689484 0.157375 0.706997
vn 0.680786 0.191537 0.706997
vn 0.693515 0.140197 0.706669
vn 0.693516 0.140199 0.706668
vn 0.698276 0.141161 0.701772
vn 0.574214 0.412838 0.706996
vn 0.552925 0.440942 0.706996
vn 0.578816 0.394632 0.713609
vn 0.621383 0.338389 0.706665
vn 0.621382 0.338382 0.706669
vn 0.651988 0.274837 0.706666
vn 0.651987 0.274834 0.706667
vn 0.670388 0.225242 0.706997
vn 0.658331 0.258371 0.706998
vn 0.676112 0.208555 0.706667
vn 0.676111 0.208550 0.706669
vn 0.680752 0.209982 0.701772
vn 0.536650 0.450302 0.713607
vn 0.530259 0.467953 0.706997
vn 0.506273 0.493805 0.706997
vn 0.584602 0.398578 0.706665
vn 0.584602 0.398571 0.706669
vn 0.621381 0.338388 0.706667
vn 0.621382 0.338391 0.706666
vn 0.584604 0.398572 0.706667
vn 0.644632 0.290871 0.706996
vn 0.629331 0.322645 0.706996
vn 0.656460 0.276723 0.701772
vn 0.651986 0.274834 0.706668
vn 0.651987 0.274837 0.706667
vn 0.489147 0.501497 0.713608
vn 0.481031 0.518424 0.706998
vn 0.454587 0.541761 0.706998
vn 0.542013 0.454804 0.706665
vn 0.542013 0.454802 0.706666
vn 0.584601 0.398573 0.706669
vn 0.612467 0.353609 0.706997
vn 0.594085 0.383690 0.706997
vn 0.621381 0.338390 0.706666
vn 0.625645 0.340709 0.701774
vn 0.621381 0.338387 0.706668
vn 0.436781 0.547709 0.713608
vn 0.427019 0.563746 0.706997
vn 0.398392 0.584327 0.706997
vn 0.494035 0.506510 0.706666
vn 0.494035 0.506509 0.706667
vn 0.542012 0.454800 0.706669
vn 0.542011 0.454803 0.706667
vn 0.574209 0.412839 0.706999
vn 0.552923 0.440941 0.706999
vn 0.588615 0.401308 0.701772
vn 0.584604 0.398575 0.706665
vn 0.584604 0.398573 0.706666
vn 0.380078 0.588474 0.713609
vn 0.368766 0.603461 0.706998
vn 0.338226 0.621094 0.706998
vn 0.441147 0.553183 0.706667
vn 0.441147 0.553184 0.706666
vn 0.494034 0.506509 0.706668
vn 0.494034 0.506510 0.706667
vn 0.530262 0.467950 0.706997
vn 0.506272 0.493805 0.706997
vn 0.545729 0.457920 0.701775
vn 0.542014 0.454801 0.706666
vn 0.542013 0.454803 0.706665
vn 0.319597 0.623396 0.713607
vn 0.306851 0.637181 0.706996
vn 0.274710 0.651683 0.706996
vn 0.383878 0.594357 0.706666
vn 0.383878 0.594358 0.706666
vn 0.441147 0.553182 0.706667
vn 0.441147 0.553182 0.706668
vn 0.481031 0.518427 0.706995
vn 0.454589 0.541763 0.706995
vn 0.494034 0.506510 0.706667
vn 0.497422 0.509986 0.701773
vn 0.494033 0.506512 0.706666
vn 0.241881 0.664566 0.706997
vn 0.208456 0.675796 0.706997
vn 0.255937 0.652119 0.713609
vn 0.322790 0.629626 0.706666
vn 0.322791 0.629625 0.706667
vn 0.383877 0.594356 0.706668
vn 0.383876 0.594357 0.706667
vn 0.441149 0.553184 0.706665
vn 0.444177 0.556974 0.701774
vn 0.427023 0.563743 0.706997
vn 0.398386 0.584332 0.706997
vn 0.441151 0.553180 0.706667
vn 0.189736 0.674361 0.713609
vn 0.174510 0.685347 0.706997
vn 0.140132 0.693194 0.706997
vn 0.258495 0.658637 0.706667
vn 0.258495 0.658636 0.706667
vn 0.191632 0.681102 0.706667
vn 0.322792 0.629624 0.706668
vn 0.322790 0.629626 0.706666
vn 0.383878 0.594359 0.706665
vn 0.383878 0.594359 0.706665
vn 0.368769 0.603460 0.706997
vn 0.338229 0.621092 0.706997
vn 0.386509 0.598434 0.701775
vn 0.121649 0.689902 0.713608
vn 0.105405 0.699318 0.706997
vn 0.070416 0.703702 0.706997
vn 0.122865 0.696797 0.706666
vn 0.191633 0.681102 0.706666
vn 0.258495 0.658637 0.706666
vn 0.258495 0.658637 0.706666
vn 0.322790 0.629628 0.706665
vn 0.322792 0.629624 0.706667
vn 0.306846 0.637181 0.706998
vn 0.274710 0.651682 0.706998
vn 0.325004 0.633945 0.701774
vn 0.052352 0.698586 0.713608
vn 0.035252 0.706337 0.706997
vn 0.000000 0.707216 0.706997
vn 0.122864 0.696797 0.706667
vn 0.191632 0.681102 0.706666
vn 0.191633 0.681101 0.706667
vn 0.258496 0.658636 0.706667
vn 0.241880 0.664566 0.706998
vn 0.208454 0.675797 0.706997
vn 0.258495 0.658637 0.706667
vn 0.260269 0.663155 0.701773
vn -0.035252 0.706337 0.706997
vn -0.070416 0.703702 0.706997
vn -0.017465 0.700327 0.713608
vn 0.052875 0.705568 0.706667
vn 0.052875 0.705568 0.706667
vn 0.122864 0.696797 0.706667
vn 0.122864 0.696797 0.706667
vn 0.122864 0.696798 0.706666
vn 0.174512 0.685347 0.706997
vn 0.140133 0.693194 0.706997
vn 0.191632 0.681102 0.706666
vn 0.191632 0.681102 0.706667
vn 0.192947 0.685773 0.701774
vn -0.105405 0.699317 0.706997
vn -0.140132 0.693194 0.706997
vn -0.087109 0.695108 0.713608
vn -0.017640 0.707327 0.706666
vn -0.017639 0.707327 0.706667
vn -0.087979 0.702055 0.706667
vn 0.052875 0.705568 0.706667
vn 0.052875 0.705568 0.706667
vn 0.105403 0.699317 0.706998
vn 0.070417 0.703702 0.706998
vn 0.122865 0.696798 0.706666
vn 0.123707 0.701577 0.701774
vn -0.174510 0.685347 0.706998
vn -0.208456 0.675796 0.706998
vn -0.155886 0.682981 0.713608
vn -0.087978 0.702056 0.706666
vn -0.157444 0.689808 0.706666
vn -0.017640 0.707326 0.706667
vn -0.017640 0.707326 0.706667
vn 0.035252 0.706337 0.706997
vn 0.000000 0.707216 0.706997
vn 0.053238 0.710408 0.701774
vn 0.052875 0.705568 0.706666
vn 0.052875 0.705569 0.706666
vn -0.017640 0.707327 0.706666
vn -0.241880 0.664566 0.706998
vn -0.274710 0.651681 0.706998
vn -0.223114 0.664066 0.713608
vn -0.157444 0.689808 0.706666
vn -0.087978 0.702055 0.706668
vn -0.087979 0.702055 0.706667
vn -0.035252 0.706337 0.706997
vn -0.070417 0.703702 0.706997
vn -0.017761 0.712179 0.701774
vn -0.017640 0.707327 0.706666
vn -0.306850 0.637180 0.706997
vn -0.338227 0.621094 0.706997
vn -0.288126 0.638551 0.713608
vn -0.225344 0.670703 0.706666
vn -0.225345 0.670704 0.706666
vn -0.157443 0.689806 0.706668
vn -0.157444 0.689806 0.706667
vn -0.087979 0.702056 0.706666
vn -0.105403 0.699318 0.706997
vn -0.140133 0.693194 0.706997
vn -0.088582 0.706871 0.701774
vn -0.087979 0.702056 0.706666
vn -0.368766 0.603460 0.706999
vn -0.398391 0.584326 0.706999
vn -0.350273 0.606689 0.713609
vn -0.291006 0.644933 0.706666
vn -0.291005 0.644933 0.706666
vn -0.353774 0.612753 0.706666
vn -0.225344 0.670702 0.706668
vn -0.225345 0.670702 0.706667
vn -0.157443 0.689807 0.706667
vn -0.158524 0.694539 0.701774
vn -0.174512 0.685347 0.706998
vn -0.208454 0.675797 0.706998
vn -0.157444 0.689807 0.706666
vn -0.408937 0.568801 0.713607
vn -0.427020 0.563747 0.706996
vn -0.454588 0.541762 0.706996
vn -0.353774 0.612753 0.706666
vn -0.291005 0.644933 0.706667
vn -0.291004 0.644932 0.706668
vn -0.225345 0.670703 0.706666
vn -0.226890 0.675303 0.701774
vn -0.241881 0.664567 0.706996
vn -0.274710 0.651683 0.706996
vn -0.225345 0.670703 0.706667
vn -0.481032 0.518426 0.706996
vn -0.506273 0.493806 0.706996
vn -0.463540 0.525256 0.713608
vn -0.413024 0.574485 0.706667
vn -0.413025 0.574485 0.706666
vn -0.468173 0.530505 0.706667
vn -0.353774 0.612753 0.706667
vn -0.353774 0.612753 0.706667
vn -0.306847 0.637182 0.706997
vn -0.338230 0.621093 0.706997
vn -0.293000 0.649357 0.701774
vn -0.291004 0.644934 0.706667
vn -0.291004 0.644934 0.706666
vn -0.530260 0.467954 0.706996
vn -0.552926 0.440943 0.706996
vn -0.513537 0.476492 0.713607
vn -0.468173 0.530504 0.706668
vn -0.413026 0.574484 0.706667
vn -0.413024 0.574484 0.706668
vn -0.356201 0.616956 0.701773
vn -0.368769 0.603460 0.706997
vn -0.398386 0.584332 0.706997
vn -0.353774 0.612753 0.706666
vn -0.353774 0.612753 0.706666
vn -0.574211 0.412837 0.706999
vn -0.594078 0.383697 0.706999
vn -0.558429 0.422991 0.713607
vn -0.518668 0.481253 0.706667
vn -0.518668 0.481253 0.706668
vn -0.468171 0.530506 0.706668
vn -0.468174 0.530505 0.706666
vn -0.427023 0.563742 0.706998
vn -0.454587 0.541761 0.706998
vn -0.413027 0.574485 0.706665
vn -0.415858 0.578426 0.701773
vn -0.413025 0.574485 0.706666
vn -0.597767 0.365288 0.713610
vn -0.612471 0.353603 0.706997
vn -0.629331 0.322643 0.706997
vn -0.564011 0.427219 0.706665
vn -0.603744 0.368941 0.706665
vn -0.564007 0.427220 0.706668
vn -0.518669 0.481254 0.706666
vn -0.518669 0.481255 0.706666
vn -0.481031 0.518426 0.706996
vn -0.506273 0.493806 0.706996
vn -0.471387 0.534143 0.701773
vn -0.468171 0.530506 0.706668
vn -0.468176 0.530505 0.706665
vn -0.644630 0.290871 0.706998
vn -0.658329 0.258374 0.706998
vn -0.631169 0.303956 0.713608
vn -0.603744 0.368940 0.706666
vn -0.564006 0.427220 0.706669
vn -0.564011 0.427218 0.706665
vn -0.530261 0.467949 0.706998
vn -0.552923 0.440942 0.706998
vn -0.522226 0.484557 0.701773
vn -0.518667 0.481254 0.706667
vn -0.518667 0.481254 0.706668
vn -0.658297 0.239599 0.713609
vn -0.670391 0.225235 0.706997
vn -0.680783 0.191545 0.706997
vn -0.637477 0.306994 0.706667
vn -0.637478 0.306993 0.706666
vn -0.603743 0.368939 0.706667
vn -0.603740 0.368941 0.706669
vn -0.574212 0.412841 0.706996
vn -0.594086 0.383691 0.706996
vn -0.567876 0.430150 0.701775
vn -0.564012 0.427218 0.706665
vn -0.564008 0.427219 0.706668
vn -0.689483 0.157373 0.706999
vn -0.696471 0.122804 0.706999
vn -0.678882 0.172865 0.713609
vn -0.664876 0.241995 0.706667
vn -0.664877 0.241994 0.706666
vn -0.685668 0.174593 0.706666
vn -0.637479 0.306991 0.706667
vn -0.637477 0.306992 0.706668
vn -0.603740 0.368941 0.706669
vn -0.612467 0.353609 0.706997
vn -0.629330 0.322645 0.706997
vn -0.607885 0.371468 0.701774
vn -0.603746 0.368938 0.706665
vn -0.701726 0.087940 0.706999
vn -0.705238 0.052847 0.706999
vn -0.699674 0.034920 0.713608
vn -0.692720 0.104410 0.713609
vn -0.685667 0.174590 0.706668
vn -0.664876 0.241995 0.706667
vn -0.664875 0.241996 0.706668
vn -0.637475 0.306992 0.706669
vn -0.641852 0.309100 0.701772
vn -0.637478 0.306991 0.706667
vn -0.644633 0.290871 0.706995
vn -0.658333 0.258372 0.706995
vn -0.706669 0.035269 0.706665
vn -0.706666 0.035264 0.706668
vn -0.699646 0.105454 0.706665
vn -0.699642 0.105459 0.706668
vn -0.685669 0.174590 0.706665
vn -0.685667 0.174592 0.706667
vn -0.664876 0.241997 0.706666
vn -0.685668 0.174592 0.706666
vn -0.669436 0.243658 0.701773
vn -0.670389 0.225242 0.706997
vn -0.680786 0.191537 0.706997
vn -0.664875 0.241998 0.706667
vn -0.699645 0.105454 0.706665
vn -0.706668 0.035269 0.706665
vn -0.706666 0.035269 0.706668
vn -0.699641 0.105458 0.706669
vn -0.706665 0.035264 0.706669
vn -0.685667 0.174589 0.706668
vn -0.690371 0.175787 0.701774
vn -0.689486 0.157376 0.706995
vn -0.696473 0.122809 0.706995
vn -0.699643 0.105454 0.706668
vn -0.706666 0.035270 0.706668
vn -0.699643 0.105454 0.706668
vn -0.704446 0.106178 0.701771
vn -0.701730 0.087935 0.706995
vn -0.705240 0.052852 0.706995
vn -0.711516 0.035512 0.701772
vn -0.706995 0.017635 0.706998
vn -0.706998 0.017634 0.706995
vn -0.705238 -0.052847 0.706999
vn -0.701726 -0.087940 0.706999
vn -0.699674 -0.034920 0.713608
vn -0.696471 -0.122804 0.706999
vn -0.689483 -0.157373 0.706999
vn -0.692720 -0.104410 0.713609
vn -0.706666 -0.035264 0.706668
vn -0.706669 -0.035269 0.706665
vn -0.680783 -0.191545 0.706997
vn -0.670391 -0.225235 0.706997
vn -0.678882 -0.172865 0.713609
vn -0.699643 -0.105454 0.706668
vn -0.699645 -0.105459 0.706664
vn -0.706668 -0.035269 0.706665
vn -0.706665 -0.035264 0.706669
vn -0.658329 -0.258374 0.706998
vn -0.644630 -0.290871 0.706998
vn -0.658297 -0.239599 0.713609
vn -0.685668 -0.174593 0.706666
vn -0.685667 -0.174590 0.706668
vn -0.699644 -0.105459 0.706666
vn -0.699642 -0.105454 0.706669
vn -0.706666 -0.035270 0.706668
vn -0.705240 -0.052852 0.706995
vn -0.701730 -0.087935 0.706995
vn -0.706666 -0.035269 0.706668
vn -0.711516 -0.035512 0.701772
vn -0.629331 -0.322643 0.706997
vn -0.631169 -0.303956 0.713608
vn -0.612471 -0.353603 0.706997
vn -0.664876 -0.241994 0.706667
vn -0.664877 -0.241995 0.706666
vn -0.685669 -0.174593 0.706665
vn -0.685668 -0.174590 0.706667
vn -0.699643 -0.105454 0.706668
vn -0.696473 -0.122809 0.706995
vn -0.689486 -0.157376 0.706995
vn -0.699643 -0.105454 0.706668
vn -0.704446 -0.106178 0.701771
vn -0.594078 -0.383697 0.706999
vn -0.574211 -0.412837 0.706999
vn -0.597767 -0.365288 0.713610
vn -0.637477 -0.306992 0.706667
vn -0.637478 -0.306995 0.706666
vn -0.664875 -0.241995 0.706668
vn -0.664876 -0.241996 0.706667
vn -0.685667 -0.174589 0.706668
vn -0.680786 -0.191537 0.706997
vn -0.670389 -0.225242 0.706997
vn -0.690371 -0.175787 0.701774
vn -0.685668 -0.174592 0.706666
vn -0.552926 -0.440943 0.706996
vn -0.530260 -0.467954 0.706996
vn -0.558429 -0.422991 0.713607
vn -0.603744 -0.368940 0.706666
vn -0.603744 -0.368941 0.706665
vn -0.637478 -0.306993 0.706667
vn -0.637477 -0.306990 0.706668
vn -0.664876 -0.241998 0.706666
vn -0.658333 -0.258372 0.706995
vn -0.644633 -0.290871 0.706995
vn -0.664876 -0.241996 0.706667
vn -0.669436 -0.243658 0.701773
vn -0.506273 -0.493806 0.706996
vn -0.481032 -0.518426 0.706996
vn -0.513537 -0.476492 0.713607
vn -0.564009 -0.427222 0.706665
vn -0.564009 -0.427218 0.706668
vn -0.603742 -0.368942 0.706667
vn -0.603741 -0.368938 0.706669
vn -0.637477 -0.306990 0.706669
vn -0.629330 -0.322645 0.706997
vn -0.612467 -0.353609 0.706997
vn -0.637477 -0.306993 0.706667
vn -0.641852 -0.309100 0.701772
vn -0.463540 -0.525256 0.713608
vn -0.454588 -0.541762 0.706996
vn -0.427020 -0.563747 0.706996
vn -0.518668 -0.481253 0.706667
vn -0.518668 -0.481253 0.706668
vn -0.564008 -0.427221 0.706666
vn -0.564009 -0.427216 0.706669
vn -0.564012 -0.427218 0.706665
vn -0.607885 -0.371468 0.701774
vn -0.594086 -0.383691 0.706996
vn -0.574212 -0.412841 0.706996
vn -0.603743 -0.368943 0.706665
vn -0.603743 -0.368937 0.706669
vn -0.398391 -0.584326 0.706999
vn -0.368766 -0.603460 0.706999
vn -0.408937 -0.568801 0.713607
vn -0.468173 -0.530504 0.706668
vn -0.468173 -0.530505 0.706667
vn -0.518669 -0.481254 0.706666
vn -0.518669 -0.481255 0.706666
vn -0.567876 -0.430150 0.701775
vn -0.552923 -0.440942 0.706998
vn -0.530261 -0.467949 0.706998
vn -0.564008 -0.427219 0.706668
vn -0.338227 -0.621094 0.706997
vn -0.306850 -0.637180 0.706997
vn -0.350273 -0.606689 0.713609
vn -0.413024 -0.574486 0.706666
vn -0.413025 -0.574484 0.706667
vn -0.468173 -0.530504 0.706668
vn -0.468172 -0.530507 0.706666
vn -0.518667 -0.481254 0.706667
vn -0.522226 -0.484557 0.701773
vn -0.506273 -0.493806 0.706996
vn -0.481031 -0.518426 0.706996
vn -0.518667 -0.481253 0.706668
vn -0.274710 -0.651681 0.706998
vn -0.241880 -0.664566 0.706998
vn -0.288126 -0.638551 0.713608
vn -0.291006 -0.644933 0.706666
vn -0.353774 -0.612753 0.706666
vn -0.353774 -0.612753 0.706666
vn -0.413025 -0.574485 0.706667
vn -0.413026 -0.574483 0.706668
vn -0.353774 -0.612753 0.706667
vn -0.468174 -0.530503 0.706668
vn -0.471387 -0.534143 0.701773
vn -0.454587 -0.541761 0.706998
vn -0.427023 -0.563742 0.706998
vn -0.468173 -0.530508 0.706665
vn -0.208456 -0.675796 0.706998
vn -0.223114 -0.664066 0.713608
vn -0.174510 -0.685347 0.706998
vn -0.291005 -0.644933 0.706666
vn -0.353774 -0.612753 0.706667
vn -0.398386 -0.584332 0.706997
vn -0.368769 -0.603460 0.706997
vn -0.413026 -0.574486 0.706665
vn -0.415858 -0.578426 0.701773
vn -0.413027 -0.574484 0.706666
vn -0.140132 -0.693194 0.706997
vn -0.105405 -0.699317 0.706997
vn -0.155886 -0.682981 0.713608
vn -0.225345 -0.670703 0.706666
vn -0.225344 -0.670704 0.706666
vn -0.291004 -0.644933 0.706667
vn -0.225344 -0.670702 0.706668
vn -0.291005 -0.644932 0.706668
vn -0.338230 -0.621093 0.706997
vn -0.306847 -0.637182 0.706997
vn -0.356201 -0.616956 0.701773
vn -0.353774 -0.612753 0.706666
vn -0.353774 -0.612753 0.706666
vn -0.070416 -0.703702 0.706997
vn -0.035252 -0.706337 0.706997
vn -0.087109 -0.695108 0.713608
vn -0.157444 -0.689808 0.706666
vn -0.157444 -0.689808 0.706666
vn -0.225345 -0.670702 0.706667
vn -0.157444 -0.689806 0.706667
vn -0.291004 -0.644934 0.706666
vn -0.293000 -0.649357 0.701774
vn -0.274710 -0.651683 0.706996
vn -0.241881 -0.664567 0.706996
vn -0.291004 -0.644933 0.706666
vn 0.000000 -0.707216 0.706997
vn 0.035252 -0.706337 0.706997
vn -0.017465 -0.700327 0.713608
vn -0.087979 -0.702055 0.706667
vn -0.087978 -0.702056 0.706666
vn -0.157443 -0.689806 0.706668
vn -0.226890 -0.675303 0.701774
vn -0.225345 -0.670702 0.706667
vn -0.208454 -0.675797 0.706998
vn -0.174512 -0.685347 0.706998
vn -0.225345 -0.670703 0.706666
vn 0.070416 -0.703702 0.706997
vn 0.105405 -0.699318 0.706997
vn 0.052352 -0.698586 0.713608
vn 0.052875 -0.705568 0.706667
vn -0.017639 -0.707327 0.706666
vn -0.017640 -0.707327 0.706667
vn -0.087979 -0.702055 0.706668
vn -0.087978 -0.702055 0.706667
vn -0.158524 -0.694539 0.701774
vn -0.157443 -0.689807 0.706666
vn -0.140133 -0.693194 0.706997
vn -0.105403 -0.699318 0.706997
vn -0.157444 -0.689807 0.706667
vn 0.140132 -0.693194 0.706997
vn 0.174510 -0.685347 0.706997
vn 0.121649 -0.689902 0.713608
vn 0.052875 -0.705568 0.706667
vn -0.017640 -0.707326 0.706667
vn -0.017640 -0.707326 0.706667
vn -0.087979 -0.702056 0.706666
vn -0.087979 -0.702056 0.706666
vn -0.088582 -0.706871 0.701774
vn -0.070417 -0.703702 0.706997
vn -0.035252 -0.706337 0.706997
vn 0.189736 -0.674361 0.713609
vn 0.208456 -0.675796 0.706997
vn 0.241881 -0.664566 0.706997
vn 0.122864 -0.696797 0.706667
vn 0.122865 -0.696797 0.706666
vn 0.191632 -0.681102 0.706666
vn 0.052875 -0.705568 0.706667
vn 0.052875 -0.705568 0.706667
vn -0.017761 -0.712179 0.701774
vn -0.017640 -0.707327 0.706666
vn 0.000000 -0.707216 0.706997
vn 0.035252 -0.706337 0.706997
vn -0.017640 -0.707327 0.706666
vn 0.274710 -0.651683 0.706996
vn 0.306851 -0.637181 0.706996
vn 0.255937 -0.652119 0.713609
vn 0.191633 -0.681102 0.706667
vn 0.122864 -0.696797 0.706667
vn 0.122864 -0.696797 0.706667
vn 0.122864 -0.696798 0.706666
vn 0.052875 -0.705569 0.706666
vn 0.052875 -0.705569 0.706666
vn 0.070417 -0.703702 0.706998
vn 0.105403 -0.699317 0.706998
vn 0.053238 -0.710408 0.701774
vn 0.338226 -0.621094 0.706998
vn 0.368766 -0.603461 0.706998
vn 0.319597 -0.623396 0.713607
vn 0.258495 -0.658637 0.706667
vn 0.322791 -0.629625 0.706667
vn 0.258495 -0.658637 0.706667
vn 0.191632 -0.681101 0.706667
vn 0.191633 -0.681102 0.706666
vn 0.140133 -0.693194 0.706997
vn 0.174512 -0.685347 0.706997
vn 0.122865 -0.696798 0.706666
vn 0.123707 -0.701577 0.701774
vn 0.398392 -0.584327 0.706997
vn 0.427019 -0.563746 0.706997
vn 0.380078 -0.588474 0.713609
vn 0.383878 -0.594357 0.706666
vn 0.322790 -0.629626 0.706666
vn 0.258495 -0.658637 0.706666
vn 0.258495 -0.658637 0.706666
vn 0.258495 -0.658637 0.706667
vn 0.191632 -0.681102 0.706667
vn 0.208454 -0.675797 0.706997
vn 0.241880 -0.664566 0.706998
vn 0.192947 -0.685773 0.701774
vn 0.191632 -0.681102 0.706666
vn 0.436781 -0.547709 0.713608
vn 0.454587 -0.541761 0.706998
vn 0.481031 -0.518424 0.706998
vn 0.383878 -0.594358 0.706666
vn 0.322790 -0.629625 0.706668
vn 0.322793 -0.629625 0.706666
vn 0.260269 -0.663155 0.701773
vn 0.258496 -0.658636 0.706667
vn 0.274710 -0.651682 0.706998
vn 0.306846 -0.637181 0.706998
vn 0.489147 -0.501497 0.713608
vn 0.506273 -0.493805 0.706997
vn 0.530259 -0.467953 0.706997
vn 0.441148 -0.553183 0.706666
vn 0.441147 -0.553183 0.706667
vn 0.441147 -0.553182 0.706667
vn 0.383876 -0.594357 0.706668
vn 0.383877 -0.594357 0.706667
vn 0.383878 -0.594359 0.706665
vn 0.325004 -0.633945 0.701773
vn 0.322793 -0.629626 0.706665
vn 0.322789 -0.629626 0.706667
vn 0.338229 -0.621092 0.706997
vn 0.368769 -0.603460 0.706997
vn 0.552925 -0.440942 0.706996
vn 0.574214 -0.412838 0.706996
vn 0.536650 -0.450302 0.713607
vn 0.494035 -0.506509 0.706666
vn 0.494035 -0.506510 0.706667
vn 0.441147 -0.553182 0.706668
vn 0.383878 -0.594359 0.706665
vn 0.398386 -0.584332 0.706997
vn 0.427023 -0.563743 0.706997
vn 0.386509 -0.598434 0.701775
vn 0.578816 -0.394632 0.713609
vn 0.594080 -0.383698 0.706997
vn 0.612470 -0.353603 0.706997
vn 0.542013 -0.454803 0.706665
vn 0.707107 0.000000 0.707107
vn 0.707107 -0.000000 0.707107
vn 0.000000 0.707107 0.707107
vn 0.000000 0.707107 0.707107
vn 0.000000 -0.707107 0.707107
vn 0.000000 -0.707107 0.707107
vn -0.707107 0.000000 0.707107
vn -0.707107 0.000000 0.707107
vn 0.000000 1.000000 0.000000
vn 0.000000 1.000000 -0.000000
vn 1.000000 0.000000 0.000000
vn 1.000000 0.000000 0.000000
vn 0.000000 -1.000000 0.000000
vn 0.000000 -1.000000 0.000000
vn 0.000000 -0.000000 1.000000
vn 0.000000 0.000000 1.000000
vn 0.000000 0.000000 1.000000
vn 0.000000 0.000000 1.000000
vn 0.542012 -0.454803 0.706666
vn 0.494034 -0.506509 0.706667
vn 0.494033 -0.506510 0.706668
vn 0.542011 -0.454803 0.706667
vn 0.441147 -0.553182 0.706667
vn 0.441152 -0.553182 0.706664
vn 0.454589 -0.541763 0.706995
vn 0.481031 -0.518427 0.706995
vn 0.444177 -0.556974 0.701774
vn 0.615236 -0.335035 0.713607
vn 0.629329 -0.322641 0.706999
vn 0.644629 -0.290871 0.706999
vn -0.706995 -0.017635 0.706998
vn 0.584606 -0.398573 0.706665
vn 0.584599 -0.398575 0.706669
vn 0.542012 -0.454800 0.706669
vn 0.497422 -0.509986 0.701773
vn 0.494034 -0.506511 0.706666
vn 0.494033 -0.506511 0.706667
vn 0.506272 -0.493805 0.706997
vn 0.530262 -0.467950 0.706997
vn 0.645533 -0.272118 0.713610
vn 0.658329 -0.258375 0.706997
vn 0.670391 -0.225235 0.706997
vn 0.621379 -0.338387 0.706669
vn 0.621386 -0.338384 0.706665
vn 0.584601 -0.398573 0.706669
vn 0.584604 -0.398572 0.706667
vn 0.621381 -0.338388 0.706667
vn -0.706998 -0.017634 0.706995
vn 0.542013 -0.454802 0.706666
vn 0.545729 -0.457920 0.701775
vn 0.552923 -0.440941 0.706999
vn 0.574209 -0.412839 0.706999
vn 0.542014 -0.454802 0.706665
vn 0.669423 -0.206489 0.713607
vn 0.680783 -0.191545 0.706997
vn 0.689485 -0.157373 0.706997
vn 0.651986 -0.274839 0.706667
vn 0.651988 -0.274837 0.706665
vn 0.621382 -0.338391 0.706666
vn 0.584605 -0.398574 0.706665
vn 0.584603 -0.398575 0.706666
vn 0.588615 -0.401308 0.701772
vn 0.594085 -0.383690 0.706997
vn 0.612467 -0.353609 0.706997
vn 0.686654 -0.138807 0.713610
vn 0.696471 -0.122804 0.706999
vn 0.701726 -0.087939 0.706999
vn 0.676112 -0.208554 0.706667
vn 0.676113 -0.208553 0.706666
vn 0.651989 -0.274835 0.706666
vn 0.651986 -0.274837 0.706667
vn 0.621380 -0.338390 0.706668
vn 0.621383 -0.338388 0.706666
vn 0.625645 -0.340709 0.701774
vn 0.629331 -0.322645 0.706996
vn 0.644632 -0.290871 0.706996
vn 0.697062 -0.069754 0.713610
vn 0.705240 -0.052847 0.706996
vn 0.706997 -0.017635 0.706996
vn 0.693520 -0.140195 0.706665
vn 0.693519 -0.140196 0.706666
vn 0.676112 -0.208554 0.706667
vn 0.676111 -0.208554 0.706667
vn 0.693518 -0.140196 0.706667
vn 0.651985 -0.274836 0.706668
vn 0.651988 -0.274835 0.706667
vn 0.656460 -0.276723 0.701772
vn 0.658331 -0.258371 0.706998
vn 0.670388 -0.225242 0.706997
vn 0.700544 -0.000000 0.713609
vn 0.706997 0.017635 0.706996
vn 0.705240 0.052847 0.706996
vn 0.704032 -0.070451 0.706665
vn 0.704032 -0.070452 0.706665
vn 0.693519 -0.140198 0.706666
vn 0.704031 -0.070451 0.706666
vn 0.676109 -0.208554 0.706669
vn 0.676113 -0.208551 0.706667
vn 0.693515 -0.140197 0.706669
vn 0.680752 -0.209982 0.701772
vn 0.680786 -0.191537 0.706997
vn 0.689484 -0.157375 0.706997
vn 0.697062 0.069754 0.713610
vn 0.701726 0.087939 0.706999
vn 0.696471 0.122804 0.706999
vn 0.707548 0.000000 0.706665
vn 0.707548 -0.000000 0.706666
vn 0.704028 -0.070445 0.706670
vn 0.693516 -0.140199 0.706668
vn 0.698276 -0.141161 0.701772
vn 0.696473 -0.122809 0.706996
vn 0.701730 -0.087935 0.706996
vn 0.689485 0.157373 0.706997
vn 0.680783 0.191545 0.706997
vn 0.686654 0.138807 0.713610
vn 0.704032 0.070451 0.706665
vn 0.704032 0.070452 0.706665
vn 0.707543 0.000000 0.706670
vn 0.707544 -0.000000 0.706670
vn 0.704029 -0.070449 0.706668
vn 0.704032 -0.070445 0.706666
vn 0.708860 -0.070933 0.701773
vn 0.705240 -0.052852 0.706996
vn 0.706997 -0.017634 0.706996
vn 0.669423 0.206489 0.713607
vn 0.670391 0.225235 0.706997
vn 0.658329 0.258375 0.706997
vn 0.693519 0.140195 0.706666
vn 0.693520 0.140196 0.706665
vn 0.693519 0.140196 0.706666
vn 0.704031 0.070451 0.706666
vn 0.704028 0.070445 0.706670
vn 0.712401 -0.000000 0.701772
vn 0.707548 -0.000000 0.706666
vn 0.707548 0.000000 0.706666
vn 0.706997 0.017634 0.706996
vn 0.705240 0.052852 0.706996
vn 0.644629 0.290871 0.706999
vn 0.629329 0.322641 0.706999
vn 0.645533 0.272118 0.713610
vn 0.676113 0.208554 0.706666
vn 0.676112 0.208553 0.706667
vn 0.693518 0.140198 0.706667
vn 0.708860 0.070933 0.701773
vn 0.701730 0.087935 0.706996
vn 0.696473 0.122809 0.706996
vn 0.704030 0.070445 0.706668
vn 0.704032 0.070449 0.706666
vn 0.612470 0.353603 0.706997
vn 0.615236 0.335035 0.713607
vn 0.594080 0.383698 0.706997
vn 0.651987 0.274839 0.706665
vn 0.651987 0.274837 0.706667
vn 0.676112 0.208555 0.706667
vn 0.676111 0.208553 0.706667
vn 0.689484 0.157375 0.706997
vn 0.680786 0.191537 0.706997
vn 0.693515 0.140197 0.706669
vn 0.693516 0.140199 0.706668
vn 0.698276 0.141161 0.701772
vn 0.574214 0.412838 0.706996
vn 0.552925 0.440942 0.706996
vn 0.578816 0.394632 0.713609
vn 0.621383 0.338389 0.706665
vn 0.621382 0.338382 0.706669
vn 0.651988 0.274837 0.706666
vn 0.651987 0.274834 0.706667
vn 0.670388 0.225242 0.706997
vn 0.658331 0.258371 0.706998
vn 0.676112 0.208555 0.706667
vn 0.676111 0.208550 0.706669
vn 0.680752 0.209982 0.701772
vn 0.536650 0.450302 0.713607
vn 0.530259 0.467953 0.706997
vn 0.506273 0.493805 0.706997
vn 0.584602 0.398578 0.706665
vn 0.584602 0.398571 0.706669
vn 0.621381 0.338388 0.706667
vn 0.621382 0.338391 0.706666
vn 0.584604 0.398572 0.706667
vn 0.644632 0.290871 0.706996
vn 0.629331 0.322645 0.706996
vn 0.656460 0.276723 0.701772
vn 0.651986 0.274834 0.706668
vn 0.651987 0.274837 0.706667
vn 0.489147 0.501497 0.713608
vn 0.481031 0.518424 0.706998
vn 0.454587 0.541761 0.706998
vn 0.542013 0.454804 0.706665
vn 0.542013 0.454802 0.706666
vn 0.584601 0.398573 0.706669
vn 0.612467 0.353609 0.706997
vn 0.594085 0.383690 0.706997
vn 0.621381 0.338390 0.706666
vn 0.625645 0.340709 0.701774
vn 0.621381 0.338387 0.706668
vn 0.436781 0.547709 0.713608
vn 0.427019 0.563746 0.706997
vn 0.398392 0.584327 0.706997
vn 0.494035 0.506510 0.706666
vn 0.494035 0.506509 0.706667
vn 0.542012 0.454800 0.706669
vn 0.542011 0.454803 0.706667
vn 0.574209 0.412839 0.706999
vn 0.552923 0.440941 0.706999
vn 0.588615 0.401308 0.701772
vn 0.584604 0.398575 0.706665
vn 0.584604 0.398573 0.706666
vn 0.380078 0.588474 0.713609
vn 0.368766 0.603461 0.706998
vn 0.338226 0.621094 0.706998
vn 0.441147 0.553183 0.706667
vn 0.441147 0.553184 0.706666
vn 0.494034 0.506509 0.706668
vn 0.494034 0.506510 0.706667
vn 0.530262 0.467950 0.706997
vn 0.506272 0.493805 0.706997
vn 0.545729 0.457920 0.701775
vn 0.542014 0.454801 0.706666
vn 0.542013 0.454803 0.706665
vn 0.319597 0.623396 0.713607
vn 0.306851 0.637181 0.706996
vn 0.274710 0.651683 0.706996
vn 0.383878 0.594357 0.706666
vn 0.383878 0.594358 0.706666
vn 0.441147 0.553182 0.706667
vn 0.441147 0.553182 0.706668
vn 0.481031 0.518427 0.706995
vn 0.454589 0.541763 0.706995
vn 0.494034 0.506510 0.706667
vn 0.497422 0.509986 0.701773
vn 0.494033 0.506512 0.706666
vn 0.241881 0.664566 0.706997
vn 0.208456 0.675796 0.706997
vn 0.255937 0.652119 0.713609
vn 0.322790 0.629626 0.706666
vn 0.322791 0.629625 0.706667
vn 0.383877 0.594356 0.706668
vn 0.383876 0.594357 0.706667
vn 0.441149 0.553184 0.706665
vn 0.444177 0.556974 0.701774
vn 0.427023 0.563743 0.706997
vn 0.398386 0.584332 0.706997
vn 0.441151 0.553180 0.706667
vn 0.189736 0.674361 0.713609
vn 0.174510 0.685347 0.706997
vn 0.140132 0.693194 0.706997
vn 0.258495 0.658637 0.706667
vn 0.258495 0.658636 0.706667
vn 0.191632 0.681102 0.706667
vn 0.322792 0.629624 0.706668
vn 0.322790 0.629626 0.706666
vn 0.383878 0.594359 0.706665
vn 0.383878 0.594359 0.706665
vn 0.368769 0.603460 0.706997
vn 0.338229 0.621092 0.706997
vn 0.386509 0.598434 0.701775
vn 0.121649 0.689902 0.713608
vn 0.105405 0.699318 0.706997
vn 0.070416 0.703702 0.706997
vn 0.122865 0.696797 0.706666
vn 0.191633 0.681102 0.706666
vn 0.258495 0.658637 0.706666
vn 0.258495 0.658637 0.706666
vn 0.322790 0.629628 0.706665
vn 0.322792 0.629624 0.706667
vn 0.306846 0.637181 0.706998
vn 0.274710 0.651682 0.706998
vn 0.325004 0.633945 0.701774
vn 0.052352 0.698586 0.713608
vn 0.035252 0.706337 0.706997
vn 0.000000 0.707216 0.706997
vn 0.122864 0.696797 0.706667
vn 0.191632 0.681102 0.706666
vn 0.191633 0.681101 0.706667
vn 0.258496 0.658636 0.706667
vn 0.241880 0.664566 0.706998
vn 0.208454 0.675797 0.706997
vn 0.258495 0.658637 0.706667
vn 0.260269 0.663155 0.701773
vn -0.035252 0.706337 0.706997
vn -0.070416 0.703702 0.706997
vn -0.017465 0.700327 0.713608
vn 0.052875 0.705568 0.706667
vn 0.052875 0.705568 0.706667
vn 0.122864 0.696797 0.706667
vn 0.122864 0.696797 0.706667
vn 0.122864 0.696798 0.706666
vn 0.174512 0.685347 0.706997
vn 0.140133 0.693194 0.706997
vn 0.191632 0.681102 0.706666
vn 0.191632 0.681102 0.706667
vn 0.192947 0.685773 0.701774
vn -0.105405 0.699317 0.706997
vn -0.140132 0.693194 0.706997
vn -0.087109 0.695108 0.713608
vn -0.017640 0.707327 0.706666
vn -0.017639 0.707327 0.706667
vn -0.087979 0.702055 0.706667
vn 0.052875 0.705568 0.706667
vn 0.052875 0.705568 0.706667
vn 0.105403 0.699317 0.706998
vn 0.070417 0.703702 0.706998
vn 0.122865 0.696798 0.706666
vn 0.123707 0.701577 0.701774
vn -0.174510 0.685347 0.706998
vn -0.208456 0.675796 0.706998
vn -0.155886 0.682981 0.713608
vn -0.087978 0.702056 0.706666
vn -0.157444 0.689808 0.706666
vn -0.017640 0.707326 0.706667
vn -0.017640 0.707326 0.706667
vn 0.035252 0.706337 0.706997
vn 0.000000 0.707216 0.706997
vn 0.053238 0.710408 0.701774
vn 0.052875 0.705568 0.706666
vn 0.052875 0.705569 0.706666
vn -0.017640 0.707327 0.706666
vn -0.241880 0.664566 0.706998
vn -0.274710 0.651681 0.706998
vn -0.223114 0.664066 0.713608
vn -0.157444 0.689808 0.706666
vn -0.087978 0.702055 0.706668
vn -0.087979 0.702055 0.706667
vn -0.035252 0.706337 0.706997
vn -0.070417 0.703702 0.706997
vn -0.017761 0.712179 0.701774
vn -0.017640 0.707327 0.706666
vn -0.306850 0.637180 0.706997
vn -0.338227 0.621094 0.706997
vn -0.288126 0.638551 0.713608
vn -0.225344 0.670703 0.706666
vn -0.225345 0.670704 0.706666
vn -0.157443 0.689806 0.706668
vn -0.157444 0.689806 0.706667
vn -0.087979 0.702056 0.706666
vn -0.105403 0.699318 0.706997
vn -0.140133 0.693194 0.706997
vn -0.088582 0.706871 0.701774
vn -0.087979 0.702056 0.706666
vn -0.368766 0.603460 0.706999
vn -0.398391 0.584326 0.706999
vn -0.350273 0.606689 0.713609
vn -0.291006 0.644933 0.706666
vn -0.291005 0.644933 0.706666
vn -0.353774 0.612753 0.706666
vn -0.225344 0.670702 0.706668
vn -0.225345 0.670702 0.706667
vn -0.157443 0.689807 0.706667
vn -0.158524 0.694539 0.701774
vn -0.174512 0.685347 0.706998
vn -0.208454 0.675797 0.706998
vn -0.157444 0.689807 0.706666
vn -0.408937 0.568801 0.713607
vn -0.427020 0.563747 0.706996
vn -0.454588 0.541762 0.706996
vn -0.353774 0.612753 0.706666
vn -0.291005 0.644933 0.706667
vn -0.291004 0.644932 0.706668
vn -0.225345 0.670703 0.706666
vn -0.226890 0.675303 0.701774
vn -0.241881 0.664567 0.706996
vn -0.274710 0.651683 0.706996
vn -0.225345 0.670703 0.706667
vn -0.481032 0.518426 0.706996
vn -0.506273 0.493806 0.706996
vn -0.463540 0.525256 0.713608
vn -0.413024 0.574485 0.706667
vn -0.413025 0.574485 0.706666
vn -0.468173 0.530505 0.706667
vn -0.353774 0.612753 0.706667
vn -0.353774 0.612753 0.706667
vn -0.306847 0.637182 0.706997
vn -0.338230 0.621093 0.706997
vn -0.293000 0.649357 0.701774
vn -0.291004 0.644934 0.706667
vn -0.291004 0.644934 0.706666
vn -0.530260 0.467954 0.706996
vn -0.552926 0.440943 0.706996
vn -0.513537 0.476492 0.713607
vn -0.468173 0.530504 0.706668
vn -0.413026 0.574484 0.706667
vn -0.413024 0.574484 0.706668
vn -0.356201 0.616956 0.701773
vn -0.368769 0.603460 0.706997
vn -0.398386 0.584332 0.706997
vn -0.353774 0.612753 0.706666
vn -0.353774 0.612753 0.706666
vn -0.574211 0.412837 0.706999
vn -0.594078 0.383697 0.706999
vn -0.558429 0.422991 0.713607
vn -0.518668 0.481253 0.706667
vn -0.518668 0.481253 0.706668
vn -0.468171 0.530506 0.706668
vn -0.468174 0.530505 0.706666
vn -0.427023 0.563742 0.706998
vn -0.454587 0.541761 0.706998
vn -0.413027 0.574485 0.706665
vn -0.415858 0.578426 0.701773
vn -0.413025 0.574485 0.706666
vn -0.597767 0.365288 0.713610
vn -0.612471 0.353603 0.706997
vn -0.629331 0.322643 0.706997
vn -0.564011 0.427219 0.706665
vn -0.603744 0.368941 0.706665
vn -0.564007 0.427220 0.706668
vn -0.518669 0.481254 0.706666
vn -0.518669 0.481255 0.706666
vn -0.481031 0.518426 0.706996
vn -0.506273 0.493806 0.706996
vn -0.471387 0.534143 0.701773
vn -0.468171 0.530506 0.706668
vn -0.468176 0.530505 0.706665
vn -0.644630 0.290871 0.706998
vn -0.658329 0.258374 0.706998
vn -0.631169 0.303956 0.713608
vn -0.603744 0.368940 0.706666
vn -0.564006 0.427220 0.706669
vn -0.564011 0.427218 0.706665
vn -0.530261 0.467949 0.706998
vn -0.552923 0.440942 0.706998
vn -0.522226 0.484557 0.701773
vn -0.518667 0.481254 0.706667
vn -0.518667 0.481254 0.706668
vn -0.658297 0.239599 0.713609
vn -0.670391 0.225235 0.706997
vn -0.680783 0.191545 0.706997
vn -0.637477 0.306994 0.706667
vn -0.637478 0.306993 0.706666
vn -0.603743 0.368939 0.706667
vn -0.603740 0.368941 0.706669
vn -0.574212 0.412841 0.706996
vn -0.594086 0.383691 0.706996
vn -0.567876 0.430150 0.701775
vn -0.564012 0.427218 0.706665
vn -0.564008 0.427219 0.706668
vn -0.689483 0.157373 0.706999
vn -0.696471 0.122804 0.706999
vn -0.678882 0.172865 0.713609
vn -0.664876 0.241995 0.706667
vn -0.664877 0.241994 0.706666
vn -0.685668 0.174593 0.706666
vn -0.637479 0.306991 0.706667
vn -0.637477 0.306992 0.706668
vn -0.603740 0.368941 0.706669
vn -0.612467 0.353609 0.706997
vn -0.629330 0.322645 0.706997
vn -0.607885 0.371468 0.701774
vn -0.603746 0.368938 0.706665
vn -0.701726 0.087940 0.706999
vn -0.705238 0.052847 0.706999
vn -0.699674 0.034920 0.713608
vn -0.692720 0.104410 0.713609
vn -0.685667 0.174590 0.706668
vn -0.664876 0.241995 0.706667
vn -0.664875 0.241996 0.706668
vn -0.637475 0.306992 0.706669
vn -0.641852 0.309100 0.701772
vn -0.637478 0.306991 0.706667
vn -0.644633 0.290871 0.706995
vn -0.658333 0.258372 0.706995
vn -0.706669 0.035269 0.706665
vn -0.706666 0.035264 0.706668
vn -0.699646 0.105454 0.706665
vn -0.699642 0.105459 0.706668
vn -0.685669 0.174590 0.706665
vn -0.685667 0.174592 0.706667
vn -0.664876 0.241997 0.706666
vn -0.685668 0.174592 0.706666
vn -0.669436 0.243658 0.701773
vn -0.670389 0.225242 0.706997
vn -0.680786 0.191537 0.706997
vn -0.664875 0.241998 0.706667
vn -0.699645 0.105454 0.706665
vn -0.706668 0.035269 0.706665
vn -0.706666 0.035269 0.706668
vn -0.699641 0.105458 0.706669
vn -0.706665 0.035264 0.706669
vn -0.685667 0.174589 0.706668
vn -0.690371 0.175787 0.701774
vn -0.689486 0.157376 0.706995
vn -0.696473 0.122809 0.706995
vn -0.699643 0.105454 0.706668
vn -0.706666 0.035270 0.706668
vn -0.699643 0.105454 0.706668
vn -0.704446 0.106178 0.701771
vn -0.701730 0.087935 0.706995
vn -0.705240 0.052852 0.706995
vn -0.711516 0.035512 0.701772
vn -0.706995 0.017635 0.706998
vn -0.706998 0.017634 0.706995
vn -0.705238 -0.052847 0.706999
vn -0.701726 -0.087940 0.706999
vn -0.699674 -0.034920 0.713608
vn -0.696471 -0.122804 0.706999
vn -0.689483 -0.157373 0.706999
vn -0.692720 -0.104410 0.713609
vn -0.706666 -0.035264 0.706668
vn -0.706669 -0.035269 0.706665
vn -0.680783 -0.191545 0.706997
vn -0.670391 -0.225235 0.706997
vn -0.678882 -0.172865 0.713609
vn -0.699643 -0.105454 0.706668
vn -0.699645 -0.105459 0.706664
vn -0.706668 -0.035269 0.706665
vn -0.706665 -0.035264 0.706669
vn -0.658329 -0.258374 0.706998
vn -0.644630 -0.290871 0.706998
vn -0.658297 -0.239599 0.713609
vn -0.685668 -0.174593 0.706666
vn -0.685667 -0.174590 0.706668
vn -0.699644 -0.105459 0.706666
vn -0.699642 -0.105454 0.706669
vn -0.706666 -0.035270 0.706668
vn -0.705240 -0.052852 0.706995
vn -0.701730 -0.087935 0.706995
vn -0.706666 -0.035269 0.706668
vn -0.711516 -0.035512 0.701772
vn -0.629331 -0.322643 0.706997
vn -0.631169 -0.303956 0.713608
vn -0.612471 -0.353603 0.706997
vn -0.664876 -0.241994 0.706667
vn -0.664877 -0.241995 0.706666
vn -0.685669 -0.174593 0.706665
vn -0.685668 -0.174590 0.706667
vn -0.699643 -0.105454 0.706668
vn -0.696473 -0.122809 0.706995
vn -0.689486 -0.157376 0.706995
vn -0.699643 -0.105454 0.706668
vn -0.704446 -0.106178 0.701771
vn -0.594078 -0.383697 0.706999
vn -0.574211 -0.412837 0.706999
vn -0.597767 -0.365288 0.713610
vn -0.637477 -0.306992 0.706667
vn -0.637478 -0.306995 0.706666
vn -0.664875 -0.241995 0.706668
vn -0.664876 -0.241996 0.706667
vn -0.685667 -0.174589 0.706668
vn -0.680786 -0.191537 0.706997
vn -0.670389 -0.225242 0.706997
vn -0.690371 -0.175787 0.701774
vn -0.685668 -0.174592 0.706666
vn -0.552926 -0.440943 0.706996
vn -0.530260 -0.467954 0.706996
vn -0.558429 -0.422991 0.713607
vn -0.603744 -0.368940 0.706666
vn -0.603744 -0.368941 0.706665
vn -0.637478 -0.306993 0.706667
vn -0.637477 -0.306990 0.706668
vn -0.664876 -0.241998 0.706666
vn -0.658333 -0.258372 0.706995
vn -0.644633 -0.290871 0.706995
vn -0.664876 -0.241996 0.706667
vn -0.669436 -0.243658 0.701773
vn -0.506273 -0.493806 0.706996
vn -0.481032 -0.518426 0.706996
vn -0.513537 -0.476492 0.713607
vn -0.564009 -0.427222 0.706665
vn -0.564009 -0.427218 0.706668
vn -0.603742 -0.368942 0.706667
vn -0.603741 -0.368938 0.706669
vn -0.637477 -0.306990 0.706669
vn -0.629330 -0.322645 0.706997
vn -0.612467 -0.353609 0.706997
vn -0.637477 -0.306993 0.706667
vn -0.641852 -0.309100 0.701772
vn -0.463540 -0.525256 0.713608
vn -0.454588 -0.541762 0.706996
vn -0.427020 -0.563747 0.706996
vn -0.518668 -0.481253 0.706667
vn -0.518668 -0.481253 0.706668
vn -0.564008 -0.427221 0.706666
vn -0.564009 -0.427216 0.706669
vn -0.564012 -0.427218 0.706665
vn -0.607885 -0.371468 0.701774
vn -0.594086 -0.383691 0.706996
vn -0.574212 -0.412841 0.706996
vn -0.603743 -0.368943 0.706665
vn -0.603743 -0.368937 0.706669
vn -0.398391 -0.584326 0.706999
vn -0.368766 -0.603460 0.706999
vn -0.408937 -0.568801 0.713607
vn -0.468173 -0.530504 0.706668
vn -0.468173 -0.530505 0.706667
vn -0.518669 -0.481254 0.706666
vn -0.518669 -0.481255 0.706666
vn -0.567876 -0.430150 0.701775
vn -0.552923 -0.440942 0.706998
vn -0.530261 -0.467949 0.706998
vn -0.564008 -0.427219 0.706668
vn -0.338227 -0.621094 0.706997
vn -0.306850 -0.637180 0.706997
vn -0.350273 -0.606689 0.713609
vn -0.413024 -0.574486 0.706666
vn -0.413025 -0.574484 0.706667
vn -0.468173 -0.530504 0.706668
vn -0.468172 -0.530507 0.706666
vn -0.518667 -0.481254 0.706667
vn -0.522226 -0.484557 0.701773
vn -0.506273 -0.493806 0.706996
vn -0.481031 -0.518426 0.706996
vn -0.518667 -0.481253 0.706668
vn -0.274710 -0.651681 0.706998
vn -0.241880 -0.664566 0.706998
vn -0.288126 -0.638551 0.713608
vn -0.291006 -0.644933 0.706666
vn -0.353774 -0.612753 0.706666
vn -0.353774 -0.612753 0.706666
vn -0.413025 -0.574485 0.706667
vn -0.413026 -0.574483 0.706668
vn -0.353774 -0.612753 0.706667
vn -0.468174 -0.530503 0.706668
vn -0.471387 -0.534143 0.701773
vn -0.454587 -0.541761 0.706998
vn -0.427023 -0.563742 0.706998
vn -0.468173 -0.530508 0.706665
vn -0.208456 -0.675796 0.706998
vn -0.223114 -0.664066 0.713608
vn -0.174510 -0.685347 0.706998
vn -0.291005 -0.644933 0.706666
vn -0.353774 -0.612753 0.706667
vn -0.398386 -0.584332 0.706997
vn -0.368769 -0.603460 0.706997
vn -0.413026 -0.574486 0.706665
vn -0.415858 -0.578426 0.701773
vn -0.413027 -0.574484 0.706666
vn -0.140132 -0.693194 0.706997
vn -0.105405 -0.699317 0.706997
vn -0.155886 -0.682981 0.713608
vn -0.225345 -0.670703 0.706666
vn -0.225344 -0.670704 0.706666
vn -0.291004 -0.644933 0.706667
vn -0.225344 -0.670702 0.706668
vn -0.291005 -0.644932 0.706668
vn -0.338230 -0.621093 0.706997
vn -0.306847 -0.637182 0.706997
vn -0.356201 -0.616956 0.701773
vn -0.353774 -0.612753 0.706666
vn -0.353774 -0.612753 0.706666
vn -0.070416 -0.703702 0.706997
vn -0.035252 -0.706337 0.706997
vn -0.087109 -0.695108 0.713608
vn -0.157444 -0.689808 0.706666
vn -0.157444 -0.689808 0.706666
vn -0.225345 -0.670702 0.706667
vn -0.157444 -0.689806 0.706667
vn -0.291004 -0.644934 0.706666
vn -0.293000 -0.649357 0.701774
vn -0.274710 -0.651683 0.706996
vn -0.241881 -0.664567 0.706996
vn -0.291004 -0.644933 0.706666
vn 0.000000 -0.707216 0.706997
vn 0.035252 -0.706337 0.706997
vn -0.017465 -0.700327 0.713608
vn -0.087979 -0.702055 0.706667
vn -0.087978 -0.702056 0.706666
vn -0.157443 -0.689806 0.706668
vn -0.226890 -0.675303 0.701774
vn -0.225345 -0.670702 0.706667
vn -0.208454 -0.675797 0.706998
vn -0.174512 -0.685347 0.706998
vn -0.225345 -0.670703 0.706666
vn 0.070416 -0.703702 0.706997
vn 0.105405 -0.699318 0.706997
vn 0.052352 -0.698586 0.713608
vn 0.052875 -0.705568 0.706667
vn -0.017639 -0.707327 0.706666
vn -0.017640 -0.707327 0.706667
vn -0.087979 -0.702055 0.706668
vn -0.087978 -0.702055 0.706667
vn -0.158524 -0.694539 0.701774
vn -0.157443 -0.689807 0.706666
vn -0.140133 -0.693194 0.706997
vn -0.105403 -0.699318 0.706997
vn -0.157444 -0.689807 0.706667
vn 0.140132 -0.693194 0.706997
vn 0.174510 -0.685347 0.706997
vn 0.121649 -0.689902 0.713608
vn 0.052875 -0.705568 0.706667
vn -0.017640 -0.707326 0.706667
vn -0.017640 -0.707326 0.706667
vn -0.087979 -0.702056 0.706666
vn -0.087979 -0.702056 0.706666
vn -0.088582 -0.706871 0.701774
vn -0.070417 -0.703702 0.706997
vn -0.035252 -0.706337 0.706997
vn 0.189736 -0.674361 0.713609
vn 0.208456 -0.675796 0.706997
vn 0.241881 -0.664566 0.706997
vn 0.122864 -0.696797 0.706667
vn 0.122865 -0.696797 0.706666
vn 0.191632 -0.681102 0.706666
vn 0.052875 -0.705568 0.706667
vn 0.052875 -0.705568 0.706667
vn -0.017761 -0.712179 0.701774
vn -0.017640 -0.707327 0.706666
vn 0.000000 -0.707216 0.706997
vn 0.035252 -0.706337 0.706997
vn -0.017640 -0.707327 0.706666
vn 0.274710 -0.651683 0.706996
vn 0.306851 -0.637181 0.706996
vn 0.255937 -0.652119 0.713609
vn 0.191633 -0.681102 0.706667
vn 0.122864 -0.696797 0.706667
vn 0.122864 -0.696797 0.706667
vn 0.122864 -0.696798 0.706666
vn 0.052875 -0.705569 0.706666
vn 0.052875 -0.705569 0.706666
vn 0.070417 -0.703702 0.706998
vn 0.105403 -0.699317 0.706998
vn 0.053238 -0.710408 0.701774
vn 0.338226 -0.621094 0.706998
vn 0.368766 -0.603461 0.706998
vn 0.319597 -0.623396 0.713607
vn 0.258495 -0.658637 0.706667
vn 0.322791 -0.629625 0.706667
vn 0.258495 -0.658637 0.706667
vn 0.191632 -0.681101 0.706667
vn 0.191633 -0.681102 0.706666
vn 0.140133 -0.693194 0.706997
vn 0.174512 -0.685347 0.706997
vn 0.122865 -0.696798 0.706666
vn 0.123707 -0.701577 0.701774
vn 0.398392 -0.584327 0.706997
vn 0.427019 -0.563746 0.706997
vn 0.380078 -0.588474 0.713609
vn 0.383878 -0.594357 0.706666
vn 0.322790 -0.629626 0.706666
vn 0.258495 -0.658637 0.706666
vn 0.258495 -0.658637 0.706666
vn 0.258495 -0.658637 0.706667
vn 0.191632 -0.681102 0.706667
vn 0.208454 -0.675797 0.706997
vn 0.241880 -0.664566 0.706998
vn 0.192947 -0.685773 0.701774
vn 0.191632 -0.681102 0.706666
vn 0.436781 -0.547709 0.713608
vn 0.454587 -0.541761 0.706998
vn 0.481031 -0.518424 0.706998
vn 0.383878 -0.594358 0.706666
vn 0.322790 -0.629625 0.706668
vn 0.322793 -0.629625 0.706666
vn 0.260269 -0.663155 0.701773
vn 0.258496 -0.658636 0.706667
vn 0.274710 -0.651682 0.706998
vn 0.306846 -0.637181 0.706998
vn 0.489147 -0.501497 0.713608
vn 0.506273 -0.493805 0.706997
vn 0.530259 -0.467953 0.706997
vn 0.441148 -0.553183 0.706666
vn 0.441147 -0.553183 0.706667
vn 0.441147 -0.553182 0.706667
vn 0.383876 -0.594357 0.706668
vn 0.383877 -0.594357 0.706667
vn 0.383878 -0.594359 0.706665
vn 0.325004 -0.633945 0.701773
vn 0.322793 -0.629626 0.706665
vn 0.322789 -0.629626 0.706667
vn 0.338229 -0.621092 0.706997
vn 0.368769 -0.603460 0.706997
vn 0.552925 -0.440942 0.706996
vn 0.574214 -0.412838 0.706996
vn 0.536650 -0.450302 0.713607
vn 0.494035 -0.506509 0.706666
vn 0.494035 -0.506510 0.706667
vn 0.441147 -0.553182 0.706668
vn 0.383878 -0.594359 0.706665
vn 0.398386 -0.584332 0.706997
vn 0.427023 -0.563743 0.706997
vn 0.386509 -0.598434 0.701775
vn 0.578816 -0.394632 0.713609
vn 0.594080 -0.383698 0.706997
vn 0.612470 -0.353603 0.706997
vn 0.542013 -0.454803 0.706665
vn -0.999689 -0.024934 0.000000
vn -0.999689 -0.024934 0.000000
vn -0.997204 -0.074732 0.000000
vn -0.997204 -0.074732 0.000000
vn -0.992240 -0.124340 0.000000
vn -0.992240 -0.124340 0.000000
vn -0.984807 -0.173651 0.000000
vn -0.984807 -0.173651 0.000000
vn -0.974926 -0.222528 0.000000
vn -0.974926 -0.222528 0.000000
vn -0.962627 -0.270832 0.000000
vn -0.947926 -0.318491 0.000000
vn -0.962627 -0.270832 0.000000
vn -0.947926 -0.318491 0.000000
vn -0.930876 -0.365335 0.000000
vn -0.930876 -0.365335 0.000000
vn -0.911505 -0.411289 0.000000
vn -0.911505 -0.411289 0.000000
vn -0.889868 -0.456218 0.000000
vn -0.866025 -0.500001 0.000000
vn -0.889868 -0.456218 0.000000
vn -0.866025 -0.500001 0.000000
vn -0.840033 -0.542536 0.000000
vn -0.840033 -0.542536 0.000000
vn -0.811931 -0.583754 0.000000
vn -0.811931 -0.583754 0.000000
vn -0.781831 -0.623490 0.000000
vn -0.781831 -0.623490 0.000000
vn -0.749787 -0.661679 0.000000
vn -0.749787 -0.661679 0.000000
vn -0.715866 -0.698238 0.000000
vn -0.715866 -0.698238 0.000000
vn -0.680174 -0.733051 0.000000
vn -0.642784 -0.766047 0.000000
vn -0.680174 -0.733051 0.000000
vn -0.642784 -0.766047 0.000000
vn -0.603809 -0.797129 0.000000
vn -0.603809 -0.797129 0.000000
vn -0.563316 -0.826242 0.000000
vn -0.521438 -0.853289 0.000000
vn -0.563316 -0.826242 0.000000
vn -0.478255 -0.878221 0.000000
vn -0.521438 -0.853289 0.000000
vn -0.478255 -0.878221 0.000000
vn -0.433879 -0.900971 0.000000
vn -0.433879 -0.900971 0.000000
vn -0.388438 -0.921475 0.000000
vn -0.388438 -0.921475 0.000000
vn -0.342018 -0.939694 0.000000
vn -0.342018 -0.939694 0.000000
vn -0.294753 -0.955573 0.000000
vn -0.294753 -0.955573 0.000000
vn -0.246760 -0.969077 0.000000
vn -0.246760 -0.969077 0.000000
vn -0.198148 -0.980172 0.000000
vn -0.198148 -0.980172 0.000000
vn -0.149040 -0.988831 0.000000
vn -0.149040 -0.988831 0.000000
vn -0.099569 -0.995031 0.000000
vn -0.099569 -0.995031 0.000000
vn -0.049847 -0.998757 0.000000
vn -0.049847 -0.998757 0.000000
vn 0.000000 -1.000000 0.000000
vn 0.049847 -0.998757 0.000000
vn 0.000000 -1.000000 0.000000
vn 0.049847 -0.998757 0.000000
vn 0.099569 -0.995031 0.000000
vn 0.099569 -0.995031 0.000000
vn 0.149040 -0.988831 0.000000
vn 0.149040 -0.988831 0.000000
vn 0.198148 -0.980172 0.000000
vn 0.198148 -0.980172 0.000000
vn 0.246760 -0.969077 0.000000
vn 0.246760 -0.969077 0.000000
vn 0.294753 -0.955573 0.000000
vn 0.294753 -0.955573 0.000000
vn 0.342018 -0.939694 0.000000
vn 0.342018 -0.939694 0.000000
vn 0.388438 -0.921475 0.000000
vn 0.388438 -0.921475 0.000000
vn 0.433879 -0.900971 0.000000
vn 0.433879 -0.900971 0.000000
vn 0.478255 -0.878221 0.000000
vn 0.478255 -0.878221 0.000000
vn 0.521438 -0.853289 0.000000
vn 0.521438 -0.853289 0.000000
vn 0.563316 -0.826242 0.000000
vn 0.563316 -0.826242 0.000000
vn 0.603809 -0.797129 0.000000
vn 0.603809 -0.797129 0.000000
vn 0.642784 -0.766047 0.000000
vn 0.642784 -0.766047 0.000000
vn 0.680174 -0.733051 0.000000
vn 0.680174 -0.733051 0.000000
vn 0.715866 -0.698238 0.000000
vn 0.715866 -0.698238 0.000000
vn 0.749787 -0.661679 0.000000
vn 0.749787 -0.661679 0.000000
vn 0.781831 -0.623490 0.000000
vn 0.781831 -0.623490 0.000000
vn 0.811931 -0.583754 0.000000
vn 0.811931 -0.583754 0.000000
vn 0.840033 -0.542536 0.000000
vn 0.866025 -0.500001 0.000000
vn 0.840033 -0.542536 0.000000
vn 0.866025 -0.500001 0.000000
vn 0.889868 -0.456218 0.000000
vn 0.889868 -0.456218 0.000000
vn 0.911505 -0.411289 0.000000
vn 0.911505 -0.411289 0.000000
vn 0.930876 -0.365335 0.000000
vn 0.930876 -0.365335 0.000000
vn 0.947926 -0.318491 0.000000
vn 0.947926 -0.318491 0.000000
vn 0.962627 -0.270832 0.000000
vn 0.962627 -0.270832 0.000000
vn 0.974926 -0.222528 0.000000
vn 0.974926 -0.222528 0.000000
vn 0.984807 -0.173651 0.000000
vn 0.984807 -0.173651 0.000000
vn 0.992240 -0.124340 0.000000
vn 0.992240 -0.124340 0.000000
vn 0.997204 -0.074732 0.000000
vn 0.997204 -0.074732 0.000000
vn 0.999689 -0.024934 0.000000
vn 0.999689 -0.024934 0.000000
vn 0.999689 0.024934 0.000000
vn 0.999689 0.024934 -0.000000
vn 0.997204 0.074732 0.000000
vn 0.997204 0.074732 -0.000000
vn 0.992240 0.124340 0.000000
vn 0.992240 0.124340 -0.000000
vn 0.984807 0.173651 0.000000
vn 0.984807 0.173651 -0.000000
vn 0.974926 0.222528 0.000000
vn 0.974926 0.222528 -0.000000
vn 0.962627 0.270832 0.000000
vn 0.962627 0.270832 -0.000000
vn 0.947926 0.318491 0.000000
vn 0.947926 0.318491 -0.000000
vn 0.930876 0.365335 0.000000
vn 0.930876 0.365335 -0.000000
vn 0.911505 0.411289 0.000000
vn 0.911505 0.411289 -0.000000
vn 0.889868 0.456218 0.000000
vn 0.889868 0.456218 -0.000000
vn 0.866025 0.500001 0.000000
vn 0.866025 0.500001 -0.000000
vn 0.840033 0.542536 0.000000
vn 0.840033 0.542536 -0.000000
vn 0.811931 0.583754 0.000000
vn 0.811931 0.583754 -0.000000
vn 0.781831 0.623490 0.000000
vn 0.781831 0.623490 -0.000000
vn 0.749787 0.661679 0.000000
vn 0.749787 0.661679 -0.000000
vn 0.715866 0.698238 0.000000
vn 0.715866 0.698238 -0.000000
vn 0.680174 0.733051 0.000000
vn 0.680174 0.733051 -0.000000
vn 0.642784 0.766047 0.000000
vn 0.642784 0.766047 -0.000000
vn 0.603809 0.797129 0.000000
vn 0.603809 0.797129 -0.000000
vn 0.563316 0.826242 -0.000000
vn 0.563316 0.826242 0.000000
vn 0.521438 0.853289 -0.000000
vn 0.521438 0.853289 0.000000
vn 0.478255 0.878221 -0.000000
vn 0.478255 0.878221 0.000000
vn 0.433879 0.900971 -0.000000
vn 0.433879 0.900971 0.000000
vn 0.388438 0.921475 -0.000000
vn 0.388438 0.921475 0.000000
vn 0.342018 0.939694 0.000000
vn 0.342018 0.939694 -0.000000
vn 0.294753 0.955573 0.000000
vn 0.294753 0.955573 -0.000000
vn 0.246760 0.969077 0.000000
vn 0.246760 0.969077 -0.000000
vn 0.198148 0.980172 0.000000
vn 0.198148 0.980172 -0.000000
vn 0.149040 0.988831 0.000000
vn 0.149040 0.988831 -0.000000
vn 0.099569 0.995031 0.000000
vn 0.099569 0.995031 -0.000000
vn 0.049847 0.998757 0.000000
vn 0.049847 0.998757 -0.000000
vn 0.000000 1.000000 0.000000
vn 0.000000 1.000000 -0.000000
vn -0.049847 0.998757 0.000000
vn -0.049847 0.998757 0.000000
vn -0.099569 0.995031 0.000000
vn -0.099569 0.995031 0.000000
vn -0.149040 0.988831 0.000000
vn -0.149040 0.988831 0.000000
vn -0.198148 0.980172 0.000000
vn -0.198148 0.980172 0.000000
vn -0.246760 0.969077 0.000000
vn -0.246760 0.969077 0.000000
vn -0.294753 0.955573 0.000000
vn -0.294753 0.955573 0.000000
vn -0.342018 0.939694 0.000000
vn -0.342018 0.939694 0.000000
vn -0.388438 0.921475 0.000000
vn -0.388438 0.921475 0.000000
vn -0.433879 0.900971 0.000000
vn -0.433879 0.900971 0.000000
vn -0.478255 0.878221 0.000000
vn -0.478255 0.878221 0.000000
vn -0.521438 0.853289 0.000000
vn -0.521438 0.853289 0.000000
vn -0.563316 0.826242 0.000000
vn -0.563316 0.826242 0.000000
vn -0.603809 0.797129 0.000000
vn -0.603809 0.797129 0.000000
vn -0.642784 0.766047 0.000000
vn -0.642784 0.766047 0.000000
vn -0.680174 0.733051 0.000000
vn -0.680174 0.733051 0.000000
vn -0.715866 0.698238 0.000000
vn -0.715866 0.698238 0.000000
vn -0.749787 0.661679 0.000000
vn -0.749787 0.661679 0.000000
vn -0.781831 0.623490 0.000000
vn -0.781831 0.623490 0.000000
vn -0.811931 0.583754 0.000000
vn -0.811931 0.583754 0.000000
vn -0.840033 0.542536 0.000000
vn -0.840033 0.542536 0.000000
vn -0.866025 0.500001 0.000000
vn -0.866025 0.500001 0.000000
vn -0.889868 0.456218 0.000000
vn -0.889868 0.456218 0.000000
vn -0.911505 0.411289 0.000000
vn -0.911505 0.411289 0.000000
vn -0.930876 0.365335 0.000000
vn -0.930876 0.365335 0.000000
vn -0.947926 0.318491 0.000000
vn -0.947926 0.318491 0.000000
vn -0.962627 0.270832 0.000000
vn -0.962627 0.270832 0.000000
vn -0.974926 0.222528 0.000000
vn -0.974926 0.222528 0.000000
vn -0.984807 0.173651 0.000000
vn -0.984807 0.173651 0.000000
vn -0.992240 0.124340 0.000000
vn -0.992240 0.124340 0.000000
vn -0.997204 0.074732 0.000000
vn -0.997204 0.074732 0.000000
vn -0.999689 0.024934 0.000000
vn -0.999689 0.024934 0.000000
vn 1.000000 0.000000 0.000000
vn 1.000000 -0.000000 0.000000
vn 0.000000 1.000000 -0.000000
vn 0.000000 1.000000 0.000000
vn 0.000000 -1.000000 0.000000
vn 0.000000 -1.000000 0.000000
vn -1.000000 0.000000 0.000000
vn -1.000000 -0.000000 0.000000
vn 1.000000 0.000000 0.000000
vn 1.000000 0.000000 -0.000000
vn 1.000000 0.000000 0.000000
vn 1.000000 0.000000 0.000000
vn 1.000000 0.000000 0.000000
vn 1.000000 0.000000 -0.000000
vn 0.000000 -0.000000 -1.000000
vn 0.000000 0.000000 -1.000000
vn 0.000000 -0.000000 -1.000000
vn 0.000000 0.000000 -1.000000
vn 0.000000 -0.000000 -1.000000
vn 0.000000 0.000000 -1.000000
vn 0.000000 -0.000000 -1.000000
vn 0.000000 0.000000 -1.000000
vn 0.000000 -0.000000 -1.000000
vn 0.000000 0.000000 -1.000000
vn 0.000000 -0.000000 -1.000000
vn 0.000000 0.000000 -1.000000
vn 0.000000 -0.000000 -1.000000
vn 0.000000 0.000000 -1.000000
vn 0.000000 -0.000000 -1.000000
vn 0.000000 0.000000 -1.000000
vn 0.000000 -0.000000 -1.000000
vn 0.000000 0.000000 -1.000000
vn 0.000000 -0.000000 -1.000000
vn 0.000000 0.000000 -1.000000
vn 0.000000 -0.000000 -1.000000
vn 0.000000 0.000000 -1.000000
vn 0.000000 -0.000000 -1.000000
vn 0.000000 -0.000000 -1.000000
vn 0.000000 -0.000000 -1.000000
vn 0.000000 -0.000000 -1.000000
vn 0.000000 -0.000000 -1.000000
vn 0.000000 -0.000000 -1.000000
vn 0.000000 -0.000000 -1.000000
vn 0.000000 -0.000000 -1.000000
vn 0.000000 -0.000000 -1.000000
vn 0.000000 -0.000000 -1.000000
vn 0.000000 -0.000000 -1.000000
vn 0.000000 -0.000000 -1.000000
vn 0.000000 -0.000000 -1.000000
vn 0.000000 -0.000000 -1.000000
vn 0.000000 -0.000000 -1.000000
vn 0.000000 -0.000000 -1.000000
vn 0.000000 -0.000000 -1.000000
vn 0.000000 -0.000000 -1.000000
vn 0.000000 -0.000000 -1.000000
vn 0.000000 -0.000000 -1.000000
vn 0.000000 -0.000000 -1.000000
vn 0.000000 -0.000000 -1.000000
vn 0.000000 -0.000000 -1.000000
vn 0.000000 -0.000000 -1.000000
vn 0.000000 -0.000000 -1.000000
vn 0.000000 -0.000000 -1.000000
vn 0.000000 -0.000000 -1.000000
vn 0.000000 -0.000000 -1.000000
vn 0.000000 -0.000000 -1.000000
vn 0.000000 -0.000000 -1.000000
vn 0.000000 -0.000000 -1.000000
vn 0.000000 -0.000000 -1.000000
vn 0.000000 -0.000000 -1.000000
vn 0.000000 -0.000000 -1.000000
vn 0.000000 -0.000000 -1.000000
vn 0.000000 -0.000000 -1.000000
vn 0.000000 -0.000000 -1.000000
vn 0.000000 -0.000000 -1.000000
vn 0.000000 -0.000000 -1.000000
vn 0.000000 -0.000000 -1.000000
vn 0.000000 0.000000 -1.000000
vn 0.000000 0.000000 -1.000000
vn 0.000000 0.000000 -1.000000
vn 0.000000 0.000000 -1.000000
vn 0.000000 0.000000 -1.000000
vn 0.000000 0.000000 -1.000000
vn 0.000000 0.000000 -1.000000
vn 0.000000 0.000000 -1.000000
vn 0.000000 0.000000 -1.000000
vn 0.000000 0.000000 -1.000000
vn 0.000000 0.000000 -1.000000
vn 0.000000 0.000000 -1.000000
vn 0.000000 0.000000 -1.000000
vn 0.000000 0.000000 -1.000000
vn 0.000000 0.000000 -1.000000
vn 0.000000 0.000000 -1.000000
vn 0.000000 0.000000 -1.000000
vn 0.000000 0.000000 -1.000000
vn 0.000000 -0.000000 -1.000000
vn 0.000000 0.000000 -1.000000
vn 0.000000 0.000000 -1.000000
vn 0.000000 0.000000 -1.000000
vn 0.000000 0.000000 -1.000000
vn 0.000000 0.000000 -1.000000
vn 0.000000 0.000000 -1.000000
vn 0.000000 0.000000 -1.000000
vn 0.000000 0.000000 -1.000000
vn 0.000000 0.000000 -1.000000
vn 0.000000 0.000000 -1.000000
vn 0.000000 0.000000 -1.000000
vn 0.000000 0.000000 -1.000000
vn 0.000000 0.000000 -1.000000
vn 0.000000 0.000000 -1.000000
vn 0.000000 0.000000 -1.000000
vn 0.000000 0.000000 -1.000000
vn 0.000000 0.000000 -1.000000
vn 0.000000 0.000000 -1.000000
vn 0.000000 0.000000 -1.000000
vn 0.000000 0.000000 -1.000000
vn 0.000000 0.000000 -1.000000
vn 0.000000 0.000000 -1.000000
vn 0.000000 0.000000 -1.000000
vn 0.000000 0.000000 -1.000000
vn 0.000000 0.000000 -1.000000
vn 0.000000 0.000000 -1.000000
vn 0.000000 0.000000 -1.000000
vn 0.000000 0.000000 -1.000000
vn 0.000000 0.000000 -1.000000
vn 0.000000 0.000000 -1.000000
vn 0.000000 0.000000 -1.000000
vn 0.000000 0.000000 -1.000000
vn 0.000000 0.000000 -1.000000
vn 0.000000 0.000000 -1.000000
vn 0.000000 0.000000 -1.000000
vn 0.000000 0.000000 -1.000000
vn 0.000000 0.000000 -1.000000
vn 0.000000 0.000000 -1.000000
vn 0.000000 0.000000 -1.000000
vn 0.000000 0.000000 -1.000000
vn 0.000000 0.000000 -1.000000
vn 0.000000 0.000000 -1.000000
vn 0.000000 0.000000 -1.000000
vn 0.000000 0.000000 -1.000000
vn 0.000000 0.000000 -1.000000
vn 0.000000 0.000000 -1.000000
vn 0.000000 -0.000000 -1.000000
vn 0.000000 0.000000 -1.000000
vn 0.000000 -0.000000 -1.000000
vn 0.000000 0.000000 -1.000000
vn 0.000000 -0.000000 -1.000000
vn 0.000000 0.000000 -1.000000
vn 0.000000 -0.000000 -1.000000
vn 0.000000 0.000000 -1.000000
vn 0.000000 -0.000000 -1.000000
vn 0.000000 0.000000 -1.000000
vn 0.000000 -0.000000 -1.000000
vn 0.000000 0.000000 -1.000000
vn 0.000000 -0.000000 -1.000000
vn 0.000000 0.000000 -1.000000
vn 0.000000 -0.000000 -1.000000
vn 0.000000 0.000000 -1.000000
vn 0.000000 -0.000000 -1.000000
vn 0.000000 0.000000 -1.000000
vn 0.000000 -0.000000 -1.000000
vn 0.000000 0.000000 -1.000000
vn 0.000000 -0.000000 -1.000000
vn 0.000000 0.000000 -1.000000
vn 0.000000 -0.000000 -1.000000
vn 0.000000 0.000000 -1.000000
vn 0.000000 -0.000000 -1.000000
vn 0.000000 0.000000 -1.000000
vn 0.000000 -0.000000 -1.000000
vn 0.000000 0.000000 -1.000000
vn 0.000000 0.000000 -1.000000
vn 0.000000 0.000000 -1.000000
vn 0.000000 0.000000 -1.000000
vn 0.000000 0.000000 -1.000000
vn 0.000000 0.000000 -1.000000
vn 0.000000 -0.000000 -1.000000
vn 0.000000 0.000000 -1.000000
vn 0.000000 -0.000000 -1.000000
vn 0.000000 -0.000000 -1.000000
vn 0.000000 -0.000000 -1.000000
vn 0.000000 -0.000000 -1.000000
vn 0.000000 -0.000000 -1.000000
vn 0.000000 -0.000000 -1.000000
vn 0.000000 -0.000000 -1.000000
vn 0.000000 -0.000000 -1.000000
vn 0.000000 -0.000000 -1.000000
vn 0.000000 -0.000000 -1.000000
vn 0.000000 -0.000000 -1.000000
vn 0.000000 -0.000000 -1.000000
vn 0.000000 -0.000000 -1.000000
vn 0.000000 -0.000000 -1.000000
vn 0.000000 -0.000000 -1.000000
vn 0.000000 -0.000000 -1.000000
vn 0.000000 -0.000000 -1.000000
vn 0.000000 -0.000000 -1.000000
vn 0.000000 -0.000000 -1.000000
vn 0.000000 -0.000000 -1.000000
vn 0.000000 -0.000000 -1.000000
vn 0.000000 -0.000000 -1.000000
vn 0.000000 -0.000000 -1.000000
vn 0.000000 -0.000000 -1.000000
vn 0.000000 -0.000000 -1.000000
vn 0.000000 -0.000000 -1.000000
vn 0.000000 -0.000000 -1.000000
vn 0.000000 0.000000 -1.000000
vn 0.000000 0.000000 -1.000000
vn 0.000000 0.000000 -1.000000
vn 0.000000 0.000000 -1.000000
vn 0.000000 0.000000 -1.000000
vn 0.000000 0.000000 -1.000000
vn 0.000000 0.000000 -1.000000
vn 0.000000 0.000000 -1.000000
vn 0.000000 0.000000 -1.000000
vn 0.000000 0.000000 -1.000000
vn 0.000000 0.000000 -1.000000
vn 0.000000 0.000000 -1.000000
vn 0.000000 0.000000 -1.000000
vn 0.000000 0.000000 -1.000000
vn 0.000000 0.000000 -1.000000
vn 0.000000 0.000000 -1.000000
vn 0.000000 0.000000 -1.000000
vn 0.000000 0.000000 -1.000000
vn 0.000000 0.000000 -1.000000
vn 0.000000 0.000000 -1.000000
vn 0.000000 0.000000 -1.000000
vn 0.000000 0.000000 -1.000000
vn 0.000000 0.000000 -1.000000
vn 0.000000 0.000000 -1.000000
vn 0.000000 0.000000 -1.000000
vn 0.000000 0.000000 -1.000000
vn 0.000000 0.000000 -1.000000
vn 0.000000 0.000000 -1.000000
vn 0.000000 0.000000 -1.000000
vn 0.000000 0.000000 -1.000000
vn 0.000000 0.000000 -1.000000
vn 0.000000 0.000000 -1.000000
vn 0.000000 0.000000 -1.000000
vn 0.000000 0.000000 -1.000000
vn 0.000000 0.000000 -1.000000
vn 0.000000 0.000000 -1.000000
vn 0.000000 0.000000 -1.000000
vn 0.000000 0.000000 -1.000000
vn 0.000000 0.000000 -1.000000
vn 0.000000 0.000000 -1.000000
vn 0.000000 0.000000 -1.000000
vn 0.000000 0.000000 -1.000000
vn 0.000000 0.000000 -1.000000
vn 0.000000 0.000000 -1.000000
vn 0.000000 0.000000 -1.000000
vn 0.000000 0.000000 -1.000000
vn 0.000000 0.000000 -1.000000
vn 0.000000 0.000000 -1.000000
vn 0.000000 0.000000 -1.000000
vn 0.000000 0.000000 -1.000000
vn 0.000000 0.000000 -1.000000
vn 0.000000 0.000000 -1.000000
vn 0.000000 0.000000 -1.000000
vn 0.000000 0.000000 -1.000000
vn 0.000000 0.000000 -1.000000
vn 0.000000 0.000000 -1.000000
vn 0.000000 0.000000 -1.000000
vn 0.000000 0.000000 -1.000000
vn 0.000000 0.000000 -1.000000
vn 0.000000 0.000000 -1.000000
vn 0.000000 0.000000 -1.000000
vn 0.000000 0.000000 -1.000000
vn 0.000000 0.000000 -1.000000
vn 0.000000 0.000000 -1.000000
vn 0.000000 0.000000 -1.000000
vn 0.000000 -0.000000 -1.000000
vn 0.000000 -0.000000 -1.000000
vn 0.000000 -0.000000 -1.000000
vn 0.000000 0.000000 -1.000000
vn 0.000000 0.000000 -1.000000
vn 0.000000 0.000000 -1.000000
vn 0.000000 0.000000 -1.000000
vn 0.000000 0.000000 -1.000000
vn 0.000000 0.000000 -1.000000
vn 0.000000 0.000000 -1.000000
vn -1.000000 -0.000000 -0.000000
vn -1.000000 0.000000 0.000000
vn 0.000000 1.000000 0.000000
vn 0.000000 1.000000 0.000000
vn 0.000000 1.000000 0.000000
vn 0.000000 1.000000 0.000000
vn 0.000000 1.000000 0.000000
vn 0.000000 1.000000 0.000000
vn 0.000000 -1.000000 0.000000
vn 0.000000 -1.000000 0.000000
vn 0.000000 -1.000000 0.000000
vn 0.000000 -1.000000 0.000000
vn 0.000000 -1.000000 0.000000
vn 0.000000 -1.000000 0.000000
vn -0.999689 -0.024934 0.000000
vn -0.999689 -0.024934 0.000000
vn -0.997204 -0.074732 0.000000
vn -0.997204 -0.074732 0.000000
vn -0.992240 -0.124340 0.000000
vn -0.992240 -0.124340 0.000000
vn -0.984807 -0.173651 0.000000
vn -0.984807 -0.173651 0.000000
vn -0.974926 -0.222528 0.000000
vn -0.974926 -0.222528 0.000000
vn -0.962627 -0.270832 0.000000
vn -0.947926 -0.318491 0.000000
vn -0.962627 -0.270832 0.000000
vn -0.947926 -0.318491 0.000000
vn -0.930876 -0.365335 0.000000
vn -0.930876 -0.365335 0.000000
vn -0.911505 -0.411289 0.000000
vn -0.911505 -0.411289 0.000000
vn -0.889868 -0.456218 0.000000
vn -0.866025 -0.500001 0.000000
vn -0.889868 -0.456218 0.000000
vn -0.866025 -0.500001 0.000000
vn -0.840033 -0.542536 0.000000
vn -0.840033 -0.542536 0.000000
vn -0.811931 -0.583754 0.000000
vn -0.811931 -0.583754 0.000000
vn -0.781831 -0.623490 0.000000
vn -0.781831 -0.623490 0.000000
vn -0.749787 -0.661679 0.000000
vn -0.749787 -0.661679 0.000000
vn -0.715866 -0.698238 0.000000
vn -0.715866 -0.698238 0.000000
vn -0.680174 -0.733051 0.000000
vn -0.642784 -0.766047 0.000000
vn -0.680174 -0.733051 0.000000
vn -0.642784 -0.766047 0.000000
vn -0.603809 -0.797129 0.000000
vn -0.603809 -0.797129 0.000000
vn -0.563316 -0.826242 0.000000
vn -0.521438 -0.853289 0.000000
vn -0.563316 -0.826242 0.000000
vn -0.478255 -0.878221 0.000000
vn -0.521438 -0.853289 0.000000
vn -0.478255 -0.878221 0.000000
vn -0.433879 -0.900971 0.000000
vn -0.433879 -0.900971 0.000000
vn -0.388438 -0.921475 0.000000
vn -0.388438 -0.921475 0.000000
vn -0.342018 -0.939694 0.000000
vn -0.342018 -0.939694 0.000000
vn -0.294753 -0.955573 0.000000
vn -0.294753 -0.955573 0.000000
vn -0.246760 -0.969077 0.000000
vn -0.246760 -0.969077 0.000000
vn -0.198148 -0.980172 0.000000
vn -0.198148 -0.980172 0.000000
vn -0.149040 -0.988831 0.000000
vn -0.149040 -0.988831 0.000000
vn -0.099569 -0.995031 0.000000
vn -0.099569 -0.995031 0.000000
vn -0.049847 -0.998757 0.000000
vn -0.049847 -0.998757 0.000000
vn 0.000000 -1.000000 0.000000
vn 0.049847 -0.998757 0.000000
vn 0.000000 -1.000000 0.000000
vn 0.049847 -0.998757 0.000000
vn 0.099569 -0.995031 0.000000
vn 0.099569 -0.995031 0.000000
vn 0.149040 -0.988831 0.000000
vn 0.149040 -0.988831 0.000000
vn 0.198148 -0.980172 0.000000
vn 0.198148 -0.980172 0.000000
vn 0.246760 -0.969077 0.000000
vn 0.246760 -0.969077 0.000000
vn 0.294753 -0.955573 0.000000
vn 0.294753 -0.955573 0.000000
vn 0.342018 -0.939694 0.000000
vn 0.342018 -0.939694 0.000000
vn 0.388438 -0.921475 0.000000
vn 0.388438 -0.921475 0.000000
vn 0.433879 -0.900971 0.000000
vn 0.433879 -0.900971 0.000000
vn 0.478255 -0.878221 0.000000
vn 0.478255 -0.878221 0.000000
vn 0.521438 -0.853289 0.000000
vn 0.521438 -0.853289 0.000000
vn 0.563316 -0.826242 0.000000
vn 0.563316 -0.826242 0.000000
vn 0.603809 -0.797129 0.000000
vn 0.603809 -0.797129 0.000000
vn 0.642784 -0.766047 0.000000
vn 0.642784 -0.766047 0.000000
vn 0.680174 -0.733051 0.000000
vn 0.680174 -0.733051 0.000000
vn 0.715866 -0.698238 0.000000
vn 0.715866 -0.698238 0.000000
vn 0.749787 -0.661679 0.000000
vn 0.749787 -0.661679 0.000000
vn 0.781831 -0.623490 0.000000
vn 0.781831 -0.623490 0.000000
vn 0.811931 -0.583754 0.000000
vn 0.811931 -0.583754 0.000000
vn 0.840033 -0.542536 0.000000
vn 0.866025 -0.500001 0.000000
vn 0.840033 -0.542536 0.000000
vn 0.866025 -0.500001 0.000000
vn 0.889868 -0.456218 0.000000
vn 0.889868 -0.456218 0.000000
vn 0.911505 -0.411289 0.000000
vn 0.911505 -0.411289 0.000000
vn 0.930876 -0.365335 0.000000
vn 0.930876 -0.365335 0.000000
vn 0.947926 -0.318491 0.000000
vn 0.947926 -0.318491 0.000000
vn 0.962627 -0.270832 0.000000
vn 0.962627 -0.270832 0.000000
vn 0.974926 -0.222528 0.000000
vn 0.974926 -0.222528 0.000000
vn 0.984807 -0.173651 0.000000
vn 0.984807 -0.173651 0.000000
vn 0.992240 -0.124340 0.000000
vn 0.992240 -0.124340 0.000000
vn 0.997204 -0.074732 0.000000
vn 0.997204 -0.074732 0.000000
vn 0.999689 -0.024934 0.000000
vn 0.999689 -0.024934 0.000000
vn 0.999689 0.024934 0.000000
vn 0.999689 0.024934 -0.000000
vn 0.997204 0.074732 0.000000
vn 0.997204 0.074732 -0.000000
vn 0.992240 0.124340 0.000000
vn 0.992240 0.124340 -0.000000
vn 0.984807 0.173651 0.000000
vn 0.984807 0.173651 -0.000000
vn 0.974926 0.222528 0.000000
vn 0.974926 0.222528 -0.000000
vn 0.962627 0.270832 0.000000
vn 0.962627 0.270832 -0.000000
vn 0.947926 0.318491 0.000000
vn 0.947926 0.318491 -0.000000
vn 0.930876 0.365335 0.000000
vn 0.930876 0.365335 -0.000000
vn 0.911505 0.411289 0.000000
vn 0.911505 0.411289 -0.000000
vn 0.889868 0.456218 0.000000
vn 0.889868 0.456218 -0.000000
vn 0.866025 0.500001 0.000000
vn 0.866025 0.500001 -0.000000
vn 0.840033 0.542536 0.000000
vn 0.840033 0.542536 -0.000000
vn 0.811931 0.583754 0.000000
vn 0.811931 0.583754 -0.000000
vn 0.781831 0.623490 0.000000
vn 0.781831 0.623490 -0.000000
vn 0.749787 0.661679 0.000000
vn 0.749787 0.661679 -0.000000
vn 0.715866 0.698238 0.000000
vn 0.715866 0.698238 -0.000000
vn 0.680174 0.733051 0.000000
vn 0.680174 0.733051 -0.000000
vn 0.642784 0.766047 0.000000
vn 0.642784 0.766047 -0.000000
vn 0.603809 0.797129 0.000000
vn 0.603809 0.797129 -0.000000
vn 0.563316 0.826242 -0.000000
vn 0.563316 0.826242 0.000000
vn 0.521438 0.853289 -0.000000
vn 0.521438 0.853289 0.000000
vn 0.478255 0.878221 -0.000000
vn 0.478255 0.878221 0.000000
vn 0.433879 0.900971 -0.000000
vn 0.433879 0.900971 0.000000
vn 0.388438 0.921475 -0.000000
vn 0.388438 0.921475 0.000000
vn 0.342018 0.939694 0.000000
vn 0.342018 0.939694 -0.000000
vn 0.294753 0.955573 0.000000
vn 0.294753 0.955573 -0.000000
vn 0.246760 0.969077 0.000000
vn 0.246760 0.969077 -0.000000
vn 0.198148 0.980172 0.000000
vn 0.198148 0.980172 -0.000000
vn 0.149040 0.988831 0.000000
vn 0.149040 0.988831 -0.000000
vn 0.099569 0.995031 0.000000
vn 0.099569 0.995031 -0.000000
vn 0.049847 0.998757 0.000000
vn 0.049847 0.998757 -0.000000
vn 0.000000 1.000000 0.000000
vn 0.000000 1.000000 -0.000000
vn -0.049847 0.998757 0.000000
vn -0.049847 0.998757 0.000000
vn -0.099569 0.995031 0.000000
vn -0.099569 0.995031 0.000000
vn -0.149040 0.988831 0.000000
vn -0.149040 0.988831 0.000000
vn -0.198148 0.980172 0.000000
vn -0.198148 0.980172 0.000000
vn -0.246760 0.969077 0.000000
vn -0.246760 0.969077 0.000000
vn -0.294753 0.955573 0.000000
vn -0.294753 0.955573 0.000000
vn -0.342018 0.939694 0.000000
vn -0.342018 0.939694 0.000000
vn -0.388438 0.921475 0.000000
vn -0.388438 0.921475 0.000000
vn -0.433879 0.900971 0.000000
vn -0.433879 0.900971 0.000000
vn -0.478255 0.878221 0.000000
vn -0.478255 0.878221 0.000000
vn -0.521438 0.853289 0.000000
vn -0.521438 0.853289 0.000000
vn -0.563316 0.826242 0.000000
vn -0.563316 0.826242 0.000000
vn -0.603809 0.797129 0.000000
vn -0.603809 0.797129 0.000000
vn -0.642784 0.766047 0.000000
vn -0.642784 0.766047 0.000000
vn -0.680174 0.733051 0.000000
vn -0.680174 0.733051 0.000000
vn -0.715866 0.698238 0.000000
vn -0.715866 0.698238 0.000000
vn -0.749787 0.661679 0.000000
vn -0.749787 0.661679 0.000000
vn -0.781831 0.623490 0.000000
vn -0.781831 0.623490 0.000000
vn -0.811931 0.583754 0.000000
vn -0.811931 0.583754 0.000000
vn -0.840033 0.542536 0.000000
vn -0.840033 0.542536 0.000000
vn -0.866025 0.500001 0.000000
vn -0.866025 0.500001 0.000000
vn -0.889868 0.456218 0.000000
vn -0.889868 0.456218 0.000000
vn -0.911505 0.411289 0.000000
vn -0.911505 0.411289 0.000000
vn -0.930876 0.365335 0.000000
vn -0.930876 0.365335 0.000000
vn -0.947926 0.318491 0.000000
vn -0.947926 0.318491 0.000000
vn -0.962627 0.270832 0.000000
vn -0.962627 0.270832 0.000000
vn -0.974926 0.222528 0.000000
vn -0.974926 0.222528 0.000000
vn -0.984807 0.173651 0.000000
vn -0.984807 0.173651 0.000000
vn -0.992240 0.124340 0.000000
vn -0.992240 0.124340 0.000000
vn -0.997204 0.074732 0.000000
vn -0.997204 0.074732 0.000000
vn -0.999689 0.024934 0.000000
vn -0.999689 0.024934 0.000000
vn 0.000000 0.000000 -1.000000
vn 0.000000 0.000000 -1.000000
vn -0.707107 0.000000 0.707107
vn -0.707107 0.000000 0.707107
vn -1.000000 -0.000000 -0.000000
vn -1.000000 0.000000 0.000000
vn -0.707107 -0.000000 -0.707107
vn -0.707107 0.000000 -0.707107
vn -1.000000 -0.000000 -0.000000
vn -1.000000 0.000000 0.000000
f 1//1 2//1 3//1
f 3//2 4//2 1//2
f 1//3 5//3 2//3
f 4//4 6//4 1//4
f 1//5 7//5 5//5
f 6//6 8//6 1//6
f 1//7 9//7 7//7
f 8//8 10//8 1//8
f 1//9 11//9 9//9
f 10//10 12//10 1//10
f 1//11 13//11 11//11
f 12//12 14//12 1//12
f 1//13 15//13 13//13
f 14//14 16//14 1//14
f 1//15 17//15 15//15
f 16//16 18//16 1//16
f 1//17 19//17 17//17
f 18//18 20//18 1//18
f 1//19 21//19 19//19
f 1//20 22//20 23//20
f 20//21 22//21 1//21
f 1//22 24//22 21//22
f 22//23 25//23 23//23
f 1//24 26//24 24//24
f 25//25 27//25 23//25
f 1//26 28//26 26//26
f 27//27 29//27 23//27
f 1//28 30//28 28//28
f 29//29 31//29 23//29
f 1//30 32//30 30//30
f 31//31 33//31 23//31
f 33//32 34//32 23//32
f 34//33 35//33 23//33
f 35//34 36//34 23//34
f 36//35 37//35 23//35
f 37//36 38//36 23//36
f 38//37 39//37 23//37
f 39//38 40//38 23//38
f 40//39 41//39 23//39
f 41//40 42//40 23//40
f 42//41 43//41 23//41
f 43//42 44//42 23//42
f 44//43 45//43 23//43
f 45//44 46//44 23//44
f 46//45 47//45 23//45
f 47//46 48//46 23//46
f 48//47 49//47 23//47
f 49//48 50//48 23//48
f 50//49 51//49 23//49
f 51//50 52//50 23//50
f 52//51 53//51 23//51
f 53//52 54//52 23//52
f 54//53 55//53 23//53
f 55//54 56//54 23//54
f 56//55 57//55 23//55
f 57//56 58//56 23//56
f 58//57 59//57 23//57
f 60//58 61//58 62//58
f 62//59 61//59 63//59
f 63//60 61//60 64//60
f 64//61 61//61 65//61
f 65//62 61//62 66//62
f 66//63 61//63 67//63
f 67//64 61//64 68//64
f 68//65 61//65 69//65
f 69//66 61//66 70//66
f 70//67 61//67 71//67
f 71//68 61//68 72//68
f 72//69 61//69 73//69
f 73//70 61//70 74//70
f 74//71 61//71 75//71
f 75//72 61//72 76//72
f 76//73 61//73 77//73
f 77//74 61//74 78//74
f 78//75 61//75 79//75
f 79//76 61//76 80//76
f 80//77 61//77 81//77
f 81//78 61//78 82//78
f 82//79 61//79 83//79
f 83//80 61//80 84//80
f 84//81 61//81 85//81
f 85//82 61//82 86//82
f 86//83 61//83 87//83
f 87//84 88//84 89//84
f 89//85 88//85 90//85
f 90//86 88//86 91//86
f 91//87 88//87 92//87
f 92//88 88//88 93//88
f 93//89 88//89 94//89
f 94//90 88//90 95//90
f 95//91 88//91 96//91
f 96//92 88//92 97//92
f 97//93 88//93 98//93
f 98//94 88//94 99//94
f 99//95 88//95 100//95
f 100//96 88//96 101//96
f 101//97 88//97 102//97
f 102//98 88//98 103//98
f 103//99 88//99 104//99
f 104//100 88//100 105//100
f 105//101 88//101 106//101
f 106//102 88//102 107//102
f 107//103 88//103 108//103
f 108//104 88//104 109//104
f 109//105 88//105 110//105
f 110//106 88//106 111//106
f 111//107 88//107 112//107
f 112//108 88//108 113//108
f 113//109 88//109 114//109
f 114//110 88//110 115//110
f 115//111 88//111 116//111
f 116//112 88//112 117//112
f 117//113 88//113 118//113
f 118//114 88//114 119//114
f 61//115 88//115 87//115
f 120//116 121//116 23//116
f 23//117 121//117 1//117
f 120//118 122//118 123//118
f 123//119 124//119 120//119
f 120//120 125//120 122//120
f 124//121 126//121 120//121
f 120//122 127//122 125//122
f 126//123 128//123 120//123
f 120//124 129//124 127//124
f 128//125 130//125 120//125
f 120//126 131//126 129//126
f 130//127 132//127 120//127
f 120//128 133//128 131//128
f 132//129 134//129 120//129
f 120//130 135//130 133//130
f 134//131 136//131 120//131
f 120//132 137//132 135//132
f 136//133 138//133 120//133
f 120//134 139//134 137//134
f 138//135 140//135 120//135
f 120//136 141//136 139//136
f 140//137 142//137 120//137
f 142//138 143//138 120//138
f 143//139 144//139 120//139
f 144//140 145//140 120//140
f 145//141 146//141 120//141
f 146//142 147//142 120//142
f 147//143 148//143 120//143
f 148//144 149//144 120//144
f 149//145 150//145 120//145
f 150//146 151//146 120//146
f 151//147 152//147 120//147
f 152//148 153//148 120//148
f 120//149 153//149 121//149
f 153//150 154//150 121//150
f 154//151 155//151 121//151
f 155//152 156//152 121//152
f 156//153 157//153 121//153
f 157//154 158//154 121//154
f 158//155 159//155 121//155
f 159//156 160//156 121//156
f 160//157 161//157 121//157
f 161//158 162//158 121//158
f 162//159 163//159 121//159
f 163//160 164//160 121//160
f 164//161 165//161 121//161
f 165//162 166//162 121//162
f 166//163 167//163 121//163
f 167//164 168//164 121//164
f 168//165 169//165 121//165
f 169//166 170//166 121//166
f 170//167 171//167 121//167
f 171//168 172//168 121//168
f 172//169 173//169 121//169
f 173//170 174//170 121//170
f 174//171 175//171 121//171
f 175//172 176//172 121//172
f 176//173 177//173 121//173
f 177//174 178//174 121//174
f 179//175 180//175 181//175
f 181//176 180//176 182//176
f 182//177 180//177 183//177
f 183//178 180//178 184//178
f 184//179 180//179 185//179
f 185//180 180//180 186//180
f 186//181 180//181 187//181
f 187//182 180//182 188//182
f 188//183 180//183 189//183
f 189//184 180//184 190//184
f 190//185 180//185 191//185
f 191//186 180//186 192//186
f 192//187 180//187 193//187
f 193//188 180//188 194//188
f 194//189 180//189 195//189
f 195//190 180//190 196//190
f 196//191 180//191 197//191
f 197//192 180//192 198//192
f 198//193 180//193 199//193
f 199//194 180//194 200//194
f 200//195 180//195 201//195
f 201//196 180//196 202//196
f 202//197 180//197 203//197
f 203//198 180//198 204//198
f 204//199 180//199 205//199
f 205//200 180//200 206//200
f 206//201 180//201 207//201
f 207//202 180//202 208//202
f 208//203 180//203 209//203
f 209//204 180//204 210//204
f 210//205 180//205 211//205
f 180//206 212//206 211//206
f 211//207 212//207 213//207
f 213//208 212//208 214//208
f 214//209 212//209 215//209
f 215//210 212//210 216//210
f 216//211 212//211 217//211
f 217//212 212//212 218//212
f 218//213 212//213 219//213
f 219//214 212//214 220//214
f 220//215 212//215 221//215
f 221//216 212//216 222//216
f 222//217 212//217 223//217
f 223//218 212//218 224//218
f 224//219 212//219 225//219
f 225//220 212//220 226//220
f 226//221 212//221 227//221
f 227//222 212//222 228//222
f 228//223 212//223 229//223
f 229//224 212//224 230//224
f 230//225 212//225 231//225
f 231//226 212//226 232//226
f 232//227 212//227 233//227
f 233//228 212//228 234//228
f 234//229 212//229 235//229
f 235//230 212//230 236//230
f 236//231 212//231 237//231
f 237//232 212//232 238//232
f 61//233 212//233 88//233
f 88//234 212//234 180//234
f 1//235 61//235 60//235
f 1//236 60//236 32//236
f 212//237 121//237 238//237
f 238//238 121//238 178//238
f 120//239 180//239 239//239
f 120//240 239//240 240//240
f 120//241 240//241 241//241
f 120//242 241//242 242//242
f 120//243 242//243 243//243
f 120//244 243//244 244//244
f 120//245 244//245 141//245
f 239//246 180//246 245//246
f 245//247 180//247 246//247
f 246//248 180//248 247//248
f 247//249 180//249 248//249
f 248//250 180//250 249//250
f 249//251 180//251 179//251
f 88//252 23//252 250//252
f 88//253 250//253 251//253
f 88//254 251//254 252//254
f 88//255 252//255 253//255
f 88//256 253//256 254//256
f 88//257 254//257 255//257
f 88//258 255//258 119//258
f 250//259 23//259 256//259
f 256//260 23//260 257//260
f 257//261 23//261 258//261
f 258//262 23//262 259//262
f 259//263 23//263 260//263
f 260//264 23//264 59//264
f 261//265 262//265 263//265
f 264//266 265//266 262//266
f 264//267 266//267 265//267
f 264//268 262//268 261//268
f 267//269 268//269 266//269
f 267//270 269//270 268//270
f 267//271 270//271 271//271
f 267//272 272//272 270//272
f 267//273 271//273 269//273
f 273//274 274//274 115//274
f 273//275 115//275 116//275
f 273//276 116//276 117//276
f 275//277 60//277 62//277
f 276//278 261//278 277//278
f 276//279 277//279 274//279
f 278//280 264//280 261//280
f 279//281 272//281 267//281
f 279//282 266//282 264//282
f 279//283 267//283 266//283
f 279//284 280//284 272//284
f 279//285 281//285 280//285
f 282//286 273//286 117//286
f 282//287 117//287 118//287
f 282//288 118//288 119//288
f 283//289 276//289 274//289
f 283//290 274//290 273//290
f 284//291 278//291 261//291
f 284//292 261//292 276//292
f 284//293 276//293 283//293
f 285//294 286//294 287//294
f 288//295 279//295 264//295
f 288//296 281//296 279//296
f 288//297 289//297 281//297
f 288//298 290//298 289//298
f 288//299 264//299 278//299
f 291//300 282//300 119//300
f 291//301 119//301 255//301
f 291//302 255//302 254//302
f 292//303 273//303 282//303
f 292//304 283//304 273//304
f 293//305 284//305 283//305
f 294//306 288//306 278//306
f 294//307 278//307 284//307
f 294//308 290//308 288//308
f 294//309 295//309 290//309
f 294//310 296//310 295//310
f 297//311 291//311 254//311
f 297//312 254//312 253//312
f 297//313 253//313 252//313
f 298//314 292//314 282//314
f 298//315 282//315 291//315
f 299//316 293//316 283//316
f 299//317 283//317 292//317
f 300//318 284//318 293//318
f 300//319 294//319 284//319
f 300//320 296//320 294//320
f 300//321 301//321 296//321
f 300//322 302//322 301//322
f 303//323 297//323 252//323
f 303//324 252//324 251//324
f 303//325 251//325 250//325
f 304//326 291//326 297//326
f 304//327 298//327 291//327
f 305//328 292//328 298//328
f 305//329 299//329 292//329
f 305//330 298//330 304//330
f 306//331 300//331 293//331
f 306//332 293//332 299//332
f 306//333 302//333 300//333
f 306//334 307//334 302//334
f 306//335 308//335 307//335
f 309//336 303//336 250//336
f 309//337 250//337 256//337
f 309//338 256//338 257//338
f 310//339 304//339 297//339
f 310//340 297//340 303//340
f 311//341 305//341 304//341
f 311//342 304//342 310//342
f 312//343 299//343 305//343
f 312//344 306//344 299//344
f 312//345 305//345 311//345
f 312//346 308//346 306//346
f 312//347 313//347 308//347
f 312//348 314//348 313//348
f 315//349 309//349 257//349
f 315//350 257//350 258//350
f 315//351 258//351 259//351
f 316//352 303//352 309//352
f 316//353 310//353 303//353
f 317//354 311//354 310//354
f 318//355 312//355 311//355
f 318//356 314//356 312//356
f 318//357 319//357 314//357
f 318//358 320//358 319//358
f 321//359 259//359 260//359
f 321//360 260//360 59//360
f 321//361 315//361 259//361
f 322//362 316//362 309//362
f 322//363 309//363 315//363
f 323//364 310//364 316//364
f 323//365 317//365 310//365
f 324//366 318//366 311//366
f 324//367 311//367 317//367
f 324//368 320//368 318//368
f 324//369 325//369 320//369
f 324//370 326//370 325//370
f 327//371 321//371 59//371
f 327//372 59//372 58//372
f 327//373 58//373 57//373
f 328//374 315//374 321//374
f 328//375 322//375 315//375
f 329//376 322//376 328//376
f 329//377 316//377 322//377
f 329//378 323//378 316//378
f 330//379 326//379 324//379
f 330//380 324//380 317//380
f 330//381 317//381 323//381
f 330//382 331//382 326//382
f 330//383 332//383 331//383
f 333//384 57//384 56//384
f 333//385 56//385 55//385
f 333//386 327//386 57//386
f 334//387 328//387 321//387
f 334//388 321//388 327//388
f 335//389 329//389 328//389
f 336//390 332//390 330//390
f 336//391 337//391 332//391
f 336//392 338//392 337//392
f 336//393 323//393 329//393
f 336//394 330//394 323//394
f 339//395 55//395 54//395
f 339//396 333//396 55//396
f 339//397 54//397 53//397
f 340//398 327//398 333//398
f 340//399 334//399 327//399
f 341//400 335//400 328//400
f 341//401 328//401 334//401
f 342//402 343//402 338//402
f 342//403 344//403 343//403
f 342//404 329//404 335//404
f 342//405 336//405 329//405
f 342//406 338//406 336//406
f 345//407 53//407 52//407
f 345//408 52//408 51//408
f 345//409 339//409 53//409
f 346//410 340//410 333//410
f 346//411 333//411 339//411
f 347//412 334//412 340//412
f 347//413 341//413 334//413
f 348//414 349//414 344//414
f 348//415 350//415 349//415
f 348//416 335//416 341//416
f 348//417 342//417 335//417
f 348//418 344//418 342//418
f 351//419 345//419 51//419
f 351//420 51//420 50//420
f 351//421 50//421 49//421
f 352//422 339//422 345//422
f 352//423 346//423 339//423
f 353//424 340//424 346//424
f 353//425 347//425 340//425
f 353//426 346//426 352//426
f 354//427 355//427 350//427
f 354//428 356//428 355//428
f 354//429 350//429 348//429
f 354//430 341//430 347//430
f 354//431 348//431 341//431
f 357//432 351//432 49//432
f 357//433 49//433 48//433
f 357//434 48//434 47//434
f 358//435 352//435 345//435
f 358//436 345//436 351//436
f 359//437 353//437 352//437
f 360//438 361//438 356//438
f 360//439 362//439 361//439
f 360//440 347//440 353//440
f 360//441 356//441 354//441
f 360//442 354//442 347//442
f 363//443 357//443 47//443
f 363//444 47//444 46//444
f 363//445 46//445 45//445
f 364//446 358//446 351//446
f 364//447 351//447 357//447
f 365//448 359//448 352//448
f 365//449 352//449 358//449
f 366//450 367//450 362//450
f 366//451 368//451 367//451
f 366//452 362//452 360//452
f 366//453 353//453 359//453
f 366//454 360//454 353//454
f 369//455 363//455 45//455
f 369//456 45//456 44//456
f 369//457 44//457 43//457
f 370//458 364//458 357//458
f 370//459 357//459 363//459
f 371//460 358//460 364//460
f 371//461 365//461 358//461
f 372//462 373//462 368//462
f 372//463 374//463 373//463
f 372//464 368//464 366//464
f 372//465 359//465 365//465
f 372//466 366//466 359//466
f 375//467 369//467 43//467
f 375//468 43//468 42//468
f 375//469 42//469 41//469
f 376//470 363//470 369//470
f 376//471 370//471 363//471
f 377//472 364//472 370//472
f 377//473 371//473 364//473
f 378//474 379//474 374//474
f 378//475 380//475 379//475
f 378//476 365//476 371//476
f 378//477 374//477 372//477
f 378//478 372//478 365//478
f 381//479 41//479 40//479
f 381//480 40//480 39//480
f 381//481 375//481 41//481
f 382//482 376//482 369//482
f 382//483 369//483 375//483
f 383//484 370//484 376//484
f 383//485 377//485 370//485
f 384//486 371//486 377//486
f 384//487 380//487 378//487
f 384//488 385//488 380//488
f 384//489 386//489 385//489
f 384//490 378//490 371//490
f 387//491 381//491 39//491
f 387//492 39//492 38//492
f 387//493 38//493 37//493
f 388//494 375//494 381//494
f 388//495 382//495 375//495
f 388//496 381//496 387//496
f 389//497 383//497 376//497
f 389//498 376//498 382//498
f 390//499 377//499 383//499
f 390//500 384//500 377//500
f 390//501 391//501 386//501
f 390//502 392//502 391//502
f 390//503 386//503 384//503
f 393//504 387//504 37//504
f 393//505 37//505 36//505
f 393//506 36//506 35//506
f 394//507 387//507 393//507
f 394//508 388//508 387//508
f 395//509 382//509 388//509
f 395//510 389//510 382//510
f 396//511 390//511 383//511
f 396//512 383//512 389//512
f 396//513 397//513 392//513
f 396//514 398//514 397//514
f 396//515 392//515 390//515
f 399//516 393//516 35//516
f 399//517 35//517 34//517
f 399//518 34//518 33//518
f 400//519 394//519 393//519
f 401//520 395//520 388//520
f 401//521 388//521 394//521
f 402//522 396//522 389//522
f 402//523 403//523 398//523
f 402//524 404//524 403//524
f 402//525 389//525 395//525
f 402//526 398//526 396//526
f 405//527 33//527 31//527
f 405//528 31//528 29//528
f 405//529 399//529 33//529
f 406//530 393//530 399//530
f 406//531 400//531 393//531
f 407//532 401//532 394//532
f 407//533 394//533 400//533
f 408//534 401//534 407//534
f 408//535 409//535 404//535
f 408//536 410//536 409//536
f 408//537 395//537 401//537
f 408//538 402//538 395//538
f 408//539 404//539 402//539
f 411//540 29//540 27//540
f 411//541 27//541 25//541
f 411//542 405//542 29//542
f 412//543 406//543 399//543
f 412//544 399//544 405//544
f 412//545 405//545 411//545
f 413//546 400//546 406//546
f 413//547 407//547 400//547
f 414//548 415//548 410//548
f 414//549 416//549 415//549
f 414//550 408//550 407//550
f 414//551 410//551 408//551
f 417//552 25//552 22//552
f 417//553 22//553 20//553
f 417//554 411//554 25//554
f 418//555 412//555 411//555
f 418//556 411//556 417//556
f 419//557 406//557 412//557
f 419//558 413//558 406//558
f 420//559 421//559 416//559
f 420//560 422//560 421//560
f 420//561 416//561 414//561
f 420//562 407//562 413//562
f 420//563 414//563 407//563
f 420//564 413//564 419//564
f 423//565 20//565 18//565
f 423//566 18//566 16//566
f 423//567 417//567 20//567
f 424//568 418//568 417//568
f 425//569 412//569 418//569
f 425//570 419//570 412//570
f 426//571 427//571 422//571
f 426//572 428//572 427//572
f 426//573 422//573 420//573
f 426//574 420//574 419//574
f 429//575 16//575 14//575
f 429//576 14//576 12//576
f 429//577 423//577 16//577
f 430//578 417//578 423//578
f 430//579 424//579 417//579
f 431//580 425//580 418//580
f 431//581 418//581 424//581
f 432//582 426//582 419//582
f 432//583 433//583 428//583
f 432//584 434//584 433//584
f 432//585 428//585 426//585
f 432//586 419//586 425//586
f 435//587 12//587 10//587
f 435//588 10//588 8//588
f 435//589 429//589 12//589
f 436//590 423//590 429//590
f 436//591 430//591 423//591
f 436//592 429//592 435//592
f 437//593 424//593 430//593
f 437//594 431//594 424//594
f 438//595 425//595 431//595
f 438//596 434//596 432//596
f 438//597 439//597 434//597
f 438//598 440//598 439//598
f 438//599 432//599 425//599
f 441//600 435//600 8//600
f 441//601 8//601 6//601
f 441//602 6//602 4//602
f 442//603 436//603 435//603
f 443//604 430//604 436//604
f 443//605 437//605 430//605
f 444//606 431//606 437//606
f 444//607 440//607 438//607
f 444//608 445//608 440//608
f 444//609 446//609 445//609
f 444//610 438//610 431//610
f 447//611 4//611 3//611
f 447//612 3//612 2//612
f 447//613 441//613 4//613
f 448//614 435//614 441//614
f 448//615 442//615 435//615
f 448//616 441//616 447//616
f 449//617 443//617 436//617
f 449//618 436//618 442//618
f 450//619 451//619 446//619
f 450//620 452//620 451//620
f 450//621 446//621 444//621
f 450//622 444//622 437//622
f 450//623 437//623 443//623
f 453//624 2//624 5//624
f 453//625 5//625 7//625
f 453//626 447//626 2//626
f 454//627 448//627 447//627
f 455//628 449//628 442//628
f 455//629 442//629 448//629
f 456//630 452//630 450//630
f 456//631 457//631 452//631
f 456//632 458//632 457//632
f 456//633 443//633 449//633
f 456//634 450//634 443//634
f 459//635 7//635 9//635
f 459//636 9//636 11//636
f 459//637 453//637 7//637
f 460//638 447//638 453//638
f 460//639 454//639 447//639
f 461//640 455//640 448//640
f 461//641 448//641 454//641
f 462//642 463//642 458//642
f 462//643 464//643 463//643
f 462//644 449//644 455//644
f 462//645 458//645 456//645
f 462//646 456//646 449//646
f 465//647 459//647 11//647
f 465//648 11//648 13//648
f 465//649 13//649 15//649
f 466//650 453//650 459//650
f 466//651 459//651 465//651
f 466//652 460//652 453//652
f 467//653 454//653 460//653
f 467//654 461//654 454//654
f 468//655 469//655 464//655
f 468//656 470//656 469//656
f 468//657 464//657 462//657
f 468//658 455//658 461//658
f 468//659 462//659 455//659
f 471//660 15//660 17//660
f 471//661 17//661 19//661
f 471//662 465//662 15//662
f 472//663 466//663 465//663
f 473//664 460//664 466//664
f 473//665 467//665 460//665
f 474//666 475//666 470//666
f 474//667 476//667 475//667
f 474//668 470//668 468//668
f 474//669 461//669 467//669
f 474//670 468//670 461//670
f 477//671 471//671 19//671
f 477//672 19//672 21//672
f 477//673 21//673 24//673
f 478//674 465//674 471//674
f 478//675 472//675 465//675
f 479//676 466//676 472//676
f 479//677 473//677 466//677
f 480//678 481//678 476//678
f 480//679 482//679 481//679
f 480//680 476//680 474//680
f 480//681 467//681 473//681
f 480//682 474//682 467//682
f 483//683 24//683 26//683
f 483//684 26//684 28//684
f 483//685 477//685 24//685
f 484//686 478//686 471//686
f 484//687 471//687 477//687
f 484//688 477//688 483//688
f 485//689 479//689 472//689
f 485//690 472//690 478//690
f 486//691 473//691 479//691
f 486//692 487//692 482//692
f 486//693 488//693 487//693
f 486//694 482//694 480//694
f 486//695 480//695 473//695
f 489//696 28//696 30//696
f 489//697 30//697 32//697
f 489//698 32//698 275//698
f 489//699 483//699 28//699
f 490//700 484//700 483//700
f 491//701 478//701 484//701
f 491//702 485//702 478//702
f 492//703 486//703 479//703
f 492//704 488//704 486//704
f 492//705 479//705 485//705
f 492//706 493//706 488//706
f 492//707 494//707 493//707
f 495//708 489//708 275//708
f 495//709 275//709 496//709
f 495//710 483//710 489//710
f 495//711 490//711 483//711
f 497//712 484//712 490//712
f 497//713 491//713 484//713
f 498//714 485//714 491//714
f 498//715 491//715 497//715
f 498//716 494//716 492//716
f 498//717 499//717 494//717
f 498//718 500//718 499//718
f 498//719 492//719 485//719
f 501//720 497//720 490//720
f 501//721 496//721 502//721
f 501//722 502//722 287//722
f 501//723 490//723 495//723
f 501//724 495//724 496//724
f 503//725 498//725 497//725
f 503//726 500//726 498//726
f 503//727 504//727 500//727
f 503//728 505//728 504//728
f 503//729 497//729 501//729
f 506//730 501//730 287//730
f 506//731 503//731 501//731
f 506//732 505//732 503//732
f 506//733 507//733 505//733
f 506//734 508//734 507//734
f 506//735 287//735 508//735
f 275//736 32//736 60//736
f 286//737 508//737 287//737
f 509//738 62//738 63//738
f 509//739 63//739 64//739
f 509//740 275//740 62//740
f 510//741 64//741 65//741
f 510//742 65//742 66//742
f 510//743 509//743 64//743
f 511//744 496//744 275//744
f 511//745 275//745 509//745
f 512//746 66//746 67//746
f 512//747 67//747 68//747
f 512//748 510//748 66//748
f 513//749 509//749 510//749
f 513//750 511//750 509//750
f 514//751 502//751 496//751
f 514//752 496//752 511//752
f 515//753 68//753 69//753
f 515//754 69//754 70//754
f 515//755 512//755 68//755
f 516//756 510//756 512//756
f 516//757 513//757 510//757
f 517//758 511//758 513//758
f 517//759 514//759 511//759
f 518//760 287//760 502//760
f 518//761 519//761 285//761
f 518//762 520//762 519//762
f 518//763 502//763 514//763
f 518//764 285//764 287//764
f 521//765 70//765 71//765
f 521//766 515//766 70//766
f 521//767 71//767 72//767
f 522//768 512//768 515//768
f 522//769 516//769 512//769
f 523//770 517//770 513//770
f 523//771 513//771 516//771
f 524//772 514//772 517//772
f 524//773 525//773 520//773
f 524//774 526//774 525//774
f 524//775 518//775 514//775
f 524//776 520//776 518//776
f 527//777 72//777 73//777
f 527//778 73//778 74//778
f 527//779 521//779 72//779
f 528//780 522//780 515//780
f 528//781 515//781 521//781
f 529//782 516//782 522//782
f 529//783 523//783 516//783
f 530//784 524//784 517//784
f 530//785 531//785 526//785
f 530//786 532//786 531//786
f 530//787 526//787 524//787
f 530//788 517//788 523//788
f 533//789 74//789 75//789
f 533//790 75//790 76//790
f 533//791 527//791 74//791
f 534//792 528//792 521//792
f 534//793 521//793 527//793
f 535//794 522//794 528//794
f 535//795 529//795 522//795
f 536//796 530//796 523//796
f 536//797 537//797 532//797
f 536//798 538//798 537//798
f 536//799 523//799 529//799
f 536//800 532//800 530//800
f 539//801 76//801 77//801
f 539//802 77//802 78//802
f 539//803 533//803 76//803
f 540//804 534//804 527//804
f 540//805 527//805 533//805
f 541//806 535//806 528//806
f 541//807 528//807 534//807
f 542//808 529//808 535//808
f 542//809 543//809 538//809
f 542//810 544//810 543//810
f 542//811 536//811 529//811
f 542//812 538//812 536//812
f 545//813 539//813 78//813
f 545//814 78//814 79//814
f 545//815 79//815 80//815
f 546//816 540//816 533//816
f 546//817 533//817 539//817
f 547//818 534//818 540//818
f 547//819 541//819 534//819
f 548//820 541//820 547//820
f 548//821 544//821 542//821
f 548//822 549//822 544//822
f 548//823 550//823 549//823
f 548//824 535//824 541//824
f 548//825 542//825 535//825
f 551//826 80//826 81//826
f 551//827 81//827 82//827
f 551//828 545//828 80//828
f 552//829 546//829 539//829
f 552//830 539//830 545//830
f 553//831 540//831 546//831
f 553//832 547//832 540//832
f 554//833 550//833 548//833
f 554//834 555//834 550//834
f 554//835 556//835 555//835
f 554//836 548//836 547//836
f 557//837 82//837 83//837
f 557//838 83//838 84//838
f 557//839 551//839 82//839
f 558//840 545//840 551//840
f 558//841 552//841 545//841
f 559//842 546//842 552//842
f 559//843 553//843 546//843
f 560//844 554//844 547//844
f 560//845 556//845 554//845
f 560//846 561//846 556//846
f 560//847 562//847 561//847
f 560//848 547//848 553//848
f 563//849 84//849 85//849
f 563//850 85//850 86//850
f 563//851 557//851 84//851
f 564//852 557//852 563//852
f 564//853 558//853 551//853
f 564//854 551//854 557//854
f 565//855 552//855 558//855
f 565//856 559//856 552//856
f 565//857 558//857 564//857
f 566//858 560//858 553//858
f 566//859 562//859 560//859
f 566//860 567//860 562//860
f 566//861 568//861 567//861
f 566//862 553//862 559//862
f 569//863 86//863 87//863
f 569//864 563//864 86//864
f 569//865 87//865 89//865
f 570//866 564//866 563//866
f 571//867 565//867 564//867
f 572//868 573//868 568//868
f 572//869 574//869 573//869
f 572//870 566//870 559//870
f 572//871 568//871 566//871
f 572//872 559//872 565//872
f 575//873 89//873 90//873
f 575//874 90//874 91//874
f 575//875 569//875 89//875
f 576//876 570//876 563//876
f 576//877 563//877 569//877
f 577//878 571//878 564//878
f 577//879 570//879 576//879
f 577//880 564//880 570//880
f 578//881 579//881 574//881
f 578//882 580//882 579//882
f 578//883 574//883 572//883
f 578//884 565//884 571//884
f 578//885 572//885 565//885
f 581//886 91//886 92//886
f 581//887 92//887 93//887
f 581//888 575//888 91//888
f 582//889 576//889 569//889
f 582//890 569//890 575//890
f 583//891 577//891 576//891
f 583//892 576//892 582//892
f 584//893 578//893 571//893
f 584//894 580//894 578//894
f 584//895 585//895 580//895
f 584//896 586//896 585//896
f 584//897 571//897 577//897
f 587//898 93//898 94//898
f 587//899 94//899 95//899
f 587//900 581//900 93//900
f 588//901 575//901 581//901
f 588//902 582//902 575//902
f 589//903 583//903 582//903
f 590//904 586//904 584//904
f 590//905 577//905 583//905
f 590//906 591//906 586//906
f 590//907 592//907 591//907
f 590//908 584//908 577//908
f 593//909 95//909 96//909
f 593//910 96//910 97//910
f 593//911 587//911 95//911
f 594//912 587//912 593//912
f 594//913 581//913 587//913
f 594//914 588//914 581//914
f 595//915 589//915 582//915
f 595//916 582//916 588//916
f 596//917 592//917 590//917
f 596//918 583//918 589//918
f 596//919 597//919 592//919
f 596//920 598//920 597//920
f 596//921 590//921 583//921
f 599//922 97//922 98//922
f 599//923 98//923 99//923
f 599//924 593//924 97//924
f 600//925 594//925 593//925
f 601//926 588//926 594//926
f 601//927 595//927 588//927
f 602//928 589//928 595//928
f 602//929 596//929 589//929
f 602//930 598//930 596//930
f 602//931 603//931 598//931
f 602//932 604//932 603//932
f 605//933 599//933 99//933
f 605//934 99//934 100//934
f 605//935 100//935 101//935
f 606//936 600//936 593//936
f 606//937 593//937 599//937
f 606//938 599//938 605//938
f 607//939 601//939 594//939
f 607//940 594//940 600//940
f 608//941 604//941 602//941
f 608//942 602//942 595//942
f 608//943 609//943 604//943
f 608//944 610//944 609//944
f 608//945 595//945 601//945
f 611//946 101//946 102//946
f 611//947 102//947 103//947
f 611//948 605//948 101//948
f 612//949 606//949 605//949
f 613//950 600//950 606//950
f 613//951 607//951 600//951
f 614//952 607//952 613//952
f 614//953 601//953 607//953
f 614//954 608//954 601//954
f 614//955 615//955 610//955
f 614//956 616//956 615//956
f 614//957 610//957 608//957
f 617//958 103//958 104//958
f 617//959 104//959 105//959
f 617//960 611//960 103//960
f 618//961 612//961 605//961
f 618//962 611//962 617//962
f 618//963 605//963 611//963
f 619//964 613//964 606//964
f 619//965 606//965 612//965
f 620//966 621//966 616//966
f 620//967 622//967 621//967
f 620//968 614//968 613//968
f 620//969 616//969 614//969
f 623//970 105//970 106//970
f 623//971 106//971 107//971
f 623//972 617//972 105//972
f 624//973 617//973 623//973
f 624//974 618//974 617//974
f 625//975 619//975 612//975
f 625//976 612//976 618//976
f 626//977 619//977 625//977
f 626//978 613//978 619//978
f 626//979 627//979 622//979
f 626//980 628//980 627//980
f 626//981 622//981 620//981
f 626//982 620//982 613//982
f 629//983 623//983 107//983
f 629//984 107//984 108//984
f 629//985 108//985 109//985
f 630//986 624//986 623//986
f 631//987 618//987 624//987
f 631//988 625//988 618//988
f 632//989 628//989 626//989
f 632//990 626//990 625//990
f 632//991 633//991 628//991
f 632//992 634//992 633//992
f 263//993 629//993 109//993
f 263//994 109//994 110//994
f 263//995 110//995 111//995
f 265//996 630//996 623//996
f 265//997 623//997 629//997
f 268//998 630//998 265//998
f 268//999 631//999 624//999
f 268//1000 624//1000 630//1000
f 635//1001 631//1001 268//1001
f 635//1002 634//1002 632//1002
f 635//1003 625//1003 631//1003
f 635//1004 632//1004 625//1004
f 635//1005 636//1005 634//1005
f 635//1006 637//1006 636//1006
f 277//1007 111//1007 112//1007
f 277//1008 112//1008 113//1008
f 277//1009 263//1009 111//1009
f 262//1010 629//1010 263//1010
f 262//1011 265//1011 629//1011
f 266//1012 268//1012 265//1012
f 269//1013 635//1013 268//1013
f 269//1014 638//1014 637//1014
f 269//1015 271//1015 638//1015
f 269//1016 637//1016 635//1016
f 274//1017 277//1017 113//1017
f 274//1018 113//1018 114//1018
f 274//1019 114//1019 115//1019
f 261//1020 263//1020 277//1020
f 639//1021 180//1021 120//1021
f 639//1022 640//1022 180//1022
f 641//1023 120//1023 23//1023
f 641//1024 639//1024 120//1024
f 640//1025 88//1025 180//1025
f 640//1026 642//1026 88//1026
f 642//1027 23//1027 88//1027
f 642//1028 641//1028 23//1028
f 643//1029 644//1029 212//1029
f 643//1030 212//1030 61//1030
f 645//1031 643//1031 61//1031
f 645//1032 61//1032 1//1032
f 646//1033 645//1033 1//1033
f 646//1034 1//1034 121//1034
f 647//1035 121//1035 648//1035
f 649//1036 650//1036 212//1036
f 650//1037 648//1037 212//1037
f 212//1038 648//1038 121//1038
f 651//1039 652//1039 653//1039
f 654//1040 655//1040 652//1040
f 654//1041 656//1041 655//1041
f 654//1042 652//1042 651//1042
f 657//1043 658//1043 656//1043
f 657//1044 659//1044 658//1044
f 657//1045 660//1045 661//1045
f 657//1046 662//1046 660//1046
f 657//1047 661//1047 659//1047
f 663//1048 664//1048 228//1048
f 663//1049 228//1049 229//1049
f 663//1050 229//1050 230//1050
f 665//1051 239//1051 245//1051
f 666//1052 651//1052 667//1052
f 666//1053 667//1053 664//1053
f 668//1054 654//1054 651//1054
f 669//1055 662//1055 657//1055
f 669//1056 656//1056 654//1056
f 669//1057 657//1057 656//1057
f 669//1058 670//1058 662//1058
f 669//1059 671//1059 670//1059
f 672//1060 663//1060 230//1060
f 672//1061 230//1061 231//1061
f 672//1062 231//1062 232//1062
f 673//1063 666//1063 664//1063
f 673//1064 664//1064 663//1064
f 674//1065 668//1065 651//1065
f 674//1066 651//1066 666//1066
f 674//1067 666//1067 673//1067
f 675//1068 676//1068 677//1068
f 678//1069 669//1069 654//1069
f 678//1070 671//1070 669//1070
f 678//1071 679//1071 671//1071
f 678//1072 680//1072 679//1072
f 678//1073 654//1073 668//1073
f 681//1074 672//1074 232//1074
f 681//1075 232//1075 233//1075
f 681//1076 233//1076 234//1076
f 682//1077 663//1077 672//1077
f 682//1078 673//1078 663//1078
f 683//1079 674//1079 673//1079
f 684//1080 678//1080 668//1080
f 684//1081 668//1081 674//1081
f 684//1082 680//1082 678//1082
f 684//1083 685//1083 680//1083
f 684//1084 686//1084 685//1084
f 687//1085 681//1085 234//1085
f 687//1086 234//1086 235//1086
f 687//1087 235//1087 236//1087
f 688//1088 682//1088 672//1088
f 688//1089 672//1089 681//1089
f 689//1090 683//1090 673//1090
f 689//1091 673//1091 682//1091
f 690//1092 674//1092 683//1092
f 690//1093 684//1093 674//1093
f 690//1094 686//1094 684//1094
f 690//1095 691//1095 686//1095
f 690//1096 692//1096 691//1096
f 693//1097 687//1097 236//1097
f 693//1098 236//1098 237//1098
f 693//1099 237//1099 238//1099
f 694//1100 681//1100 687//1100
f 694//1101 688//1101 681//1101
f 695//1102 682//1102 688//1102
f 695//1103 689//1103 682//1103
f 695//1104 688//1104 694//1104
f 696//1105 690//1105 683//1105
f 696//1106 683//1106 689//1106
f 696//1107 692//1107 690//1107
f 696//1108 697//1108 692//1108
f 696//1109 698//1109 697//1109
f 699//1110 693//1110 238//1110
f 699//1111 238//1111 178//1111
f 699//1112 178//1112 177//1112
f 700//1113 694//1113 687//1113
f 700//1114 687//1114 693//1114
f 701//1115 695//1115 694//1115
f 701//1116 694//1116 700//1116
f 702//1117 689//1117 695//1117
f 702//1118 696//1118 689//1118
f 702//1119 695//1119 701//1119
f 702//1120 698//1120 696//1120
f 702//1121 703//1121 698//1121
f 702//1122 704//1122 703//1122
f 705//1123 699//1123 177//1123
f 705//1124 177//1124 176//1124
f 705//1125 176//1125 175//1125
f 706//1126 693//1126 699//1126
f 706//1127 700//1127 693//1127
f 707//1128 701//1128 700//1128
f 708//1129 702//1129 701//1129
f 708//1130 704//1130 702//1130
f 708//1131 709//1131 704//1131
f 708//1132 710//1132 709//1132
f 711//1133 175//1133 174//1133
f 711//1134 174//1134 173//1134
f 711//1135 705//1135 175//1135
f 712//1136 706//1136 699//1136
f 712//1137 699//1137 705//1137
f 713//1138 700//1138 706//1138
f 713//1139 707//1139 700//1139
f 714//1140 708//1140 701//1140
f 714//1141 701//1141 707//1141
f 714//1142 710//1142 708//1142
f 714//1143 715//1143 710//1143
f 714//1144 716//1144 715//1144
f 717//1145 711//1145 173//1145
f 717//1146 173//1146 172//1146
f 717//1147 172//1147 171//1147
f 718//1148 705//1148 711//1148
f 718//1149 712//1149 705//1149
f 719//1150 712//1150 718//1150
f 719//1151 706//1151 712//1151
f 719//1152 713//1152 706//1152
f 720//1153 716//1153 714//1153
f 720//1154 714//1154 707//1154
f 720//1155 707//1155 713//1155
f 720//1156 721//1156 716//1156
f 720//1157 722//1157 721//1157
f 723//1158 171//1158 170//1158
f 723//1159 170//1159 169//1159
f 723//1160 717//1160 171//1160
f 724//1161 718//1161 711//1161
f 724//1162 711//1162 717//1162
f 725//1163 719//1163 718//1163
f 726//1164 722//1164 720//1164
f 726//1165 727//1165 722//1165
f 726//1166 728//1166 727//1166
f 726//1167 713//1167 719//1167
f 726//1168 720//1168 713//1168
f 729//1169 169//1169 168//1169
f 729//1170 723//1170 169//1170
f 729//1171 168//1171 167//1171
f 730//1172 717//1172 723//1172
f 730//1173 724//1173 717//1173
f 731//1174 725//1174 718//1174
f 731//1175 718//1175 724//1175
f 732//1176 733//1176 728//1176
f 732//1177 734//1177 733//1177
f 732//1178 719//1178 725//1178
f 732//1179 726//1179 719//1179
f 732//1180 728//1180 726//1180
f 735//1181 167//1181 166//1181
f 735//1182 166//1182 165//1182
f 735//1183 729//1183 167//1183
f 736//1184 730//1184 723//1184
f 736//1185 723//1185 729//1185
f 737//1186 724//1186 730//1186
f 737//1187 731//1187 724//1187
f 738//1188 739//1188 734//1188
f 738//1189 740//1189 739//1189
f 738//1190 725//1190 731//1190
f 738//1191 732//1191 725//1191
f 738//1192 734//1192 732//1192
f 741//1193 735//1193 165//1193
f 741//1194 165//1194 164//1194
f 741//1195 164//1195 163//1195
f 742//1196 729//1196 735//1196
f 742//1197 736//1197 729//1197
f 743//1198 730//1198 736//1198
f 743//1199 737//1199 730//1199
f 743//1200 736//1200 742//1200
f 744//1201 745//1201 740//1201
f 744//1202 746//1202 745//1202
f 744//1203 740//1203 738//1203
f 744//1204 731//1204 737//1204
f 744//1205 738//1205 731//1205
f 747//1206 741//1206 163//1206
f 747//1207 163//1207 162//1207
f 747//1208 162//1208 161//1208
f 748//1209 742//1209 735//1209
f 748//1210 735//1210 741//1210
f 749//1211 743//1211 742//1211
f 750//1212 751//1212 746//1212
f 750//1213 752//1213 751//1213
f 750//1214 737//1214 743//1214
f 750//1215 746//1215 744//1215
f 750//1216 744//1216 737//1216
f 753//1217 747//1217 161//1217
f 753//1218 161//1218 160//1218
f 753//1219 160//1219 159//1219
f 754//1220 748//1220 741//1220
f 754//1221 741//1221 747//1221
f 755//1222 749//1222 742//1222
f 755//1223 742//1223 748//1223
f 756//1224 757//1224 752//1224
f 756//1225 758//1225 757//1225
f 756//1226 752//1226 750//1226
f 756//1227 743//1227 749//1227
f 756//1228 750//1228 743//1228
f 759//1229 753//1229 159//1229
f 759//1230 159//1230 158//1230
f 759//1231 158//1231 157//1231
f 760//1232 754//1232 747//1232
f 760//1233 747//1233 753//1233
f 761//1234 748//1234 754//1234
f 761//1235 755//1235 748//1235
f 762//1236 763//1236 758//1236
f 762//1237 764//1237 763//1237
f 762//1238 758//1238 756//1238
f 762//1239 749//1239 755//1239
f 762//1240 756//1240 749//1240
f 765//1241 759//1241 157//1241
f 765//1242 157//1242 156//1242
f 765//1243 156//1243 155//1243
f 766//1244 753//1244 759//1244
f 766//1245 760//1245 753//1245
f 767//1246 754//1246 760//1246
f 767//1247 761//1247 754//1247
f 768//1248 769//1248 764//1248
f 768//1249 770//1249 769//1249
f 768//1250 755//1250 761//1250
f 768//1251 764//1251 762//1251
f 768//1252 762//1252 755//1252
f 771//1253 155//1253 154//1253
f 771//1254 154//1254 153//1254
f 771//1255 765//1255 155//1255
f 772//1256 766//1256 759//1256
f 772//1257 759//1257 765//1257
f 773//1258 760//1258 766//1258
f 773//1259 767//1259 760//1259
f 774//1260 761//1260 767//1260
f 774//1261 770//1261 768//1261
f 774//1262 775//1262 770//1262
f 774//1263 776//1263 775//1263
f 774//1264 768//1264 761//1264
f 777//1265 771//1265 153//1265
f 777//1266 153//1266 152//1266
f 777//1267 152//1267 151//1267
f 778//1268 765//1268 771//1268
f 778//1269 772//1269 765//1269
f 778//1270 771//1270 777//1270
f 779//1271 773//1271 766//1271
f 779//1272 766//1272 772//1272
f 780//1273 767//1273 773//1273
f 780//1274 774//1274 767//1274
f 780//1275 781//1275 776//1275
f 780//1276 782//1276 781//1276
f 780//1277 776//1277 774//1277
f 783//1278 777//1278 151//1278
f 783//1279 151//1279 150//1279
f 783//1280 150//1280 149//1280
f 784//1281 777//1281 783//1281
f 784//1282 778//1282 777//1282
f 785//1283 772//1283 778//1283
f 785//1284 779//1284 772//1284
f 786//1285 780//1285 773//1285
f 786//1286 773//1286 779//1286
f 786//1287 787//1287 782//1287
f 786//1288 788//1288 787//1288
f 786//1289 782//1289 780//1289
f 789//1290 783//1290 149//1290
f 789//1291 149//1291 148//1291
f 789//1292 148//1292 147//1292
f 790//1293 784//1293 783//1293
f 791//1294 785//1294 778//1294
f 791//1295 778//1295 784//1295
f 792//1296 786//1296 779//1296
f 792//1297 793//1297 788//1297
f 792//1298 794//1298 793//1298
f 792//1299 779//1299 785//1299
f 792//1300 788//1300 786//1300
f 795//1301 147//1301 146//1301
f 795//1302 146//1302 145//1302
f 795//1303 789//1303 147//1303
f 796//1304 783//1304 789//1304
f 796//1305 790//1305 783//1305
f 797//1306 791//1306 784//1306
f 797//1307 784//1307 790//1307
f 798//1308 791//1308 797//1308
f 798//1309 799//1309 794//1309
f 798//1310 800//1310 799//1310
f 798//1311 785//1311 791//1311
f 798//1312 792//1312 785//1312
f 798//1313 794//1313 792//1313
f 801//1314 145//1314 144//1314
f 801//1315 144//1315 143//1315
f 801//1316 795//1316 145//1316
f 802//1317 796//1317 789//1317
f 802//1318 789//1318 795//1318
f 802//1319 795//1319 801//1319
f 803//1320 790//1320 796//1320
f 803//1321 797//1321 790//1321
f 804//1322 805//1322 800//1322
f 804//1323 806//1323 805//1323
f 804//1324 798//1324 797//1324
f 804//1325 800//1325 798//1325
f 807//1326 143//1326 142//1326
f 807//1327 142//1327 140//1327
f 807//1328 801//1328 143//1328
f 808//1329 802//1329 801//1329
f 808//1330 801//1330 807//1330
f 809//1331 796//1331 802//1331
f 809//1332 803//1332 796//1332
f 810//1333 811//1333 806//1333
f 810//1334 812//1334 811//1334
f 810//1335 806//1335 804//1335
f 810//1336 797//1336 803//1336
f 810//1337 804//1337 797//1337
f 810//1338 803//1338 809//1338
f 813//1339 140//1339 138//1339
f 813//1340 138//1340 136//1340
f 813//1341 807//1341 140//1341
f 814//1342 808//1342 807//1342
f 815//1343 802//1343 808//1343
f 815//1344 809//1344 802//1344
f 816//1345 817//1345 812//1345
f 816//1346 818//1346 817//1346
f 816//1347 812//1347 810//1347
f 816//1348 810//1348 809//1348
f 819//1349 136//1349 134//1349
f 819//1350 134//1350 132//1350
f 819//1351 813//1351 136//1351
f 820//1352 807//1352 813//1352
f 820//1353 814//1353 807//1353
f 821//1354 815//1354 808//1354
f 821//1355 808//1355 814//1355
f 822//1356 816//1356 809//1356
f 822//1357 823//1357 818//1357
f 822//1358 824//1358 823//1358
f 822//1359 818//1359 816//1359
f 822//1360 809//1360 815//1360
f 825//1361 132//1361 130//1361
f 825//1362 130//1362 128//1362
f 825//1363 819//1363 132//1363
f 826//1364 813//1364 819//1364
f 826//1365 820//1365 813//1365
f 826//1366 819//1366 825//1366
f 827//1367 814//1367 820//1367
f 827//1368 821//1368 814//1368
f 828//1369 815//1369 821//1369
f 828//1370 824//1370 822//1370
f 828//1371 829//1371 824//1371
f 828//1372 830//1372 829//1372
f 828//1373 822//1373 815//1373
f 831//1374 825//1374 128//1374
f 831//1375 128//1375 126//1375
f 831//1376 126//1376 124//1376
f 832//1377 826//1377 825//1377
f 833//1378 820//1378 826//1378
f 833//1379 827//1379 820//1379
f 834//1380 821//1380 827//1380
f 834//1381 830//1381 828//1381
f 834//1382 835//1382 830//1382
f 834//1383 836//1383 835//1383
f 834//1384 828//1384 821//1384
f 837//1385 124//1385 123//1385
f 837//1386 123//1386 122//1386
f 837//1387 831//1387 124//1387
f 838//1388 825//1388 831//1388
f 838//1389 832//1389 825//1389
f 838//1390 831//1390 837//1390
f 839//1391 833//1391 826//1391
f 839//1392 826//1392 832//1392
f 840//1393 841//1393 836//1393
f 840//1394 842//1394 841//1394
f 840//1395 836//1395 834//1395
f 840//1396 834//1396 827//1396
f 840//1397 827//1397 833//1397
f 843//1398 122//1398 125//1398
f 843//1399 125//1399 127//1399
f 843//1400 837//1400 122//1400
f 844//1401 838//1401 837//1401
f 845//1402 839//1402 832//1402
f 845//1403 832//1403 838//1403
f 846//1404 842//1404 840//1404
f 846//1405 847//1405 842//1405
f 846//1406 848//1406 847//1406
f 846//1407 833//1407 839//1407
f 846//1408 840//1408 833//1408
f 849//1409 127//1409 129//1409
f 849//1410 129//1410 131//1410
f 849//1411 843//1411 127//1411
f 850//1412 837//1412 843//1412
f 850//1413 844//1413 837//1413
f 851//1414 845//1414 838//1414
f 851//1415 838//1415 844//1415
f 852//1416 853//1416 848//1416
f 852//1417 854//1417 853//1417
f 852//1418 839//1418 845//1418
f 852//1419 848//1419 846//1419
f 852//1420 846//1420 839//1420
f 855//1421 849//1421 131//1421
f 855//1422 131//1422 133//1422
f 855//1423 133//1423 135//1423
f 856//1424 843//1424 849//1424
f 856//1425 849//1425 855//1425
f 856//1426 850//1426 843//1426
f 857//1427 844//1427 850//1427
f 857//1428 851//1428 844//1428
f 858//1429 859//1429 854//1429
f 858//1430 860//1430 859//1430
f 858//1431 854//1431 852//1431
f 858//1432 845//1432 851//1432
f 858//1433 852//1433 845//1433
f 861//1434 135//1434 137//1434
f 861//1435 137//1435 139//1435
f 861//1436 855//1436 135//1436
f 862//1437 856//1437 855//1437
f 863//1438 850//1438 856//1438
f 863//1439 857//1439 850//1439
f 864//1440 865//1440 860//1440
f 864//1441 866//1441 865//1441
f 864//1442 860//1442 858//1442
f 864//1443 851//1443 857//1443
f 864//1444 858//1444 851//1444
f 867//1445 861//1445 139//1445
f 867//1446 139//1446 141//1446
f 867//1447 141//1447 244//1447
f 868//1448 855//1448 861//1448
f 868//1449 862//1449 855//1449
f 869//1450 856//1450 862//1450
f 869//1451 863//1451 856//1451
f 870//1452 871//1452 866//1452
f 870//1453 872//1453 871//1453
f 870//1454 866//1454 864//1454
f 870//1455 857//1455 863//1455
f 870//1456 864//1456 857//1456
f 873//1457 244//1457 243//1457
f 873//1458 243//1458 242//1458
f 873//1459 867//1459 244//1459
f 874//1460 868//1460 861//1460
f 874//1461 861//1461 867//1461
f 874//1462 867//1462 873//1462
f 875//1463 869//1463 862//1463
f 875//1464 862//1464 868//1464
f 876//1465 863//1465 869//1465
f 876//1466 877//1466 872//1466
f 876//1467 878//1467 877//1467
f 876//1468 872//1468 870//1468
f 876//1469 870//1469 863//1469
f 879//1470 242//1470 241//1470
f 879//1471 241//1471 240//1471
f 879//1472 240//1472 665//1472
f 879//1473 873//1473 242//1473
f 880//1474 874//1474 873//1474
f 881//1475 868//1475 874//1475
f 881//1476 875//1476 868//1476
f 882//1477 876//1477 869//1477
f 882//1478 878//1478 876//1478
f 882//1479 869//1479 875//1479
f 882//1480 883//1480 878//1480
f 882//1481 884//1481 883//1481
f 885//1482 879//1482 665//1482
f 885//1483 665//1483 886//1483
f 885//1484 873//1484 879//1484
f 885//1485 880//1485 873//1485
f 887//1486 874//1486 880//1486
f 887//1487 881//1487 874//1487
f 888//1488 875//1488 881//1488
f 888//1489 881//1489 887//1489
f 888//1490 884//1490 882//1490
f 888//1491 889//1491 884//1491
f 888//1492 890//1492 889//1492
f 888//1493 882//1493 875//1493
f 891//1494 887//1494 880//1494
f 891//1495 886//1495 892//1495
f 891//1496 892//1496 677//1496
f 891//1497 880//1497 885//1497
f 891//1498 885//1498 886//1498
f 893//1499 888//1499 887//1499
f 893//1500 890//1500 888//1500
f 893//1501 894//1501 890//1501
f 893//1502 895//1502 894//1502
f 893//1503 887//1503 891//1503
f 896//1504 891//1504 677//1504
f 896//1505 893//1505 891//1505
f 896//1506 895//1506 893//1506
f 896//1507 897//1507 895//1507
f 896//1508 898//1508 897//1508
f 896//1509 677//1509 898//1509
f 665//1510 240//1510 239//1510
f 676//1511 898//1511 677//1511
f 899//1512 245//1512 246//1512
f 899//1513 246//1513 247//1513
f 899//1514 665//1514 245//1514
f 900//1515 247//1515 248//1515
f 900//1516 248//1516 249//1516
f 900//1517 899//1517 247//1517
f 901//1518 886//1518 665//1518
f 901//1519 665//1519 899//1519
f 902//1520 249//1520 179//1520
f 902//1521 179//1521 181//1521
f 902//1522 900//1522 249//1522
f 903//1523 899//1523 900//1523
f 903//1524 901//1524 899//1524
f 904//1525 892//1525 886//1525
f 904//1526 886//1526 901//1526
f 905//1527 181//1527 182//1527
f 905//1528 182//1528 183//1528
f 905//1529 902//1529 181//1529
f 906//1530 900//1530 902//1530
f 906//1531 903//1531 900//1531
f 907//1532 901//1532 903//1532
f 907//1533 904//1533 901//1533
f 908//1534 677//1534 892//1534
f 908//1535 909//1535 675//1535
f 908//1536 910//1536 909//1536
f 908//1537 892//1537 904//1537
f 908//1538 675//1538 677//1538
f 911//1539 183//1539 184//1539
f 911//1540 905//1540 183//1540
f 911//1541 184//1541 185//1541
f 912//1542 902//1542 905//1542
f 912//1543 906//1543 902//1543
f 913//1544 907//1544 903//1544
f 913//1545 903//1545 906//1545
f 914//1546 904//1546 907//1546
f 914//1547 915//1547 910//1547
f 914//1548 916//1548 915//1548
f 914//1549 908//1549 904//1549
f 914//1550 910//1550 908//1550
f 917//1551 185//1551 186//1551
f 917//1552 186//1552 187//1552
f 917//1553 911//1553 185//1553
f 918//1554 912//1554 905//1554
f 918//1555 905//1555 911//1555
f 919//1556 906//1556 912//1556
f 919//1557 913//1557 906//1557
f 920//1558 914//1558 907//1558
f 920//1559 921//1559 916//1559
f 920//1560 922//1560 921//1560
f 920//1561 916//1561 914//1561
f 920//1562 907//1562 913//1562
f 923//1563 187//1563 188//1563
f 923//1564 188//1564 189//1564
f 923//1565 917//1565 187//1565
f 924//1566 918//1566 911//1566
f 924//1567 911//1567 917//1567
f 925//1568 912//1568 918//1568
f 925//1569 919//1569 912//1569
f 926//1570 920//1570 913//1570
f 926//1571 927//1571 922//1571
f 926//1572 928//1572 927//1572
f 926//1573 913//1573 919//1573
f 926//1574 922//1574 920//1574
f 929//1575 189//1575 190//1575
f 929//1576 190//1576 191//1576
f 929//1577 923//1577 189//1577
f 930//1578 924//1578 917//1578
f 930//1579 917//1579 923//1579
f 931//1580 925//1580 918//1580
f 931//1581 918//1581 924//1581
f 932//1582 919//1582 925//1582
f 932//1583 933//1583 928//1583
f 932//1584 934//1584 933//1584
f 932//1585 926//1585 919//1585
f 932//1586 928//1586 926//1586
f 935//1587 929//1587 191//1587
f 935//1588 191//1588 192//1588
f 935//1589 192//1589 193//1589
f 936//1590 930//1590 923//1590
f 936//1591 923//1591 929//1591
f 937//1592 924//1592 930//1592
f 937//1593 931//1593 924//1593
f 938//1594 931//1594 937//1594
f 938//1595 934//1595 932//1595
f 938//1596 939//1596 934//1596
f 938//1597 940//1597 939//1597
f 938//1598 925//1598 931//1598
f 938//1599 932//1599 925//1599
f 941//1600 193//1600 194//1600
f 941//1601 194//1601 195//1601
f 941//1602 935//1602 193//1602
f 942//1603 936//1603 929//1603
f 942//1604 929//1604 935//1604
f 943//1605 930//1605 936//1605
f 943//1606 937//1606 930//1606
f 944//1607 940//1607 938//1607
f 944//1608 945//1608 940//1608
f 944//1609 946//1609 945//1609
f 944//1610 938//1610 937//1610
f 947//1611 195//1611 196//1611
f 947//1612 196//1612 197//1612
f 947//1613 941//1613 195//1613
f 948//1614 935//1614 941//1614
f 948//1615 942//1615 935//1615
f 949//1616 936//1616 942//1616
f 949//1617 943//1617 936//1617
f 950//1618 944//1618 937//1618
f 950//1619 946//1619 944//1619
f 950//1620 951//1620 946//1620
f 950//1621 952//1621 951//1621
f 950//1622 937//1622 943//1622
f 953//1623 197//1623 198//1623
f 953//1624 198//1624 199//1624
f 953//1625 947//1625 197//1625
f 954//1626 947//1626 953//1626
f 954//1627 948//1627 941//1627
f 954//1628 941//1628 947//1628
f 955//1629 942//1629 948//1629
f 955//1630 949//1630 942//1630
f 955//1631 948//1631 954//1631
f 956//1632 950//1632 943//1632
f 956//1633 952//1633 950//1633
f 956//1634 957//1634 952//1634
f 956//1635 958//1635 957//1635
f 956//1636 943//1636 949//1636
f 959//1637 199//1637 200//1637
f 959//1638 953//1638 199//1638
f 959//1639 200//1639 201//1639
f 960//1640 954//1640 953//1640
f 961//1641 955//1641 954//1641
f 962//1642 963//1642 958//1642
f 962//1643 964//1643 963//1643
f 962//1644 956//1644 949//1644
f 962//1645 958//1645 956//1645
f 962//1646 949//1646 955//1646
f 965//1647 201//1647 202//1647
f 965//1648 202//1648 203//1648
f 965//1649 959//1649 201//1649
f 966//1650 960//1650 953//1650
f 966//1651 953//1651 959//1651
f 967//1652 961//1652 954//1652
f 967//1653 960//1653 966//1653
f 967//1654 954//1654 960//1654
f 968//1655 969//1655 964//1655
f 968//1656 970//1656 969//1656
f 968//1657 964//1657 962//1657
f 968//1658 955//1658 961//1658
f 968//1659 962//1659 955//1659
f 971//1660 203//1660 204//1660
f 971//1661 204//1661 205//1661
f 971//1662 965//1662 203//1662
f 972//1663 966//1663 959//1663
f 972//1664 959//1664 965//1664
f 973//1665 967//1665 966//1665
f 973//1666 966//1666 972//1666
f 974//1667 968//1667 961//1667
f 974//1668 970//1668 968//1668
f 974//1669 975//1669 970//1669
f 974//1670 976//1670 975//1670
f 974//1671 961//1671 967//1671
f 977//1672 205//1672 206//1672
f 977//1673 206//1673 207//1673
f 977//1674 971//1674 205//1674
f 978//1675 965//1675 971//1675
f 978//1676 972//1676 965//1676
f 979//1677 973//1677 972//1677
f 980//1678 976//1678 974//1678
f 980//1679 967//1679 973//1679
f 980//1680 981//1680 976//1680
f 980//1681 982//1681 981//1681
f 980//1682 974//1682 967//1682
f 983//1683 207//1683 208//1683
f 983//1684 208//1684 209//1684
f 983//1685 977//1685 207//1685
f 984//1686 977//1686 983//1686
f 984//1687 971//1687 977//1687
f 984//1688 978//1688 971//1688
f 985//1689 979//1689 972//1689
f 985//1690 972//1690 978//1690
f 986//1691 982//1691 980//1691
f 986//1692 973//1692 979//1692
f 986//1693 987//1693 982//1693
f 986//1694 988//1694 987//1694
f 986//1695 980//1695 973//1695
f 989//1696 209//1696 210//1696
f 989//1697 210//1697 211//1697
f 989//1698 983//1698 209//1698
f 990//1699 984//1699 983//1699
f 991//1700 978//1700 984//1700
f 991//1701 985//1701 978//1701
f 992//1702 979//1702 985//1702
f 992//1703 986//1703 979//1703
f 992//1704 988//1704 986//1704
f 992//1705 993//1705 988//1705
f 992//1706 994//1706 993//1706
f 995//1707 989//1707 211//1707
f 995//1708 211//1708 213//1708
f 995//1709 213//1709 214//1709
f 996//1710 990//1710 983//1710
f 996//1711 983//1711 989//1711
f 996//1712 989//1712 995//1712
f 997//1713 991//1713 984//1713
f 997//1714 984//1714 990//1714
f 998//1715 994//1715 992//1715
f 998//1716 992//1716 985//1716
f 998//1717 999//1717 994//1717
f 998//1718 1000//1718 999//1718
f 998//1719 985//1719 991//1719
f 1001//1720 214//1720 215//1720
f 1001//1721 215//1721 216//1721
f 1001//1722 995//1722 214//1722
f 1002//1723 996//1723 995//1723
f 1003//1724 990//1724 996//1724
f 1003//1725 997//1725 990//1725
f 1004//1726 997//1726 1003//1726
f 1004//1727 991//1727 997//1727
f 1004//1728 998//1728 991//1728
f 1004//1729 1005//1729 1000//1729
f 1004//1730 1006//1730 1005//1730
f 1004//1731 1000//1731 998//1731
f 1007//1732 216//1732 217//1732
f 1007//1733 217//1733 218//1733
f 1007//1734 1001//1734 216//1734
f 1008//1735 1002//1735 995//1735
f 1008//1736 1001//1736 1007//1736
f 1008//1737 995//1737 1001//1737
f 1009//1738 1003//1738 996//1738
f 1009//1739 996//1739 1002//1739
f 1010//1740 1011//1740 1006//1740
f 1010//1741 1012//1741 1011//1741
f 1010//1742 1004//1742 1003//1742
f 1010//1743 1006//1743 1004//1743
f 1013//1744 218//1744 219//1744
f 1013//1745 219//1745 220//1745
f 1013//1746 1007//1746 218//1746
f 1014//1747 1007//1747 1013//1747
f 1014//1748 1008//1748 1007//1748
f 1015//1749 1009//1749 1002//1749
f 1015//1750 1002//1750 1008//1750
f 1016//1751 1009//1751 1015//1751
f 1016//1752 1003//1752 1009//1752
f 1016//1753 1017//1753 1012//1753
f 1016//1754 1018//1754 1017//1754
f 1016//1755 1012//1755 1010//1755
f 1016//1756 1010//1756 1003//1756
f 1019//1757 1013//1757 220//1757
f 1019//1758 220//1758 221//1758
f 1019//1759 221//1759 222//1759
f 1020//1760 1014//1760 1013//1760
f 1021//1761 1008//1761 1014//1761
f 1021//1762 1015//1762 1008//1762
f 1022//1763 1018//1763 1016//1763
f 1022//1764 1016//1764 1015//1764
f 1022//1765 1023//1765 1018//1765
f 1022//1766 1024//1766 1023//1766
f 653//1767 1019//1767 222//1767
f 653//1768 222//1768 223//1768
f 653//1769 223//1769 224//1769
f 655//1770 1020//1770 1013//1770
f 655//1771 1013//1771 1019//1771
f 658//1772 1020//1772 655//1772
f 658//1773 1021//1773 1014//1773
f 658//1774 1014//1774 1020//1774
f 1025//1775 1021//1775 658//1775
f 1025//1776 1024//1776 1022//1776
f 1025//1777 1015//1777 1021//1777
f 1025//1778 1022//1778 1015//1778
f 1025//1779 1026//1779 1024//1779
f 1025//1780 1027//1780 1026//1780
f 667//1781 224//1781 225//1781
f 667//1782 225//1782 226//1782
f 667//1783 653//1783 224//1783
f 652//1784 1019//1784 653//1784
f 652//1785 655//1785 1019//1785
f 656//1786 658//1786 655//1786
f 659//1787 1025//1787 658//1787
f 659//1788 1028//1788 1027//1788
f 659//1789 661//1789 1028//1789
f 659//1790 1027//1790 1025//1790
f 664//1791 667//1791 226//1791
f 664//1792 226//1792 227//1792
f 664//1793 227//1793 228//1793
f 651//1794 653//1794 667//1794
f 1029//1795 1030//1795 286//1795
f 1029//1796 286//1796 285//1796
f 1031//1797 285//1797 519//1797
f 1031//1798 1029//1798 285//1798
f 1032//1799 519//1799 520//1799
f 1032//1800 1031//1800 519//1800
f 1033//1801 520//1801 525//1801
f 1033//1802 1032//1802 520//1802
f 1034//1803 525//1803 526//1803
f 1034//1804 1033//1804 525//1804
f 1035//1805 526//1805 531//1805
f 1035//1806 531//1806 532//1806
f 1035//1807 1034//1807 526//1807
f 1036//1808 1035//1808 532//1808
f 1037//1809 532//1809 537//1809
f 1037//1810 1036//1810 532//1810
f 1038//1811 537//1811 538//1811
f 1038//1812 1037//1812 537//1812
f 1039//1813 538//1813 543//1813
f 1039//1814 543//1814 544//1814
f 1039//1815 1038//1815 538//1815
f 1040//1816 1039//1816 544//1816
f 1041//1817 1040//1817 544//1817
f 1041//1818 544//1818 549//1818
f 1042//1819 1041//1819 549//1819
f 1042//1820 549//1820 550//1820
f 1043//1821 1042//1821 550//1821
f 1043//1822 550//1822 555//1822
f 1044//1823 555//1823 556//1823
f 1044//1824 1043//1824 555//1824
f 1045//1825 556//1825 561//1825
f 1045//1826 1044//1826 556//1826
f 1046//1827 561//1827 562//1827
f 1046//1828 562//1828 567//1828
f 1046//1829 1045//1829 561//1829
f 1047//1830 1046//1830 567//1830
f 1048//1831 1047//1831 567//1831
f 1048//1832 567//1832 568//1832
f 1049//1833 568//1833 573//1833
f 1049//1834 573//1834 574//1834
f 1049//1835 1048//1835 568//1835
f 1050//1836 574//1836 579//1836
f 1050//1837 1049//1837 574//1837
f 1051//1838 1050//1838 579//1838
f 1052//1839 579//1839 580//1839
f 1052//1840 1051//1840 579//1840
f 1053//1841 580//1841 585//1841
f 1053//1842 1052//1842 580//1842
f 1054//1843 585//1843 586//1843
f 1054//1844 1053//1844 585//1844
f 1055//1845 586//1845 591//1845
f 1055//1846 1054//1846 586//1846
f 1056//1847 591//1847 592//1847
f 1056//1848 1055//1848 591//1848
f 1057//1849 592//1849 597//1849
f 1057//1850 1056//1850 592//1850
f 1058//1851 597//1851 598//1851
f 1058//1852 1057//1852 597//1852
f 1059//1853 598//1853 603//1853
f 1059//1854 1058//1854 598//1854
f 1060//1855 603//1855 604//1855
f 1060//1856 1059//1856 603//1856
f 1061//1857 604//1857 609//1857
f 1061//1858 609//1858 610//1858
f 1061//1859 1060//1859 604//1859
f 1062//1860 1061//1860 610//1860
f 1063//1861 610//1861 615//1861
f 1063//1862 1062//1862 610//1862
f 1064//1863 615//1863 616//1863
f 1064//1864 1063//1864 615//1864
f 1065//1865 616//1865 621//1865
f 1065//1866 1064//1866 616//1866
f 1066//1867 621//1867 622//1867
f 1066//1868 1065//1868 621//1868
f 1067//1869 1066//1869 622//1869
f 1067//1870 622//1870 627//1870
f 1068//1871 1067//1871 627//1871
f 1068//1872 627//1872 628//1872
f 1069//1873 1068//1873 628//1873
f 1069//1874 628//1874 633//1874
f 1070//1875 1069//1875 633//1875
f 1070//1876 633//1876 634//1876
f 1071//1877 1070//1877 634//1877
f 1071//1878 634//1878 636//1878
f 1072//1879 1071//1879 636//1879
f 1072//1880 636//1880 637//1880
f 1073//1881 1072//1881 637//1881
f 1073//1882 637//1882 638//1882
f 1074//1883 1073//1883 638//1883
f 1074//1884 638//1884 271//1884
f 1075//1885 1074//1885 271//1885
f 1075//1886 271//1886 270//1886
f 1076//1887 1075//1887 270//1887
f 1076//1888 270//1888 272//1888
f 1077//1889 272//1889 280//1889
f 1077//1890 1076//1890 272//1890
f 1078//1891 280//1891 281//1891
f 1078//1892 1077//1892 280//1892
f 1079//1893 281//1893 289//1893
f 1079//1894 1078//1894 281//1894
f 1080//1895 289//1895 290//1895
f 1080//1896 1079//1896 289//1896
f 1081//1897 290//1897 295//1897
f 1081//1898 295//1898 296//1898
f 1081//1899 1080//1899 290//1899
f 1082//1900 1081//1900 296//1900
f 1083//1901 296//1901 301//1901
f 1083//1902 1082//1902 296//1902
f 1084//1903 301//1903 302//1903
f 1084//1904 1083//1904 301//1904
f 1085//1905 302//1905 307//1905
f 1085//1906 1084//1906 302//1906
f 1086//1907 307//1907 308//1907
f 1086//1908 1085//1908 307//1908
f 1087//1909 308//1909 313//1909
f 1087//1910 1086//1910 308//1910
f 1088//1911 313//1911 314//1911
f 1088//1912 1087//1912 313//1912
f 1089//1913 314//1913 319//1913
f 1089//1914 1088//1914 314//1914
f 1090//1915 319//1915 320//1915
f 1090//1916 1089//1916 319//1916
f 1091//1917 1090//1917 320//1917
f 1091//1918 320//1918 325//1918
f 1092//1919 1091//1919 325//1919
f 1092//1920 325//1920 326//1920
f 1093//1921 1092//1921 326//1921
f 1093//1922 326//1922 331//1922
f 1094//1923 1093//1923 331//1923
f 1094//1924 331//1924 332//1924
f 1095//1925 1094//1925 332//1925
f 1095//1926 332//1926 337//1926
f 1096//1927 1095//1927 337//1927
f 1096//1928 337//1928 338//1928
f 1097//1929 1096//1929 338//1929
f 1097//1930 338//1930 343//1930
f 1098//1931 1097//1931 343//1931
f 1098//1932 343//1932 344//1932
f 1099//1933 1098//1933 344//1933
f 1099//1934 344//1934 349//1934
f 1100//1935 1099//1935 349//1935
f 1100//1936 349//1936 350//1936
f 1101//1937 1100//1937 350//1937
f 1101//1938 350//1938 355//1938
f 1102//1939 1101//1939 355//1939
f 1102//1940 355//1940 356//1940
f 1103//1941 1102//1941 356//1941
f 1103//1942 356//1942 361//1942
f 1104//1943 1103//1943 361//1943
f 1104//1944 361//1944 362//1944
f 1105//1945 1104//1945 362//1945
f 1105//1946 362//1946 367//1946
f 1106//1947 1105//1947 367//1947
f 1106//1948 367//1948 368//1948
f 1107//1949 1106//1949 368//1949
f 1107//1950 368//1950 373//1950
f 1108//1951 1107//1951 373//1951
f 1108//1952 373//1952 374//1952
f 1109//1953 1108//1953 374//1953
f 1109//1954 374//1954 379//1954
f 1110//1955 1109//1955 379//1955
f 1110//1956 379//1956 380//1956
f 1111//1957 1110//1957 380//1957
f 1111//1958 380//1958 385//1958
f 1112//1959 385//1959 386//1959
f 1112//1960 1111//1960 385//1960
f 1113//1961 386//1961 391//1961
f 1113//1962 1112//1962 386//1962
f 1114//1963 391//1963 392//1963
f 1114//1964 1113//1964 391//1964
f 1115//1965 392//1965 397//1965
f 1115//1966 1114//1966 392//1966
f 1116//1967 397//1967 398//1967
f 1116//1968 1115//1968 397//1968
f 1117//1969 1116//1969 398//1969
f 1117//1970 398//1970 403//1970
f 1118//1971 1117//1971 403//1971
f 1118//1972 403//1972 404//1972
f 1119//1973 1118//1973 404//1973
f 1119//1974 404//1974 409//1974
f 1120//1975 1119//1975 409//1975
f 1120//1976 409//1976 410//1976
f 1121//1977 1120//1977 410//1977
f 1121//1978 410//1978 415//1978
f 1122//1979 1121//1979 415//1979
f 1122//1980 415//1980 416//1980
f 1123//1981 1122//1981 416//1981
f 1123//1982 416//1982 421//1982
f 1124//1983 1123//1983 421//1983
f 1124//1984 421//1984 422//1984
f 1125//1985 1124//1985 422//1985
f 1125//1986 422//1986 427//1986
f 1126//1987 1125//1987 427//1987
f 1126//1988 427//1988 428//1988
f 1127//1989 1126//1989 428//1989
f 1127//1990 428//1990 433//1990
f 1128//1991 1127//1991 433//1991
f 1128//1992 433//1992 434//1992
f 1129//1993 434//1993 439//1993
f 1129//1994 1128//1994 434//1994
f 1130//1995 439//1995 440//1995
f 1130//1996 1129//1996 439//1996
f 1131//1997 440//1997 445//1997
f 1131//1998 1130//1998 440//1998
f 1132//1999 445//1999 446//1999
f 1132//2000 1131//2000 445//2000
f 1133//2001 446//2001 451//2001
f 1133//2002 1132//2002 446//2002
f 1134//2003 451//2003 452//2003
f 1134//2004 1133//2004 451//2004
f 1135//2005 452//2005 457//2005
f 1135//2006 1134//2006 452//2006
f 1136//2007 457//2007 458//2007
f 1136//2008 1135//2008 457//2008
f 1137//2009 458//2009 463//2009
f 1137//2010 1136//2010 458//2010
f 1138//2011 463//2011 464//2011
f 1138//2012 1137//2012 463//2012
f 1139//2013 464//2013 469//2013
f 1139//2014 1138//2014 464//2014
f 1140//2015 469//2015 470//2015
f 1140//2016 1139//2016 469//2016
f 1141//2017 470//2017 475//2017
f 1141//2018 1140//2018 470//2018
f 1142//2019 1141//2019 475//2019
f 1142//2020 475//2020 476//2020
f 1143//2021 1142//2021 476//2021
f 1143//2022 476//2022 481//2022
f 1144//2023 1143//2023 481//2023
f 1144//2024 481//2024 482//2024
f 1145//2025 1144//2025 482//2025
f 1145//2026 482//2026 487//2026
f 1146//2027 487//2027 488//2027
f 1146//2028 1145//2028 487//2028
f 1147//2029 488//2029 493//2029
f 1147//2030 1146//2030 488//2030
f 1148//2031 493//2031 494//2031
f 1148//2032 1147//2032 493//2032
f 1149//2033 494//2033 499//2033
f 1149//2034 1148//2034 494//2034
f 1150//2035 499//2035 500//2035
f 1150//2036 1149//2036 499//2036
f 1151//2037 500//2037 504//2037
f 1151//2038 1150//2038 500//2038
f 1152//2039 504//2039 505//2039
f 1152//2040 1151//2040 504//2040
f 1153//2041 505//2041 507//2041
f 1153//2042 1152//2042 505//2042
f 1154//2043 507//2043 508//2043
f 1154//2044 1153//2044 507//2044
f 1030//2045 508//2045 286//2045
f 1030//2046 1154//2046 508//2046
f 1155//2047 1156//2047 639//2047
f 639//2048 1156//2048 640//2048
f 1157//2049 639//2049 641//2049
f 1157//2050 1155//2050 639//2050
f 1156//2051 642//2051 640//2051
f 1156//2052 1158//2052 642//2052
f 1158//2053 1157//2053 642//2053
f 642//2054 1157//2054 641//2054
f 1159//2055 646//2055 647//2055
f 646//2056 121//2056 647//2056
f 1159//2057 1160//2057 646//2057
f 1160//2058 644//2058 646//2058
f 644//2059 649//2059 212//2059
f 1160//2060 649//2060 644//2060
f 1140//2061 645//2061 1139//2061
f 1138//2062 1139//2062 645//2062
f 1141//2063 645//2063 1140//2063
f 1137//2064 1138//2064 645//2064
f 1142//2065 645//2065 1141//2065
f 1136//2066 1137//2066 645//2066
f 1143//2067 645//2067 1142//2067
f 1135//2068 1136//2068 645//2068
f 1144//2069 645//2069 1143//2069
f 1134//2070 1135//2070 645//2070
f 1145//2071 645//2071 1144//2071
f 1133//2072 1134//2072 645//2072
f 1146//2073 645//2073 1145//2073
f 1132//2074 1133//2074 645//2074
f 1147//2075 645//2075 1146//2075
f 1131//2076 1132//2076 645//2076
f 1148//2077 645//2077 1147//2077
f 1130//2078 1131//2078 645//2078
f 1149//2079 645//2079 1148//2079
f 1129//2080 1130//2080 645//2080
f 1150//2081 645//2081 1149//2081
f 1128//2082 1129//2082 645//2082
f 1128//2083 645//2083 1157//2083
f 1151//2084 645//2084 1150//2084
f 1127//2085 1128//2085 1157//2085
f 1152//2086 645//2086 1151//2086
f 1126//2087 1127//2087 1157//2087
f 1153//2088 645//2088 1152//2088
f 1125//2089 1126//2089 1157//2089
f 1154//2090 645//2090 1153//2090
f 1124//2091 1125//2091 1157//2091
f 1030//2092 645//2092 1154//2092
f 1123//2093 1124//2093 1157//2093
f 1122//2094 1123//2094 1157//2094
f 1121//2095 1122//2095 1157//2095
f 1120//2096 1121//2096 1157//2096
f 1119//2097 1120//2097 1157//2097
f 1118//2098 1119//2098 1157//2098
f 1117//2099 1118//2099 1157//2099
f 1116//2100 1117//2100 1157//2100
f 1115//2101 1116//2101 1157//2101
f 1114//2102 1115//2102 1157//2102
f 1113//2103 1114//2103 1157//2103
f 1112//2104 1113//2104 1157//2104
f 1111//2105 1112//2105 1157//2105
f 1110//2106 1111//2106 1157//2106
f 1109//2107 1110//2107 1157//2107
f 1108//2108 1109//2108 1157//2108
f 1107//2109 1108//2109 1157//2109
f 1106//2110 1107//2110 1157//2110
f 1105//2111 1106//2111 1157//2111
f 1104//2112 1105//2112 1157//2112
f 1103//2113 1104//2113 1157//2113
f 1102//2114 1103//2114 1157//2114
f 1101//2115 1102//2115 1157//2115
f 1100//2116 1101//2116 1157//2116
f 1099//2117 1100//2117 1157//2117
f 1098//2118 1099//2118 1157//2118
f 1097//2119 1098//2119 1157//2119
f 1096//2120 1097//2120 1157//2120
f 1095//2121 1096//2121 1157//2121
f 1094//2122 1095//2122 1157//2122
f 643//2123 1030//2123 1029//2123
f 643//2124 1029//2124 1031//2124
f 643//2125 1031//2125 1032//2125
f 643//2126 1032//2126 1033//2126
f 643//2127 1033//2127 1034//2127
f 643//2128 1034//2128 1035//2128
f 643//2129 1035//2129 1036//2129
f 643//2130 1036//2130 1037//2130
f 643//2131 1037//2131 1038//2131
f 643//2132 1038//2132 1039//2132
f 643//2133 1039//2133 1040//2133
f 643//2134 1040//2134 1041//2134
f 643//2135 1041//2135 1042//2135
f 643//2136 1042//2136 1043//2136
f 643//2137 1043//2137 1044//2137
f 643//2138 1044//2138 1045//2138
f 643//2139 1045//2139 1046//2139
f 643//2140 1046//2140 1047//2140
f 643//2141 645//2141 1030//2141
f 643//2142 1047//2142 1048//2142
f 643//2143 1048//2143 1049//2143
f 643//2144 1049//2144 1050//2144
f 643//2145 1050//2145 1051//2145
f 643//2146 1051//2146 1052//2146
f 643//2147 1052//2147 1053//2147
f 643//2148 1053//2148 1054//2148
f 643//2149 1054//2149 1055//2149
f 643//2150 1055//2150 1056//2150
f 1158//2151 1056//2151 1057//2151
f 1158//2152 1057//2152 1058//2152
f 1158//2153 1058//2153 1059//2153
f 1158//2154 1059//2154 1060//2154
f 1158//2155 1060//2155 1061//2155
f 1158//2156 1061//2156 1062//2156
f 1158//2157 1062//2157 1063//2157
f 1158//2158 1063//2158 1064//2158
f 1158//2159 1064//2159 1065//2159
f 1158//2160 1065//2160 1066//2160
f 1158//2161 1066//2161 1067//2161
f 1158//2162 1067//2162 1068//2162
f 1158//2163 1068//2163 1069//2163
f 1158//2164 1069//2164 1070//2164
f 1158//2165 1070//2165 1071//2165
f 1158//2166 1071//2166 1072//2166
f 1158//2167 1072//2167 1073//2167
f 1158//2168 1073//2168 1074//2168
f 1158//2169 1074//2169 1075//2169
f 1158//2170 1075//2170 1076//2170
f 1158//2171 1076//2171 1077//2171
f 1158//2172 1077//2172 1078//2172
f 1158//2173 1078//2173 1079//2173
f 1158//2174 1079//2174 1080//2174
f 1158//2175 1080//2175 1081//2175
f 1158//2176 1081//2176 1082//2176
f 1158//2177 1082//2177 1083//2177
f 1158//2178 1083//2178 1084//2178
f 1158//2179 1084//2179 1085//2179
f 1158//2180 1085//2180 1086//2180
f 1158//2181 1086//2181 1087//2181
f 1158//2182 1087//2182 1088//2182
f 1158//2183 1088//2183 1089//2183
f 1158//2184 1089//2184 1090//2184
f 1158//2185 643//2185 1056//2185
f 646//2186 1155//2186 1157//2186
f 646//2187 1157//2187 645//2187
f 1161//2188 1155//2188 1162//2188
f 1163//2189 1162//2189 1155//2189
f 1164//2190 1155//2190 1161//2190
f 1165//2191 1163//2191 1155//2191
f 1166//2192 1155//2192 1164//2192
f 1167//2193 1165//2193 1155//2193
f 1168//2194 1155//2194 1166//2194
f 1169//2195 1167//2195 1155//2195
f 1170//2196 1155//2196 1168//2196
f 1171//2197 1169//2197 1155//2197
f 1172//2198 1155//2198 1170//2198
f 1173//2199 1171//2199 1155//2199
f 1174//2200 1155//2200 1172//2200
f 1175//2201 1173//2201 1155//2201
f 1176//2202 1155//2202 1174//2202
f 1177//2203 1175//2203 1155//2203
f 1178//2204 1155//2204 1176//2204
f 1179//2205 1177//2205 1155//2205
f 1180//2206 1155//2206 1178//2206
f 1181//2207 1179//2207 1155//2207
f 1182//2208 1155//2208 1180//2208
f 1183//2209 1181//2209 1155//2209
f 1184//2210 1155//2210 1182//2210
f 1185//2211 1183//2211 1155//2211
f 1186//2212 1155//2212 1184//2212
f 1187//2213 1185//2213 1155//2213
f 1188//2214 1155//2214 1186//2214
f 1189//2215 1187//2215 1155//2215
f 1190//2216 1189//2216 1155//2216
f 1191//2217 1190//2217 1155//2217
f 1192//2218 1191//2218 1155//2218
f 1193//2219 1192//2219 1155//2219
f 1194//2220 1193//2220 1155//2220
f 1195//2221 1155//2221 646//2221
f 1195//2222 1194//2222 1155//2222
f 1196//2223 1195//2223 646//2223
f 1197//2224 1196//2224 646//2224
f 1198//2225 1197//2225 646//2225
f 1199//2226 1198//2226 646//2226
f 1200//2227 1199//2227 646//2227
f 1201//2228 1200//2228 646//2228
f 1202//2229 1201//2229 646//2229
f 1203//2230 1202//2230 646//2230
f 1204//2231 1203//2231 646//2231
f 1205//2232 1204//2232 646//2232
f 1206//2233 1205//2233 646//2233
f 1207//2234 1206//2234 646//2234
f 1208//2235 1207//2235 646//2235
f 1209//2236 1208//2236 646//2236
f 1210//2237 1209//2237 646//2237
f 1211//2238 1210//2238 646//2238
f 1212//2239 1211//2239 646//2239
f 1213//2240 1212//2240 646//2240
f 1214//2241 1213//2241 646//2241
f 1215//2242 1214//2242 646//2242
f 1216//2243 1215//2243 646//2243
f 1217//2244 1216//2244 646//2244
f 1218//2245 1217//2245 646//2245
f 1219//2246 1218//2246 646//2246
f 1220//2247 1219//2247 646//2247
f 1221//2248 1220//2248 646//2248
f 1222//2249 1221//2249 646//2249
f 1156//2250 1223//2250 1224//2250
f 1156//2251 1224//2251 1225//2251
f 1156//2252 1225//2252 1226//2252
f 1156//2253 1226//2253 1227//2253
f 1156//2254 1227//2254 1228//2254
f 1156//2255 1228//2255 1229//2255
f 1156//2256 1229//2256 1230//2256
f 1156//2257 1230//2257 1231//2257
f 1156//2258 1231//2258 1232//2258
f 1156//2259 1232//2259 1233//2259
f 1156//2260 1233//2260 1234//2260
f 1156//2261 1234//2261 1235//2261
f 1156//2262 1235//2262 1236//2262
f 1156//2263 1236//2263 1237//2263
f 1156//2264 1237//2264 1238//2264
f 1156//2265 1238//2265 1239//2265
f 1156//2266 1239//2266 1240//2266
f 1156//2267 1240//2267 1241//2267
f 1156//2268 1241//2268 1242//2268
f 1156//2269 1242//2269 1243//2269
f 1156//2270 1243//2270 1244//2270
f 1156//2271 1244//2271 1245//2271
f 1156//2272 1245//2272 1246//2272
f 1156//2273 1246//2273 1247//2273
f 1156//2274 1247//2274 1248//2274
f 1156//2275 1248//2275 1249//2275
f 1156//2276 1249//2276 1250//2276
f 1156//2277 1250//2277 1251//2277
f 1156//2278 1251//2278 1252//2278
f 1156//2279 1252//2279 1253//2279
f 1156//2280 1253//2280 1254//2280
f 1156//2281 1254//2281 1255//2281
f 1156//2282 1255//2282 1256//2282
f 1156//2283 1256//2283 1257//2283
f 644//2284 1156//2284 1257//2284
f 644//2285 1257//2285 1258//2285
f 644//2286 1258//2286 1259//2286
f 644//2287 1259//2287 1260//2287
f 644//2288 1260//2288 1261//2288
f 644//2289 1261//2289 1262//2289
f 644//2290 1262//2290 1263//2290
f 644//2291 1263//2291 1264//2291
f 644//2292 1264//2292 1265//2292
f 644//2293 1265//2293 1266//2293
f 644//2294 1266//2294 1267//2294
f 644//2295 1267//2295 1268//2295
f 644//2296 1268//2296 1269//2296
f 644//2297 1269//2297 1270//2297
f 644//2298 1270//2298 1271//2298
f 644//2299 1271//2299 1272//2299
f 644//2300 1272//2300 1273//2300
f 644//2301 1273//2301 1274//2301
f 644//2302 1274//2302 1275//2302
f 644//2303 1275//2303 1276//2303
f 644//2304 1276//2304 1277//2304
f 644//2305 1277//2305 1278//2305
f 644//2306 1278//2306 1279//2306
f 644//2307 1279//2307 1280//2307
f 644//2308 1280//2308 1281//2308
f 644//2309 1281//2309 1282//2309
f 644//2310 1222//2310 646//2310
f 644//2311 1282//2311 1283//2311
f 644//2312 1283//2312 1222//2312
f 644//2313 643//2313 1158//2313
f 644//2314 1158//2314 1156//2314
f 1156//2315 1155//2315 1284//2315
f 1284//2316 1155//2316 1285//2316
f 1285//2317 1155//2317 1188//2317
f 1156//2318 1284//2318 1286//2318
f 1156//2319 1286//2319 1223//2319
f 1157//2320 1158//2320 1092//2320
f 1092//2321 1158//2321 1091//2321
f 1091//2322 1158//2322 1090//2322
f 1157//2323 1092//2323 1093//2323
f 1157//2324 1093//2324 1094//2324
f 650//2325 1287//2325 648//2325
f 648//2326 1287//2326 1288//2326
f 649//2327 1287//2327 650//2327
f 1287//2328 1289//2328 1290//2328
f 1290//2329 1289//2329 1291//2329
f 649//2330 1289//2330 1287//2330
f 1289//2331 1160//2331 1292//2331
f 649//2332 1160//2332 1289//2332
f 1288//2333 647//2333 648//2333
f 1293//2334 1288//2334 1294//2334
f 1293//2335 1294//2335 1295//2335
f 1293//2336 647//2336 1288//2336
f 1159//2337 1293//2337 1296//2337
f 1159//2338 647//2338 1293//2338
f 1286//2339 1284//2339 676//2339
f 1286//2340 676//2340 675//2340
f 1223//2341 675//2341 909//2341
f 1223//2342 1286//2342 675//2342
f 1224//2343 909//2343 910//2343
f 1224//2344 1223//2344 909//2344
f 1225//2345 910//2345 915//2345
f 1225//2346 1224//2346 910//2346
f 1226//2347 915//2347 916//2347
f 1226//2348 1225//2348 915//2348
f 1227//2349 916//2349 921//2349
f 1227//2350 921//2350 922//2350
f 1227//2351 1226//2351 916//2351
f 1228//2352 1227//2352 922//2352
f 1229//2353 922//2353 927//2353
f 1229//2354 1228//2354 922//2354
f 1230//2355 927//2355 928//2355
f 1230//2356 1229//2356 927//2356
f 1231//2357 928//2357 933//2357
f 1231//2358 933//2358 934//2358
f 1231//2359 1230//2359 928//2359
f 1232//2360 1231//2360 934//2360
f 1233//2361 1232//2361 934//2361
f 1233//2362 934//2362 939//2362
f 1234//2363 1233//2363 939//2363
f 1234//2364 939//2364 940//2364
f 1235//2365 1234//2365 940//2365
f 1235//2366 940//2366 945//2366
f 1236//2367 945//2367 946//2367
f 1236//2368 1235//2368 945//2368
f 1237//2369 946//2369 951//2369
f 1237//2370 1236//2370 946//2370
f 1238//2371 951//2371 952//2371
f 1238//2372 952//2372 957//2372
f 1238//2373 1237//2373 951//2373
f 1239//2374 1238//2374 957//2374
f 1240//2375 1239//2375 957//2375
f 1240//2376 957//2376 958//2376
f 1241//2377 958//2377 963//2377
f 1241//2378 963//2378 964//2378
f 1241//2379 1240//2379 958//2379
f 1242//2380 964//2380 969//2380
f 1242//2381 1241//2381 964//2381
f 1243//2382 1242//2382 969//2382
f 1244//2383 969//2383 970//2383
f 1244//2384 1243//2384 969//2384
f 1245//2385 970//2385 975//2385
f 1245//2386 1244//2386 970//2386
f 1246//2387 975//2387 976//2387
f 1246//2388 1245//2388 975//2388
f 1247//2389 976//2389 981//2389
f 1247//2390 1246//2390 976//2390
f 1248//2391 981//2391 982//2391
f 1248//2392 1247//2392 981//2392
f 1249//2393 982//2393 987//2393
f 1249//2394 1248//2394 982//2394
f 1250//2395 987//2395 988//2395
f 1250//2396 1249//2396 987//2396
f 1251//2397 988//2397 993//2397
f 1251//2398 1250//2398 988//2398
f 1252//2399 993//2399 994//2399
f 1252//2400 1251//2400 993//2400
f 1253//2401 994//2401 999//2401
f 1253//2402 999//2402 1000//2402
f 1253//2403 1252//2403 994//2403
f 1254//2404 1253//2404 1000//2404
f 1255//2405 1000//2405 1005//2405
f 1255//2406 1254//2406 1000//2406
f 1256//2407 1005//2407 1006//2407
f 1256//2408 1255//2408 1005//2408
f 1257//2409 1006//2409 1011//2409
f 1257//2410 1256//2410 1006//2410
f 1258//2411 1011//2411 1012//2411
f 1258//2412 1257//2412 1011//2412
f 1259//2413 1258//2413 1012//2413
f 1259//2414 1012//2414 1017//2414
f 1260//2415 1259//2415 1017//2415
f 1260//2416 1017//2416 1018//2416
f 1261//2417 1260//2417 1018//2417
f 1261//2418 1018//2418 1023//2418
f 1262//2419 1261//2419 1023//2419
f 1262//2420 1023//2420 1024//2420
f 1263//2421 1262//2421 1024//2421
f 1263//2422 1024//2422 1026//2422
f 1264//2423 1263//2423 1026//2423
f 1264//2424 1026//2424 1027//2424
f 1265//2425 1264//2425 1027//2425
f 1265//2426 1027//2426 1028//2426
f 1266//2427 1265//2427 1028//2427
f 1266//2428 1028//2428 661//2428
f 1267//2429 1266//2429 661//2429
f 1267//2430 661//2430 660//2430
f 1268//2431 1267//2431 660//2431
f 1268//2432 660//2432 662//2432
f 1269//2433 662//2433 670//2433
f 1269//2434 1268//2434 662//2434
f 1270//2435 670//2435 671//2435
f 1270//2436 1269//2436 670//2436
f 1271//2437 671//2437 679//2437
f 1271//2438 1270//2438 671//2438
f 1272//2439 679//2439 680//2439
f 1272//2440 1271//2440 679//2440
f 1273//2441 680//2441 685//2441
f 1273//2442 685//2442 686//2442
f 1273//2443 1272//2443 680//2443
f 1274//2444 1273//2444 686//2444
f 1275//2445 686//2445 691//2445
f 1275//2446 1274//2446 686//2446
f 1276//2447 691//2447 692//2447
f 1276//2448 1275//2448 691//2448
f 1277//2449 692//2449 697//2449
f 1277//2450 1276//2450 692//2450
f 1278//2451 697//2451 698//2451
f 1278//2452 1277//2452 697//2452
f 1279//2453 698//2453 703//2453
f 1279//2454 1278//2454 698//2454
f 1280//2455 703//2455 704//2455
f 1280//2456 1279//2456 703//2456
f 1281//2457 704//2457 709//2457
f 1281//2458 1280//2458 704//2458
f 1282//2459 709//2459 710//2459
f 1282//2460 1281//2460 709//2460
f 1283//2461 1282//2461 710//2461
f 1283//2462 710//2462 715//2462
f 1222//2463 1283//2463 715//2463
f 1222//2464 715//2464 716//2464
f 1221//2465 1222//2465 716//2465
f 1221//2466 716//2466 721//2466
f 1220//2467 1221//2467 721//2467
f 1220//2468 721//2468 722//2468
f 1219//2469 1220//2469 722//2469
f 1219//2470 722//2470 727//2470
f 1218//2471 1219//2471 727//2471
f 1218//2472 727//2472 728//2472
f 1217//2473 1218//2473 728//2473
f 1217//2474 728//2474 733//2474
f 1216//2475 1217//2475 733//2475
f 1216//2476 733//2476 734//2476
f 1215//2477 1216//2477 734//2477
f 1215//2478 734//2478 739//2478
f 1214//2479 1215//2479 739//2479
f 1214//2480 739//2480 740//2480
f 1213//2481 1214//2481 740//2481
f 1213//2482 740//2482 745//2482
f 1212//2483 1213//2483 745//2483
f 1212//2484 745//2484 746//2484
f 1211//2485 1212//2485 746//2485
f 1211//2486 746//2486 751//2486
f 1210//2487 1211//2487 751//2487
f 1210//2488 751//2488 752//2488
f 1209//2489 1210//2489 752//2489
f 1209//2490 752//2490 757//2490
f 1208//2491 1209//2491 757//2491
f 1208//2492 757//2492 758//2492
f 1207//2493 1208//2493 758//2493
f 1207//2494 758//2494 763//2494
f 1206//2495 1207//2495 763//2495
f 1206//2496 763//2496 764//2496
f 1205//2497 1206//2497 764//2497
f 1205//2498 764//2498 769//2498
f 1204//2499 1205//2499 769//2499
f 1204//2500 769//2500 770//2500
f 1203//2501 1204//2501 770//2501
f 1203//2502 770//2502 775//2502
f 1202//2503 775//2503 776//2503
f 1202//2504 1203//2504 775//2504
f 1201//2505 776//2505 781//2505
f 1201//2506 1202//2506 776//2506
f 1200//2507 781//2507 782//2507
f 1200//2508 1201//2508 781//2508
f 1199//2509 782//2509 787//2509
f 1199//2510 1200//2510 782//2510
f 1198//2511 787//2511 788//2511
f 1198//2512 1199//2512 787//2512
f 1197//2513 1198//2513 788//2513
f 1197//2514 788//2514 793//2514
f 1196//2515 1197//2515 793//2515
f 1196//2516 793//2516 794//2516
f 1195//2517 1196//2517 794//2517
f 1195//2518 794//2518 799//2518
f 1194//2519 1195//2519 799//2519
f 1194//2520 799//2520 800//2520
f 1193//2521 1194//2521 800//2521
f 1193//2522 800//2522 805//2522
f 1192//2523 1193//2523 805//2523
f 1192//2524 805//2524 806//2524
f 1191//2525 1192//2525 806//2525
f 1191//2526 806//2526 811//2526
f 1190//2527 1191//2527 811//2527
f 1190//2528 811//2528 812//2528
f 1189//2529 1190//2529 812//2529
f 1189//2530 812//2530 817//2530
f 1187//2531 1189//2531 817//2531
f 1187//2532 817//2532 818//2532
f 1185//2533 1187//2533 818//2533
f 1185//2534 818//2534 823//2534
f 1183//2535 1185//2535 823//2535
f 1183//2536 823//2536 824//2536
f 1181//2537 824//2537 829//2537
f 1181//2538 1183//2538 824//2538
f 1179//2539 829//2539 830//2539
f 1179//2540 1181//2540 829//2540
f 1177//2541 830//2541 835//2541
f 1177//2542 1179//2542 830//2542
f 1175//2543 835//2543 836//2543
f 1175//2544 1177//2544 835//2544
f 1173//2545 836//2545 841//2545
f 1173//2546 1175//2546 836//2546
f 1171//2547 841//2547 842//2547
f 1171//2548 1173//2548 841//2548
f 1169//2549 842//2549 847//2549
f 1169//2550 1171//2550 842//2550
f 1167//2551 847//2551 848//2551
f 1167//2552 1169//2552 847//2552
f 1165//2553 848//2553 853//2553
f 1165//2554 1167//2554 848//2554
f 1163//2555 853//2555 854//2555
f 1163//2556 1165//2556 853//2556
f 1162//2557 854//2557 859//2557
f 1162//2558 1163//2558 854//2558
f 1161//2559 859//2559 860//2559
f 1161//2560 1162//2560 859//2560
f 1164//2561 860//2561 865//2561
f 1164//2562 1161//2562 860//2562
f 1166//2563 1164//2563 865//2563
f 1166//2564 865//2564 866//2564
f 1168//2565 1166//2565 866//2565
f 1168//2566 866//2566 871//2566
f 1170//2567 1168//2567 871//2567
f 1170//2568 871//2568 872//2568
f 1172//2569 1170//2569 872//2569
f 1172//2570 872//2570 877//2570
f 1174//2571 877//2571 878//2571
f 1174//2572 1172//2572 877//2572
f 1176//2573 878//2573 883//2573
f 1176//2574 1174//2574 878//2574
f 1178//2575 883//2575 884//2575
f 1178//2576 1176//2576 883//2576
f 1180//2577 884//2577 889//2577
f 1180//2578 1178//2578 884//2578
f 1182//2579 889//2579 890//2579
f 1182//2580 1180//2580 889//2580
f 1184//2581 890//2581 894//2581
f 1184//2582 1182//2582 890//2582
f 1186//2583 894//2583 895//2583
f 1186//2584 1184//2584 894//2584
f 1188//2585 895//2585 897//2585
f 1188//2586 1186//2586 895//2586
f 1285//2587 897//2587 898//2587
f 1285//2588 1188//2588 897//2588
f 1284//2589 898//2589 676//2589
f 1284//2590 1285//2590 898//2590
f 1292//2591 1160//2591 1296//2591
f 1296//2592 1160//2592 1159//2592
f 1288//2593 1287//2593 1294//2593
f 1287//2594 1290//2594 1294//2594
f 1290//2595 1291//2595 1294//2595
f 1294//2596 1291//2596 1295//2596
f 1291//2597 1289//2597 1295//2597
f 1295//2598 1289//2598 1293//2598
f 1289//2599 1292//2599 1293//2599
f 1293//2600 1292//2600 1296//2600
